file;xml_id;form;action;neu_lemmaRef;neu_pos;regel;vergleichsform;vergleich_belege;ziel_lemma_form;begruendung;umfeld
WZB.tei.xml;WZB_100vb_22_5;ew̆ern;ANNOTATE;lexicon.xml#lemma_56117;POS;E;ewern;85 von 85;ir;in ew̆ern geperungen vnd wonungen;vnserm herren in ewigem rechten in [[ew̆ern]] geperungen vnd wonungen Weder die veisticheit
WZB.tei.xml;WZB_108ra_17_6;Ew̆er;ANNOTATE;lexicon.xml#lemma_56117;POS;E;ewer;293 von 293;ir;der czorn Ew̆er bruder;dise schar ouf gee der czorn [[Ew̆er]] bruder vnd alles ysrahelischs hous sullen
WZB.tei.xml;WZB_10vb_3_3;strew̆te;REVIEW;;;;strewte;;;Form ohne Breve in der WZB nirgends annotiert;aller erden vnd von danne zu [[strew̆te]] sie vnser herre auf die gestalt
WZB.tei.xml;WZB_11rb_2_3;vnd;ANNOTATE;lexicon.xml#lemma_6467;CCNJ;E;vnd;8807 von 8807;und;des vaters vnd melcha vnd des vaters, und;hausvrowe die tochter ESIS des vaters [[vnd]] melcha vnd des vaters Aber di
WZB.tei.xml;WZB_12ra_10_4;hausvrow̆;ANNOTATE;lexicon.xml#lemma_2938;NOM;E;hausvrow;5 von 5;hûsvrouwe;vnd sein hausvrow̆ vnd alles das er hette;beleiten in von dannen vnd sein [[hausvrow̆]] vnd alles das er hette Ouf
WZB.tei.xml;WZB_133ra_31_4;Wenn̆;ANNOTATE;lexicon.xml#lemma_7385;SCNJ;E;wenn;2 von 2;wan;Wenn̆ meyn ist alle erste gepurt, denn;vnder den Und mein werden die [[Wenn̆]] meyn ist alle erste gepurt do
WZB.tei.xml;WZB_148rb_8_6;Wenn̆;ANNOTATE;lexicon.xml#lemma_7385;SCNJ;E;wenn;2 von 2;wan;sprich zu in Wenn̆ ir ein geczogen seit;Rede zu vnd sprich zu in [[Wenn̆]] ir ein geczogen seit in die
WZB.tei.xml;WZB_148vb_18_7;Wenn̆;ANNOTATE;lexicon.xml#lemma_7385;SCNJ;E;wenn;2 von 2;wan;Wenn̆ sie nicht von willen habn gesunt;menge vnd wirt in vor geben [[Wenn̆]] sie nicht von willen habn gesunt
WZB.tei.xml;WZB_193va_7_4;new̆;ANNOTATE;lexicon.xml#lemma_4390;ADJ;E;new;2 von 2;niuwe;der new̆ kvmene, wie new kvmene in WZB_193rb_26_0 (ADJ);dein mait Ouch der vnd der [[new̆]] kvmene vnd der waise vnd die
WZB.tei.xml;WZB_196va_35_1;new̆es;ANNOTATE;lexicon.xml#lemma_4390;ADJ;E;newes;5 von 5;niuwe;ein new̆es hous;do hat angehabn zu bowen ein [[new̆es]] hous vnd hat NOMIUS das nicht
WZB.tei.xml;WZB_1ra_20_1;stew̆er;ANNOTATE;lexicon.xml#lemma_5779;NOM;E;stewer;2 von 2;stiure;sendest mir Deiner gnaden stew̆er, stiure (Hilfe);das du sendest mir Deiner gnaden [[stew̆er]] Des heiligen geistes fewer Das mein
WZB.tei.xml;WZB_203ra_2_1;new̆komen;ANNOTATE;lexicon.xml#lemma_8598;VRB;E;newkomen;7 von 7;niuwekomen;der new̆komen der mit dir ist;du vnd der vnd DEUTRO der [[new̆komen]] der mit dir ist Wenne du
WZB.tei.xml;WZB_204ra_10_2;new̆komen;ANNOTATE;lexicon.xml#lemma_8598;VRB;E;newkomen;7 von 7;niuwekomen;das gerichte des new̆komen vnd des waisen;der do vorkert das gerichte des [[new̆komen]] vnd des waisen vnd der witwen
WZB.tei.xml;WZB_206ra_7_0;strew̆et;ANNOTATE;lexicon.xml#lemma_5827;VRB;E;strewet;6 von 6;ströuwen;bis her dich czu strew̆et vnd vorterbet;vnd schafhert bis her dich czu [[strew̆et]] vnd vorterbet in allen deinen stetin
WZB.tei.xml;WZB_208rb_37_3;wenn̆e;ANNOTATE;lexicon.xml#lemma_7385;SCNJ;E;wenne;842 von 842;wan;wenn̆e wider DEUTRO keren wirt vnser herre;erden vnd in aller dinge mildicheit [[wenn̆e]] wider DEUTRO keren wirt vnser herre
WZB.tei.xml;WZB_219ra_24_4;mow̆ern;ANNOTATE;lexicon.xml#lemma_4220;NOM;E;mowern;7 von 7;mûre;di mow̆ern der stat alczuhant nider vilen;erhale vnd schreiende alles volk di [[mow̆ern]] der stat alczuhant nider vilen Und
WZB.tei.xml;WZB_21ra_36_4;iuncvrow̆;REVIEW;;;;iuncvrow;;;Form ohne Breve in der WZB nirgends annotiert;gar ein mait vnd ein schŏne [[iuncvrow̆]] SIS vnd manne noch vnbekant Und
WZB.tei.xml;WZB_21va_19_0;hew̆es;REVIEW;;;;hewes;;;Form ohne Breve in der WZB nirgends annotiert;sie sprach mer Und futers vnd [[hew̆es]] ist zu vns vnd ein weiter
WZB.tei.xml;WZB_222va_24_4;new̆komen;ANNOTATE;lexicon.xml#lemma_8598;VRB;E;newkomen;7 von 7;niuwekomen;vnd den new̆komen die do wonten vnder yn;vrowen vnd den iungen vnd den [[new̆komen]] die do wonten vnder yn DO
WZB.tei.xml;WZB_222va_7_2;new̆komen;ANNOTATE;lexicon.xml#lemma_8598;VRB;E;newkomen;7 von 7;niuwekomen;als der new̆komen also der lantman;des frides vnsers herren als der [[new̆komen]] also der lantman Ir halben teil
WZB.tei.xml;WZB_223ra_21_1;new̆e;ANNOTATE;lexicon.xml#lemma_4390;ADJ;E;newe;3 von 3;niuwe;Die weinkufel fulte wir new̆e;zu vallen Die weinkufel fulte wir [[new̆e]] Nu sint sie czubrochen vnd entrennet
WZB.tei.xml;WZB_22va_18_7;housvrow̆;ANNOTATE;lexicon.xml#lemma_2938;NOM;E;housvrow;32 von 32;hûsvrouwe;vnd sei ein housvrow̆ deines herren svn;ouff vnd czeuch vnd sei ein [[housvrow̆]] deines herren svn als vnser herre
WZB.tei.xml;WZB_233vb_15_4;gemaw̆erte;REVIEW;;;;gemawerte;;;Form ohne Breve in der WZB nirgends annotiert;gegen der svnnen oufgank gar wol [[gemaw̆erte]] stete vnd vnd vnd vnd vnd
WZB.tei.xml;WZB_236rb_2_5;ew̆ern;ANNOTATE;lexicon.xml#lemma_56117;POS;E;ewern;85 von 85;ir;rue vnd fried ew̆ern brudern;IOSUE hat gegeben rue vnd fried [[ew̆ern]] brudern als er hat gelobet Keret
WZB.tei.xml;WZB_238ra_5_3;strew̆en;ANNOTATE;lexicon.xml#lemma_5827;VRB;E;strewen;6 von 6;ströuwen;wirt sie zu strew̆en vnd ouf heben;Ewer herre got wirt sie zu [[strew̆en]] vnd ouf heben vor ewer angesicht
WZB.tei.xml;WZB_26rb_2_6;taw̆;ANNOTATE;lexicon.xml#lemma_6154;NOM;E;taw;3 von 3;tou;von dem taw̆ des himels;Gebe dir vnser herre von dem [[taw̆]] des himels vnd von der veisticheit
WZB.tei.xml;WZB_28rb_2_7;vnd;ANNOTATE;lexicon.xml#lemma_6467;CCNJ;E;vnd;8807 von 8807;und;bist mein bein vnd bist mein, und;SIS her Du bist mein bein [[vnd]] bist mein bein vnd bist mein
WZB.tei.xml;WZB_34va_6_2;Ew̆er;ANNOTATE;lexicon.xml#lemma_56117;POS;E;ewer;293 von 293;ir;Ew̆er tŏchter gebt vns;czu samen mit ein ander brawtschaft [[Ew̆er]] tŏchter gebt vns vnd vnser tŏchter
WZB.tei.xml;WZB_34va_9_6;bow̆t;REVIEW;;;;bowt;;;Form ohne Breve in der WZB nirgends annotiert;erde die ist in ewerr gewalt [[bow̆t]] sie vnd koufslagit Und besitczet sie
WZB.tei.xml;WZB_37ra_26_2;housvrow̆;ANNOTATE;lexicon.xml#lemma_2938;NOM;E;housvrow;32 von 32;hûsvrouwe;vnd sein housvrow̆ was genant;seiner stat namen was vnd sein [[housvrow̆]] was genant die tochter tochter Dicz
WZB.tei.xml;WZB_42vb_3_7;etwenn̆;REVIEW;;;;etwenn;;;Form ohne Breve in der WZB nirgends annotiert;Und sprach zu in Muge wir [[etwenn̆]] vinden einen semelichen man der do
WZB.tei.xml;WZB_44va_3_0;Ew̆err;ANNOTATE;lexicon.xml#lemma_56117;POS;E;ewerr;31 von 31;ir;Ew̆err bruder einen laset ir bei mir;ich euch ob ir fridsam seit [[Ew̆err]] bruder einen laset ir bei mir
WZB.tei.xml;WZB_44vb_9_4;beschow̆et;ANNOTATE;lexicon.xml#lemma_571;VRB;E;beschowet;6 von 6;beschouwen;Ir beschow̆et nicht mein angesichte;dem geczeugnusse eines gesworen eides Ir [[beschow̆et]] nicht mein angesichte ir brenget denne
WZB.tei.xml;WZB_46vb_33_2;min̆ster;REVIEW;;;;minster;;;Form ohne Breve in der WZB nirgends annotiert;mugen nicht geczihen Ist das vnser [[min̆ster]] bruder mit vns czeuhet so czihe
WZB.tei.xml;WZB_47ra_22_3;trew̆;REVIEW;;;;trew;;;Form ohne Breve in der WZB nirgends annotiert;Wenne ich disen iungen ouf mein [[trew̆]] hab genomen Und hab gelobet sprechende
WZB.tei.xml;WZB_54ra_18_1;bow̆te;REVIEW;;;;bowte;;;Form ohne Breve in der WZB nirgends annotiert;die hebammen vnsern herren vorchten dorumbe [[bow̆te]] her in heuser N Nu gepot
WZB.tei.xml;WZB_61vb_18_5;strew̆;REVIEW;;;;strew;;;Form ohne Breve in der WZB nirgends annotiert;vol aschen ous dem ouen vnd [[strew̆]] die in den himel vor hern
WZB.tei.xml;WZB_64vb_28_6;Ew̆er;ANNOTATE;lexicon.xml#lemma_56117;POS;E;ewer;293 von 293;ir;Ew̆er lenden sult ir gurten;few̆er Also sult ir in essen [[Ew̆er]] lenden sult ir gurten vnd schu
WZB.tei.xml;WZB_65ra_13_4;ew̆ern;ANNOTATE;lexicon.xml#lemma_56117;POS;E;ewern;85 von 85;ir;in ew̆ern geslechten;vnd sult in veiern herlichn in [[ew̆ern]] geslechten ewiges dienstes Siben tage sult
WZB.tei.xml;WZB_65ra_9_3;strew̆ende;REVIEW;;;;strewende;;;Form ohne Breve in der WZB nirgends annotiert;euch wirt kein pflage nicht zu [[strew̆ende]] wenne ich slahe Und den tag
WZB.tei.xml;WZB_67ra_25_6;berew̆te;REVIEW;;;;berewte;;;Form ohne Breve in der WZB nirgends annotiert;ist wenende das sies leichte icht [[berew̆te]] wenne sie streite sehen entsten gegen
WZB.tei.xml;WZB_6rb_30_2;vnd;ANNOTATE;lexicon.xml#lemma_6467;CCNJ;E;vnd;8807 von 8807;und;dreissig vnd nevn hundert iar vnd geperte, und;lebte dreissig vnd nevn hundert iar [[vnd]] geperte vnd starp Und der lebte
WZB.tei.xml;WZB_72va_21_2;vrew̆te;REVIEW;;;;vrewte;;;Form ohne Breve in der WZB nirgends annotiert;erledigt hette vnser herre Und der [[vrew̆te]] sich DUS vber alle die gut
WZB.tei.xml;WZB_75rb_7_1;bow̆e;REVIEW;;;;bowe;;;Form ohne Breve in der WZB nirgends annotiert;mir eynen steineinen alter machest nicht [[bow̆e]] den mit gehowen steinen Wenne ist
WZB.tei.xml;WZB_76vb_35_2;iuncvrow̆;REVIEW;;;;iuncvrow;;;Form ohne Breve in der WZB nirgends annotiert;sein arbeit Ist das ymant ein [[iuncvrow̆]] enpfurt die noch nicht ist vortrew̆et
WZB.tei.xml;WZB_76vb_36_4;vortrew̆et;REVIEW;;;;vortrewet;;;Form ohne Breve in der WZB nirgends annotiert;iuncvrow̆ enpfurt die noch nicht ist [[vortrew̆et]] vnd slefet bei ir der sol
WZB.tei.xml;WZB_78rb_5_6;bow̆o;REVIEW;;;;bowo;;;Form ohne Breve in der WZB nirgends annotiert;gŏte noch bowe ir nicht Nicht [[bow̆o]] ir werk svnder stŏre sie vnd
WZB.tei.xml;WZB_84vb_4_3;vngesow̆erteigtes;REVIEW;;;;vngesowerteigtes;;;Form ohne Breve in der WZB nirgends annotiert;vngemeiligte wider vnd osterbrot Und ein [[vngesow̆erteigtes]] crustilbrot das do besprenget sei mit
WZB.tei.xml;WZB_88ra_33_2;ew̆ern;ANNOTATE;lexicon.xml#lemma_56117;POS;E;ewern;85 von 85;ir;in ew̆ern geperungen;czwischen mir vnd czwisschen euch in [[ew̆ern]] geperungen so das ir wisset wenne
WZB.tei.xml;WZB_90ra_20_7;strew̆e;REVIEW;;;;strewe;lemma_22461 NOM x1;;"strewe ist in der WZB nur stroeuwe NOM (WZB_150vb_13_3), am Vers Verb (das ich dich icht zu strew̆e); Vorschlag lemma_5827 VRB wie czu strewet (WZB_206ra_7_0)";halses das ich dich icht zu [[strew̆e]] an dem wege Und do das
WZB.tei.xml;WZB_93va_10_3;new̆e;ANNOTATE;lexicon.xml#lemma_4390;ADJ;E;newe;3 von 3;niuwe;kvnnen vinden ouch new̆e;allerlei dink vnd kvnnen vinden ouch [[new̆e]] Nu machte dorumme vnd vnd ein
