xml:id	Sigle	Form	Kontext	Einstufung	Begründung
ADP_3105000_0	ADP	gebain	ze genaden . hie ist siner hailigen friünde [[gebain]] . hie ist div genad . allen den	Reliquie/Heilige	Gebein "siner hailigen friünde"
ADP_4117900_4	ADP	gebein	getennet an das kriuz das man alles sin [[gebein]] môcht han gezellet dur sin hut . vnd	menschlich	Christus am Kreuz
ADP_4122600_12	ADP	gebein	und die leben und die adren und das [[gebein]] und das marg . und alle der lib	menschlich	Mensch: eigener oder fremder Körper bzw. Gebeine Verstorbener, Besitzer im Kontext ein Mensch (sîn/mîn/dîn, Gott/Christus, die Toten)
ADP_6831200_4	ADP	gebein	wenne der heilig geist dur rueffet der toten [[gebein]] . so erstant diser mônschen gebein und stant	menschlich	Mensch: eigener oder fremder Körper bzw. Gebeine Verstorbener, Besitzer im Kontext ein Mensch (sîn/mîn/dîn, Gott/Christus, die Toten)
ADP_6831200_10	ADP	gebein	der toten gebein . so erstant diser mônschen [[gebein]] und stant uf ir grebren und wartent was	menschlich	Mensch: eigener oder fremder Körper bzw. Gebeine Verstorbener, Besitzer im Kontext ein Mensch (sîn/mîn/dîn, Gott/Christus, die Toten)
ADP_6832800_8	ADP	gebein	sprechen war umbe erstat niut won das toten [[gebein]] und niut das fleisch . nein min kint	menschlich	Mensch: eigener oder fremder Körper bzw. Gebeine Verstorbener, Besitzer im Kontext ein Mensch (sîn/mîn/dîn, Gott/Christus, die Toten)
ADP_6833600_1	ADP	gebein	bedarf es niut erstan niut won allein das [[gebein]] der toten wirt dur rueffet von dem heiligen	menschlich	Mensch: eigener oder fremder Körper bzw. Gebeine Verstorbener, Besitzer im Kontext ein Mensch (sîn/mîn/dîn, Gott/Christus, die Toten)
ADP_8303700_10	ADP	gibeine	er lvtte do sin heilich geist uon sinime [[gibeine]] schiet . dur den antlaz da er uns	menschlich	Christus, Tod
ADP_8401900_11	ADP	gibeine	was . do du herre crist din heilic [[gibeine]] . zvo der martire gabe . dur die	menschlich	Christus, Passion
AMI_972_3	AMI	gebeine	. den az er alterseine und behielt daz [[gebeine]] . do daz liut allez slafen quam ,	tierisch	Hahn (Vogel): "der han wart tot ... den az er und behielt daz gebeine"
AX_670_3	AX	gebeine	wênic und vil kleine . niht anders wan [[gebeine]] was an im und diu hût dar obe	menschlich	abgemagerter Mensch
AXR_1060500_4	AXR	gebeine	wîssage begraben was , und hiez dô sîn [[gebeine]] das heileg und daz reine nemen unde bringen	Reliquie/Heilige	Gebeine eines begrabenen Propheten ("das heileg und das reine"), erhoben
AXS_4330000_5	AXS	gebeine	si haben . si ne hânt in ir [[gebeine]] , nû merket , waz ih meine ,	tierisch	Elefanten: "si brahten manich elfent ... si ne hant in ir gebeine nieren nehein marc"
AXS_4368000_4	AXS	gebeine	mach iz niht gebôgen an den schenkelen sîn [[gebeine]] . iz ist vil harte reine an allen	tierisch	Elefant ("iz ne hat niht knieschiben"): Gebeine des Tiers
AXU_4987_3	AXU	gebeine	triuwe was niht clein , dier ze dem [[gebeine]] truoc . < unsaelic sî der ie gesluoc	menschlich	Gebeine des erschlagenen Darius
AXU_9452_3	AXU	gebeine	den helm und daz gesteine durch des houptes [[gebeine]] , dâ von im lebens lege flôch .	menschlich	Mensch: eigener oder fremder Körper bzw. Gebeine Verstorbener, Besitzer im Kontext ein Mensch (sîn/mîn/dîn, Gott/Christus, die Toten)
AXU_22067_1	AXU	gebeine	sluogen ir ab ein michel vach . der [[gebeine]] hiez er mit im nemen und ouch ir	tierisch	erlegte Tiere (Elefanten): Gebeine und Zähne für einen Thron (Elfenbein)
AXU_23544_3	AXU	gebeine	ez samente der zagheit eine gar des orses [[gebeine]] und hiez daz bewinden mit sîdînen tuochen linden	tierisch	Pferd: "des orses gebeine", in ein Grab gefügt (Rosskadaver)
AXU_25203_3	AXU	gebeine	ze den vriunden în : sô wirt daz [[gebeine]] über naht alsô reine , als ob daz	menschlich	Menschen im Land, Fleisch schwindet, Gebeine rein
AXU_27215_1	AXU	gebeine	, sie wolden ze ir landen hân sîn [[gebeine]] und daz êren , vlîz dar an kêren	menschlich	Gebeine Alexanders
AXU_27220_2	AXU	gebeine	grap . die sorgen rîche reine lûterte sîn [[gebeine]] , ez verbarc die saeldenrîche in ir clûs	menschlich	Gebeine Alexanders
BAR_1829_1	BAR	gebeine	dô hiez er in die schrîne tragen tôten [[gebeine]] , ervûlet unde unreine . den was daz	menschlich	Mensch: eigener oder fremder Körper bzw. Gebeine Verstorbener, Besitzer im Kontext ein Mensch (sîn/mîn/dîn, Gott/Christus, die Toten)
BAR_1832_2	BAR	gebeine	was daz âs mit swacher kraft an daz [[gebeine]] behaft , daz als unreines smackes phlac ,	menschlich	Mensch: eigener oder fremder Körper bzw. Gebeine Verstorbener, Besitzer im Kontext ein Mensch (sîn/mîn/dîn, Gott/Christus, die Toten)
BAR_2941_4	BAR	gebeine	heiliger lîbe vil , den ê slief daz [[gebeine]] . dô spielten sich die steine ; der	Reliquie/Heilige	"heiliger lîbe vil, den ê slief daz gebeine"
BAR_4549_2	BAR	gebeine	gotes lêre sint ir wort . ir heilegez [[gebeine]] guot , edel unde reine , ist uns	Reliquie/Heilige	"ir heilegez gebeine"
BAR_6490_3	BAR	gebeine	, dünn unde kleine , swarz über ein [[gebeine]] . dô jôsaphâte wart erkant sîn armer lîp	menschlich	Mensch: eigener oder fremder Körper bzw. Gebeine Verstorbener, Besitzer im Kontext ein Mensch (sîn/mîn/dîn, Gott/Christus, die Toten)
BAR_7782_3	BAR	gebeine	herze was vil reine , der truoc heilic [[gebeine]] , daz si wolten bî in hân ,	Reliquie/Heilige	"truoc heilic gebeine"
BAR_15634_3	BAR	gebeine	sîn heilic sêle reine . dô ruowete sîn [[gebeine]] ; sîn reiner geist enphangen wart in sîner	menschlich	Barlaams Tod (Heiliger, aber keine Reliquie)
BDK_310705110_3	BDK	gebeine	er si muoste lâzen . moyses gruop josephes [[gebeine]] ûz unde fuor heimlîch ûz egipten . dô	Reliquie/Heilige	Gebeine Josephs, von Moses aus Ägypten mitgenommen (biblisch, überführt)
BVSN_40060_8	BVSN	gepain	hât von oben herab ain feur in mein [[gepain]] gesant und leret mich . dicz sieden und	menschlich	Mensch: eigener oder fremder Körper bzw. Gebeine Verstorbener, Besitzer im Kontext ein Mensch (sîn/mîn/dîn, Gott/Christus, die Toten)
BVSN_46210_2	BVSN	gepain	contempliren spricht der chunig david : allez mein [[gepain]] spricht , nieman herr ist dir geleich .	menschlich	Mensch: eigener oder fremder Körper bzw. Gebeine Verstorbener, Besitzer im Kontext ein Mensch (sîn/mîn/dîn, Gott/Christus, die Toten)
CLV_275113510_6	CLV	gebeyne	vleissches an dem lyue hiengen vnd man dat [[gebeyne]] sach vnd dat bloit ouer dat gebeyne vlous	menschlich	Mensch: eigener oder fremder Körper bzw. Gebeine Verstorbener, Besitzer im Kontext ein Mensch (sîn/mîn/dîn, Gott/Christus, die Toten)
CLV_275113520_0	CLV	gebeyne	dat gebeyne sach vnd dat bloit ouer dat [[gebeyne]] vlous . vnd darna namen sy in van	menschlich	Mensch: eigener oder fremder Körper bzw. Gebeine Verstorbener, Besitzer im Kontext ein Mensch (sîn/mîn/dîn, Gott/Christus, die Toten)
CLV_275123630_11	CLV	gebeyne	heufft so vaste , dat sy durch dat [[gebeyne]] drungen vff dat dunne uelle der hyrnnen .	menschlich	Mensch: eigener oder fremder Körper bzw. Gebeine Verstorbener, Besitzer im Kontext ein Mensch (sîn/mîn/dîn, Gott/Christus, die Toten)
CLV_276124250_4	CLV	gebeyne	schos vnd eyn wudende smertze durch alle syne [[gebeyne]] vnd durch alle syne nature . darvmb daden	menschlich	Mensch: eigener oder fremder Körper bzw. Gebeine Verstorbener, Besitzer im Kontext ein Mensch (sîn/mîn/dîn, Gott/Christus, die Toten)
CLV_277225170_6	CLV	gebeyne	do quam eyne doit gicht in alle ir [[gebeyne]] , vnd in allet dat bloit irre aderen	menschlich	Mensch: eigener oder fremder Körper bzw. Gebeine Verstorbener, Besitzer im Kontext ein Mensch (sîn/mîn/dîn, Gott/Christus, die Toten)
CLV_280116400_3	CLV	gebeyne	die geleder van eyn ander gewydet vnd dat [[gebeyne]] zo schrundelt an dem lyue . vnd do	menschlich	Mensch: eigener oder fremder Körper bzw. Gebeine Verstorbener, Besitzer im Kontext ein Mensch (sîn/mîn/dîn, Gott/Christus, die Toten)
CR_181_2	CR	gebeine	quan nêre was ein grôzer man mit michelem [[gebeine]] unt sîn muoter kleine dô wunderte in alle	menschlich	Mensch: eigener oder fremder Körper bzw. Gebeine Verstorbener, Besitzer im Kontext ein Mensch (sîn/mîn/dîn, Gott/Christus, die Toten)
CRO_1514900_2	CRO	gebeynes	der was es einhalb vol , vnd vil [[gebeynes]] da bij , das alles gar was fleisches	menschlich	Gebeine von Rittern, vom Tier getötet ("ritter gewesen, die von dem tier waren verdorben")
DA_3492_3	DA	gebeine	, wâren sie sô kleine daz er sîn [[gebeine]] dannoch ganz haete , ern wolde ûz sîner	menschlich	Mensch ("sîn gebeine")
DES2_91242060_3	DES2	gepein	den rans die hut lassen vnd löse beyde [[gepein]] vnd fleisch abe vnd alles das es in	tierisch	Kochrezept, "ferhelin das dryer wochen alt sy": Ferkel, Knochen auslösen
DJEM_190113_2	DJEM	gebeine	uns mensche unde erdesche gast . vleisch unde [[gebeine]] nam her gemeine . nimmer me keine wirt	menschlich	Mensch: eigener oder fremder Körper bzw. Gebeine Verstorbener, Besitzer im Kontext ein Mensch (sîn/mîn/dîn, Gott/Christus, die Toten)
DJUM_213809_3	DJUM	gebeine	hin . der worme sin nagent daz min [[gebeine]] . nü merkent , wie ich daz meine	menschlich	Mensch: eigener oder fremder Körper bzw. Gebeine Verstorbener, Besitzer im Kontext ein Mensch (sîn/mîn/dîn, Gott/Christus, die Toten)
DRE_177_1	DRE	gepain	vein , es muoß dannocht edler sein das [[gepain]] , das darin ligt . der adel das	unklar	Würfel aus Gebein, bleibt in der Kehle stecken: Herkunft des Knochens nicht genannt
DRE_180_1	DRE	gepain	. das silber auch nicht geleichen mag dem [[gepain]] , als ich ew sag , wann des	unklar	wie DRE_177_1 (Würfelknochen, Herkunft offen)
DRE_181_2	DRE	gepain	, als ich ew sag , wann des [[gepain]] der würfel guot ainem ritter hochgemuot , edel	unklar	wie DRE_177_1 (Würfelknochen, Herkunft offen)
EHB_21242200_10	EHB	gepaine	vnd vngestalt , hat sie auch nit mit [[gepaine]] erfüllet , sunder das mittel gehalten , das	menschlich	Anatomie des Menschen (Ohren)
EHB_21251070_8	EHB	gepainen	dieselben zubehalden vnd decken , vnd von den [[gepainen]] , dem marcke darinnen vnd von den adern	menschlich	Anatomie des Menschen ("des menschen")
EIH_16570_5	EIH	gebain	im der serpant das röß bis vff das [[gebain]] an in lieff do der held rain ,	tierisch	Pferd: "brant im der serpant das roß bis vff das gebain"
ENE_24970_4	ENE	gebeine	allem ir lîbe , von fleische und von [[gebeine]] . dô was si worden kleine , doch	menschlich	Mensch: eigener oder fremder Körper bzw. Gebeine Verstorbener, Besitzer im Kontext ein Mensch (sîn/mîn/dîn, Gott/Christus, die Toten)
ENE_120410_4	ENE	gebeine	ze teile werden , dîn fleisch und dîn [[gebeine]] . dû geligest aleine alles dînes kunnes .	menschlich	Mensch: eigener oder fremder Körper bzw. Gebeine Verstorbener, Besitzer im Kontext ein Mensch (sîn/mîn/dîn, Gott/Christus, die Toten)
ER_143000_2	ER	gebeine	sîn brust starc unde breit , mit ganzem [[gebeine]] , ze grôz noch ze kleine . sîn	tierisch	Pferdebeschreibung ("so schoener phert", "sîn man, brust ... ganzem gebeine")
ER_735600_2	ER	gebeine	starc und wît zen brüsten : mit dürrem [[gebeine]] , ze grôz noch ze kleine : diu	tierisch	Pferdebeschreibung ("als einem tiere ufreht", kurzen vezzel)
FLG_2301220_7	FLG	gebein	mir entvallet , min bluot vertrukent , min [[gebein]] kellet , min adern krimpfent und min herze	menschlich	Mensch: eigener oder fremder Körper bzw. Gebeine Verstorbener, Besitzer im Kontext ein Mensch (sîn/mîn/dîn, Gott/Christus, die Toten)
FLG1_4135180940_2	FLG1	gebeine	gottes lobe ze allen dingen . dis tieres [[gebeine]] ist eins edelen visches grat , da machet	tierisch	"dis tieres gebeine ist eins edelen visches grat": Fisch (kein Säugetier)
FLG1_7297500040_7	FLG1	gebein	mitte ruerest ane underlas , die alles min [[gebein]] und alle min aderen und alles min vleisch	menschlich	Mensch: eigener oder fremder Körper bzw. Gebeine Verstorbener, Besitzer im Kontext ein Mensch (sîn/mîn/dîn, Gott/Christus, die Toten)
FLO_2760_3	FLO	gebeine	, dürre , cleine . er hâte starc [[gebeine]] hôhevizzelîchen fuoz . im hâte missewende buoz diu	tierisch	Pferdebeschreibung (sweif, lanken, goffen, hôhevizzelîch fuoz)
FR3_111211040670_4	FR3	gebein	vor langer fart : < sie zalten sin [[gebein]] > , er sprach im salter . wer	menschlich	Mensch: eigener oder fremder Körper bzw. Gebeine Verstorbener, Besitzer im Kontext ein Mensch (sîn/mîn/dîn, Gott/Christus, die Toten)
FVS_209_8	FVS	gebeine	der mensche muoz zer werlde hie vleisch und [[gebeine]] lan und dar nach ewiclich der lip mit	menschlich	Mensch: eigener oder fremder Körper bzw. Gebeine Verstorbener, Besitzer im Kontext ein Mensch (sîn/mîn/dîn, Gott/Christus, die Toten)
GR_3445_3	GR	gebeine	vleisch , nû zuo gevallen unz an daz [[gebeine]] : er was sô glîche kleine an beinen	menschlich	Mensch: eigener oder fremder Körper bzw. Gebeine Verstorbener, Besitzer im Kontext ein Mensch (sîn/mîn/dîn, Gott/Christus, die Toten)
GR_3463_2	GR	gebeine	: man möhte im sam gereite allez sîn [[gebeine]] grôz unde kleine haben gezalt durch sîne hût	menschlich	Mensch: eigener oder fremder Körper bzw. Gebeine Verstorbener, Besitzer im Kontext ein Mensch (sîn/mîn/dîn, Gott/Christus, die Toten)
GRG_51610_2	GRG	gebeine	an gedenke , heiliger geist : heiz diz [[gebeine]] ûf stên und gesunt her für gên .	menschlich	Auferweckung der Siebenschläfer
GS_1005_4	GS	gebeine	der unser vleisch unwirdisch mit bluote und mit [[gebeine]] zuo sînem geiste reine schône über sîne forme	menschlich	Mensch: eigener oder fremder Körper bzw. Gebeine Verstorbener, Besitzer im Kontext ein Mensch (sîn/mîn/dîn, Gott/Christus, die Toten)
GS_1672_4	GS	gebeine	sun al eine . daz vleisch und daz [[gebeine]] , daz er von dînem lîbe enpfie ,	menschlich	Mensch: eigener oder fremder Körper bzw. Gebeine Verstorbener, Besitzer im Kontext ein Mensch (sîn/mîn/dîn, Gott/Christus, die Toten)
GS_1746_0	GS	gebeine	des meres vlüete sî griezes unde sandes . [[gebeine]] des helfandes , dar ûz der trôn gemachet	tierisch	"gebeine des helfandes, dar ûz der trôn gemachet": Elefant (Elfenbein)
GSP_805000_9	GSP	gebeine	hut lazzen . vnd loese beide fleisch vnd [[gebeine]] abe vnd allez daz ez in dem libe	tierisch	Kochrezept, Ferkel "drier wuochen alt": Fleisch und Gebeine ablösen
GWTK_69110398400_1	GWTK	gebaine	den brüsten waz es michel gar , sin [[gebaine]] wandels bar , kurlich , hoche und frech	tierisch	Reittier ("castalan", Brüste, Gebein "an der Farbe als ain bech")
GWTK_124210727000_1	GWTK	gebaine	dich nütt schaides von dem staine : müdiu [[gebaine]] gewinstu niemer , daz du luffest iemer .	menschlich	Läufer ("müdiu gebaine")
HBR_131100_3	HBR	gebeine	lemberslint , für wâr , si rouchet dîn [[gebeine]] , diu guote und diu reine . ob	menschlich	Gebeine eines Toten am Grab
HTR_24450_6	HTR	gebeine	menschen hiute und sint als ich fleisch und [[gebeine]] : diu wîhe machet ir keinen reine denne	menschlich	Mensch: eigener oder fremder Körper bzw. Gebeine Verstorbener, Besitzer im Kontext ein Mensch (sîn/mîn/dîn, Gott/Christus, die Toten)
HTR_78950_6	HTR	gebein	sîns bluotes und derret sîn marc und sîn [[gebein]] und machet sîn herze sô gar unrein ,	menschlich	Mensch: eigener oder fremder Körper bzw. Gebeine Verstorbener, Besitzer im Kontext ein Mensch (sîn/mîn/dîn, Gott/Christus, die Toten)
HTR_116620_4	HTR	gebeine	mit dem grôzen steine fleisch , âdern und [[gebeine]] und daz vil lihte ein rippe brichet .	menschlich	Mensch: eigener oder fremder Körper bzw. Gebeine Verstorbener, Besitzer im Kontext ein Mensch (sîn/mîn/dîn, Gott/Christus, die Toten)
HTR_145890_5	HTR	gebeine	si wêr vol gifte in fleische und in [[gebeine]] und ir gesihte wêr sô unreine . swen	menschlich	Mensch: eigener oder fremder Körper bzw. Gebeine Verstorbener, Besitzer im Kontext ein Mensch (sîn/mîn/dîn, Gott/Christus, die Toten)
HTR_193190_2	HTR	gebeine	als man ofte leider siht ! des lewen [[gebeine]] ist âne marc , wenne er von grôzer	tierisch	"des lewen gebeine": Löwe
HTR_194520_6	HTR	gebeine	kleine , swie grôz ir fleisch und ir [[gebeine]] werdent , swenne si sint volkumen . swer	tierisch	Bärenjunge ("der ber ... diu jungen ... ir fleisch und ir gebeine")
HTR_201620_3	HTR	gebeine	hât armenîe daz lant , der holz , [[gebeine]] und ouch gewant ze steine machet sâ zehant	unklar	Brunnen, der "holz, gebeine und gewant" versteint: Art der Gebeine offen
HTR_207990_5	HTR	gebein	suochen wil . sint diu wîp fleisch und [[gebein]] , sô sint die man weder holz noch	menschlich	Mensch: eigener oder fremder Körper bzw. Gebeine Verstorbener, Besitzer im Kontext ein Mensch (sîn/mîn/dîn, Gott/Christus, die Toten)
HTR_214570_5	HTR	gebein	vinde hiute : die fleisch do wâren und [[gebein]] , die sint nu holz , erde und	menschlich	versteinerte Menschen
HTR_228010_6	HTR	gebeine	lêre . manic velt wart wîz von tôten [[gebeine]] , von bluote rôt , von âse unreine	menschlich	Mensch: eigener oder fremder Körper bzw. Gebeine Verstorbener, Besitzer im Kontext ein Mensch (sîn/mîn/dîn, Gott/Christus, die Toten)
HTR_240680_6	HTR	gebeine	gemeine , sô daz vleisch kumt von dem [[gebeine]] . nieman wol geprüefen kan , wâ kneht	menschlich	"kneht, maget, frouwe oder man" nach dem Tod
HUG_250030_1	HUG	gebain	, in ain hewsel , darinn lag vil [[gebain]] von den toten : die zarten múnd ,	menschlich	Mensch: eigener oder fremder Körper bzw. Gebeine Verstorbener, Besitzer im Kontext ein Mensch (sîn/mîn/dîn, Gott/Christus, die Toten)
HUL_1014_4	HUL	gebein	nahtes sente afra irschein vnd zeigete ir heiligez [[gebein]] . ouch gebot sie ime daz er anderswa	Reliquie/Heilige	"sente Afra ... zeigete ir heiligez gebein"
IW_5852_4	IW	gebeine	mîn selbes bürgetor : dâ lît noch sîn [[gebeine]] vor . er schuof mir michel êre :	übertragen/sonstig	Gebeine des Riesen Harpin vor dem Burgtor (Riese, menschengestaltig)
JEW_164500000_3	JEW	gebeine	vil schôn bestatet wider , wan ouch sîn [[gebeine]] wart allez gemeine gefüeret in ebrôn und wart	Reliquie/Heilige	Gebeine eines Erzvaters, nach Hebron überführt und bestattet (biblisch)
JEW_184000000_3	JEW	gebeine	und ouch sîn fleisch gemeine unz ûf daz [[gebeine]] . > dô lobten si im stæte ,	menschlich	Mensch, Fleisch bis aufs Gebein
JEW_393000000_5	JEW	gebein	lit gemein , arm , houbt und sîn [[gebein]] , daz was im alz entwichen gar .	menschlich	Mensch: eigener oder fremder Körper bzw. Gebeine Verstorbener, Besitzer im Kontext ein Mensch (sîn/mîn/dîn, Gott/Christus, die Toten)
JEW_556900000_3	JEW	gebein	niht dann hût und hâr unde vil magerz [[gebein]] . daz fleisch was in unrein . si	menschlich	Mensch: eigener oder fremder Körper bzw. Gebeine Verstorbener, Besitzer im Kontext ein Mensch (sîn/mîn/dîn, Gott/Christus, die Toten)
JEW_557800000_0	JEW	gebein	mâzen drât , daz ir niht beleip zwâr [[gebein]] , hût noch daz hâr . dâ mit	menschlich	Mensch: eigener oder fremder Körper bzw. Gebeine Verstorbener, Besitzer im Kontext ein Mensch (sîn/mîn/dîn, Gott/Christus, die Toten)
JEW_566800000_5	JEW	gebein	jæmerlîchen zannen ; der hût was über ir [[gebein]] gespannen , dhein fleisch an den ohsen was	tierisch	sieben magere Ochsen im Traum ("der hût was über ir gebein gespannen")
JEW_1002900000_8	JEW	gebein	swie grôz , swie lanc dir sîn dîn [[gebein]] , wil got , ich gesig alein ,	menschlich	Mensch: eigener oder fremder Körper bzw. Gebeine Verstorbener, Besitzer im Kontext ein Mensch (sîn/mîn/dîn, Gott/Christus, die Toten)
JEW_1270500000_4	JEW	gebein	sîn sterk lig , in houbt oder in [[gebein]] , daz sagt er dir alein . >	menschlich	Mensch: eigener oder fremder Körper bzw. Gebeine Verstorbener, Besitzer im Kontext ein Mensch (sîn/mîn/dîn, Gott/Christus, die Toten)
JEW_2330900000_1	JEW	gebein	ammen man ûf ein rat bant . ir [[gebein]] hiez man zerstôzen mit starken redern grôzen .	menschlich	Mensch: eigener oder fremder Körper bzw. Gebeine Verstorbener, Besitzer im Kontext ein Mensch (sîn/mîn/dîn, Gott/Christus, die Toten)
JSG_410_1	JSG	gebein	sprach < und daz ist wâr . ir [[gebein]] daz ist verwâzen , wô ez in der	übertragen/sonstig	Riesin/Ungeheuer ("under ir üehsen", "ungefüegz geslähte"): menschenähnliches Wesen, keine Gebeine eines Tieres
JT_6244000_12	JT	gebeine	lenge verswant ir kraft in rucke und in [[gebeine]] . der alte wise erkande die selben not	menschlich	Mensch: eigener oder fremder Körper bzw. Gebeine Verstorbener, Besitzer im Kontext ein Mensch (sîn/mîn/dîn, Gott/Christus, die Toten)
KAR_10491_4	KAR	gebeine	keiser daz man sôt und fulte mit ir [[gebeine]] drî sarke von marmelsteine . nu besazte er	menschlich	Mensch: eigener oder fremder Körper bzw. Gebeine Verstorbener, Besitzer im Kontext ein Mensch (sîn/mîn/dîn, Gott/Christus, die Toten)
KAR_10790_4	KAR	gebeine	nie sô reine , ir fleisch und ir [[gebeine]] sî wol der selben êren wert , des	menschlich	gefallene Christen, als heilig geehrt, aber keine Reliquie
KBL3_37961050_10	KBL3	gepain	pä in pey dem fewer . nim das [[gepain]] vnd hakchs . darnach stoss in einem mörser	tierisch	Kochrezept mit "gehürn" und anschließendem "hirsch lungel": Tierknochen, Art nicht genannt
KCR_6020_1	KCR	gebaine	jâr . rômâre in ungetrûwelîche sluogen , sîn [[gebaine]] si ûf ain irmensûl begruoben . alse juljus	menschlich	erschlagener Kaiser, Gebeine auf einer Irminsul begraben
KCR_26690_3	KCR	gebeine	sus verkolte den lîp , daz daz arme [[gebeine]] geruowet wære ! ih wæne ie wîbe sô	menschlich	Mensch: eigener oder fremder Körper bzw. Gebeine Verstorbener, Besitzer im Kontext ein Mensch (sîn/mîn/dîn, Gott/Christus, die Toten)
KCR_26850_3	KCR	gebaine	lange von mir sint , daz ih ir [[gebaine]] solte begraben , dar umbe ih den lîp	menschlich	Mensch: eigener oder fremder Körper bzw. Gebeine Verstorbener, Besitzer im Kontext ein Mensch (sîn/mîn/dîn, Gott/Christus, die Toten)
KCR_43000_4	KCR	gebaine	lîchnâme was unraine , die wolfe frâzen sîn [[gebaine]] . daz buoch kundet uns sus : daz	menschlich	Mensch: eigener oder fremder Körper bzw. Gebeine Verstorbener, Besitzer im Kontext ein Mensch (sîn/mîn/dîn, Gott/Christus, die Toten)
KCR_62390_4	KCR	gebaine	man kolt vil lange dîn flaisc und dîn [[gebaine]] , dîn sêle ist hailich unde raine .	menschlich	Mensch: eigener oder fremder Körper bzw. Gebeine Verstorbener, Besitzer im Kontext ein Mensch (sîn/mîn/dîn, Gott/Christus, die Toten)
KCR_64800_4	KCR	gebaine	von im haben : swert ûf sînem hailigem [[gebaine]] swert aide maine , der lebet hie iemer	Reliquie/Heilige	Eid "ûf sînem hailigem gebaine"
KCR_101840_4	KCR	gebaine	den himel gegên , sam nemach diz tôte [[gebaine]] ûf stên . silvester , maht aver dû	tierisch	Zambris toter Stier ("diz tôte gebaine"), Silvester soll ihn erwecken
KCR_102000_4	KCR	gebaine	walt ze staine , sam mag diz durre [[gebaine]] ûf dirre erde niemer lebendich werden . werden	tierisch	derselbe Stier ("diz durre gebaine")
KCR_103210_4	KCR	gebaine	hin widere gerihte , dô samente sich daz [[gebaine]] . die juden gestuonden in nie sô laide	tierisch	derselbe Stier ("samente sich daz gebaine ... der pfar gesunt")
KCR_103950_3	KCR	gebaine	er dolte diu bant , und sancti mathie [[gebaine]] , und dar zuo golt und gestaine und	Reliquie/Heilige	"sancti mathie gebaine"
KCR_116160_2	KCR	gebaine	hie ist semele unde lît , daz hailige [[gebaine]] in dirre chamere aine . > si sprach	Reliquie/Heilige	"daz hailige gebaine" in der Kammer
KCR_137630_5	KCR	gebaine	kaîser regâben . alse der chunic daz hailige [[gebaine]] resach , ze den rômæren er dô sprach	Reliquie/Heilige	"daz hailige gebaine"
KCR_167880_3	KCR	gebaine	dâ ze dem hailigem grabe dâ ruowet sîn [[gebaine]] . diu sêle ist hailig unt raine .	Reliquie/Heilige	heiliges Grab, "ruowet sîn gebaine", die Seele ist heilig
KWL_32266_2	KWL	gebeine	: sô kan mir der kerenter mit dem [[gebeine]] künden , daz mich die würme nagende werdent	menschlich	Beinhaus-Karner, Würmer
LGR_233000_6	LGR	gebeine	sint , die habent vleisch sam wir ouch [[gebeine]] . die vrâget ich , wie der künic	menschlich	Menschen im Berg ("vleisch sam wir ouch gebeine")
LGR_5975000_1	LGR	gebein	, die vunden wurden alle versoten : daz [[gebein]] sie wolden bringen zuo ir goten . nû	menschlich	gesottene Tote
LGR_6062000_7	LGR	gebein	, vür daz wart daz âz ab dem [[gebein]] gesoten , sô vüert manz wol , swenn	menschlich	Mensch: eigener oder fremder Körper bzw. Gebeine Verstorbener, Besitzer im Kontext ein Mensch (sîn/mîn/dîn, Gott/Christus, die Toten)
LGR_6066000_3	LGR	gebein	die wîzen und den môr vürbaz an dem [[gebein]] kein sehen kiuset . ich bin in der	menschlich	Mensch: eigener oder fremder Körper bzw. Gebeine Verstorbener, Besitzer im Kontext ein Mensch (sîn/mîn/dîn, Gott/Christus, die Toten)
LGR_7513000_3	LGR	gebeine	rât dô niht enliez , sie braehten daz [[gebeine]] dar nâch êren , dâ ez noch hiut	menschlich	toter Kaiser, nach Aachen gebracht
MNB_3012830_6	MNB	gebein	saff ! dez swint ir mark in lobs [[gebein]] ! ir geeder daz mus gar unrein mit	menschlich	Mensch: eigener oder fremder Körper bzw. Gebeine Verstorbener, Besitzer im Kontext ein Mensch (sîn/mîn/dîn, Gott/Christus, die Toten)
MSG_14906050_4	MSG	gepaine	machst du raine , krump und lam aufrecht [[gepaine]] setzt du an lait in maß . das	menschlich	Mensch: eigener oder fremder Körper bzw. Gebeine Verstorbener, Besitzer im Kontext ein Mensch (sîn/mîn/dîn, Gott/Christus, die Toten)
MSP_1681120_4	MSP	gebeÿn	gancz krafftloß / dz marck schwint in dem [[gebeÿn]] / und dz fleÿß toret allenthalben . also	menschlich	Sterbender
NAR_9303540_3	NAR	gbeyn	vnd trag zuo grab / die mit sym [[gbeyn]] nüsß werffen ab von hoffnung vff erben eyn	übertragen/sonstig	Narrenschiff, Spruch "mit sym gbeyn nüss werfen": Gebein des Erblassers als Spielzeug, sprichwörtlich; Sense 49690 gesetzt
NAR_9400900_3	NAR	gbeyn	eynen tragen hyn zuo grab der mit sym [[gbeyn]] würfft byeren ab / wer hoffet vff eyns	übertragen/sonstig	dieselbe Redensart ("mit sym gbeyn würfft byeren ab"); Sense 49690 gesetzt
NLC_116420_2	NLC	gebeine	daz er wart ûf erhaben . sîn edelez [[gebeine]] wart an der stunt begraben ze lôrse bî	menschlich	Mensch: eigener oder fremder Körper bzw. Gebeine Verstorbener, Besitzer im Kontext ein Mensch (sîn/mîn/dîn, Gott/Christus, die Toten)
OVG_960700_3	OVG	gebeine	heilic und daz reine , mit anderm irm [[gebeine]] solde phlanzen und erheben . den gewalt der	Reliquie/Heilige	Translation/Erhebung der Gebeine des hl. Vigilius bzw. Kg. Ludwigs, "heiligez gebeine"
OVG_1945600_1	OVG	gebein	, umb kunic ludwigen den sæligen , des [[gebein]] man noch sach ligen heiligez in der erden	Reliquie/Heilige	Translation/Erhebung der Gebeine des hl. Vigilius bzw. Kg. Ludwigs, "heiligez gebeine"
OVG_1948400_1	OVG	gebein	billichen genôz der heiligen sol werden , der [[gebein]] man ûz der erden erheben unde teilen sol	Reliquie/Heilige	Translation/Erhebung der Gebeine des hl. Vigilius bzw. Kg. Ludwigs, "heiligez gebeine"
OVG_1950200_2	OVG	gebeine	solden und in diu lant gemeine teilen sîn [[gebeine]] . daz wart niht lenger verzogen : als	Reliquie/Heilige	Translation/Erhebung der Gebeine des hl. Vigilius bzw. Kg. Ludwigs, "heiligez gebeine"
OVG_1951700_1	OVG	gebeine	gebreste , dô ûz der erden neste sîn [[gebeine]] wart erhaben . swaz genâde dô die phaffen	Reliquie/Heilige	Translation/Erhebung der Gebeine des hl. Vigilius bzw. Kg. Ludwigs, "heiligez gebeine"
OVG_2794800_1	OVG	gebeine	, daz er sant virgilin ze lob sîn [[gebeine]] hiet erhebt . sêre dô darnâch strebt sîn	Reliquie/Heilige	Translation/Erhebung der Gebeine des hl. Vigilius bzw. Kg. Ludwigs, "heiligez gebeine"
OVG_2822600_2	OVG	gebeine	, daz er des wirdic tet sîn edelez [[gebeine]] heiligez unde reine , daz man ez mit	Reliquie/Heilige	Translation/Erhebung der Gebeine des hl. Vigilius bzw. Kg. Ludwigs, "heiligez gebeine"
OVG_2826800_4	OVG	gebeine	in daz heil , daz si funden daz [[gebeine]] . balde und niht seine die herren alle	Reliquie/Heilige	Translation/Erhebung der Gebeine des hl. Vigilius bzw. Kg. Ludwigs, "heiligez gebeine"
OVG_2828000_2	OVG	gebeine	enplanden und lâsen mit den handen zeinander daz [[gebeine]] , ez wær grôz oder kleine , daz	Reliquie/Heilige	Translation/Erhebung der Gebeine des hl. Vigilius bzw. Kg. Ludwigs, "heiligez gebeine"
OVG_2829000_1	OVG	gebein	andâht . mit grôzer wirdikeit man brâht daz [[gebein]] vil schôn ûf den altar frôn ; got	Reliquie/Heilige	Translation/Erhebung der Gebeine des hl. Vigilius bzw. Kg. Ludwigs, "heiligez gebeine"
OVG_2832000_4	OVG	gebeine	in leitet in , und ûf sant virgilin [[gebeine]] . ez wære grôz oder kleine , daz	Reliquie/Heilige	Translation/Erhebung der Gebeine des hl. Vigilius bzw. Kg. Ludwigs, "heiligez gebeine"
OVG_2833500_2	OVG	gebeine	kirchen und alter stiften wolde , dâ daz [[gebeine]] rasten solde : swer sich des lâzen wolt	Reliquie/Heilige	Translation/Erhebung der Gebeine des hl. Vigilius bzw. Kg. Ludwigs, "heiligez gebeine"
OVG_3261600_2	OVG	gebeine	kunden , und heten ninder funden dârinne dhein [[gebeine]] als ein bône kleine . ez wær von	menschlich	Gebeine des angeblichen Kaisers Friedrich (verbrannt)
OVG_9612100_2	OVG	gebeine	, dô fundens grôz noch kleine wan daz [[gebeine]] des pherdes unde sîn . daz gap ouch	tierisch	"daz gebeine des pherdes unde sîn": Pferd und Reiter, beides
OVW_1021020260_2	OVW	gebaine	ich maine , freut allaine ; leib , [[gebaine]] wer nicht saine , mein trauren klaine ,	menschlich	Mensch: eigener oder fremder Körper bzw. Gebeine Verstorbener, Besitzer im Kontext ein Mensch (sîn/mîn/dîn, Gott/Christus, die Toten)
OVW_1063030160_7	OVW	gepainen	lainen mit leib , hend , füssen und [[gepainen]] . gar wunniklich hat si mein herz besessen	menschlich	Mensch: eigener oder fremder Körper bzw. Gebeine Verstorbener, Besitzer im Kontext ein Mensch (sîn/mîn/dîn, Gott/Christus, die Toten)
OVW_1114050120_3	OVW	gebain	schamleichen bloss vernageln tet . sein leib , [[gebain]] in ainen stain gesteckt an barm , so	menschlich	Mensch: eigener oder fremder Körper bzw. Gebeine Verstorbener, Besitzer im Kontext ein Mensch (sîn/mîn/dîn, Gott/Christus, die Toten)
PKP_1360580310_5	PKP	gepaine	dem tode , alsam erchucter ouch iwer totez [[gepaine]] an dem jungesten tage von dem tode hin	menschlich	Mensch: eigener oder fremder Körper bzw. Gebeine Verstorbener, Besitzer im Kontext ein Mensch (sîn/mîn/dîn, Gott/Christus, die Toten)
PL2_206230_11	PL2	gebeyn	libe , das man nit dan hutt und [[gebeyn]] gekiesen mocht ir angesichte was misselich gestellet .	menschlich	Mensch: eigener oder fremder Körper bzw. Gebeine Verstorbener, Besitzer im Kontext ein Mensch (sîn/mîn/dîn, Gott/Christus, die Toten)
PL3_312606_7	PL3	gebeyn	hut hett durch slagen , da was das [[gebeyn]] nit hart , und dot yn bald off	tierisch	Drache ("von dem trachen", Haut durchschlagen, Gebeyn nicht hart): Fabeltier, kein Säugetier
PL3_371406_1	PL3	gebeyn	ye gewann . darumb wil ich das unser [[gebeyn]] by einander lige . und duont schriben off	menschlich	Mensch: eigener oder fremder Körper bzw. Gebeine Verstorbener, Besitzer im Kontext ein Mensch (sîn/mîn/dîn, Gott/Christus, die Toten)
PRT_9366_4	PRT	gebeine	den ich weine . mîn fleisch und mîn [[gebeine]] sol swinden unde dorren . sît daz ich	menschlich	Mensch: eigener oder fremder Körper bzw. Gebeine Verstorbener, Besitzer im Kontext ein Mensch (sîn/mîn/dîn, Gott/Christus, die Toten)
PT_1549_4	PT	gebeine	muoz sich dô verschrenzen sîn vleisch und sîn [[gebeine]] . die stocke und ouch die steine zervüerent	menschlich	Mensch: eigener oder fremder Körper bzw. Gebeine Verstorbener, Besitzer im Kontext ein Mensch (sîn/mîn/dîn, Gott/Christus, die Toten)
PT_1862_4	PT	gebeine	lîden vil gemeine . ir vleisch und ir [[gebeine]] maximiân hiez villen . in wart durch gotes	menschlich	Mensch: eigener oder fremder Körper bzw. Gebeine Verstorbener, Besitzer im Kontext ein Mensch (sîn/mîn/dîn, Gott/Christus, die Toten)
PUC_661271060_0	PUC	gepeyne	vnd do celebrirt wurden erliche selgerete . welchs [[gepeyne]] sein gepracht worden gen prag mit verhengnus sobießlay	menschlich	Gebeine verstorbener Fürsten nach Prag überführt, nicht heiliggesprochen
PUC_661311310_2	PUC	gepein	dem nachkumenden iare starb er , vnd sein [[gepein]] wurden gepracht gein brag vnd gegeben der kirchlichen	menschlich	Gebeine eines verstorbenen Fürsten
PUC_701391260_4	PUC	gepein	. gestorben yst lewpoldus in apulia , sein [[gepein]] wurden gepracht in das closter tzu osterrich ,	menschlich	Gebeine eines verstorbenen Fürsten
PZ_32217_5	PZ	gebeine	ich wolde tuon den kamph , ê sîn [[gebeine]] laege triuwenlôs unreine . wil gelücke , iu	menschlich	Mensch: eigener oder fremder Körper bzw. Gebeine Verstorbener, Besitzer im Kontext ein Mensch (sîn/mîn/dîn, Gott/Christus, die Toten)
REN_357830_4	REN	gebeine	niht langer sumen . und kumet her daz [[gebeine]] , daz here und daz reine , wir	Reliquie/Heilige	Gebeine der Gyburg/Kyburg aus dem Grab erhoben und getragen ("daz reine gebeine"), Wunderwirkung
REN_358200_3	REN	gebeine	uz die reinen grup . uf er daz [[gebeine]] hup , an sinen arm er ez nam	Reliquie/Heilige	Gebeine der Gyburg/Kyburg aus dem Grab erhoben und getragen ("daz reine gebeine"), Wunderwirkung
REN_358290_4	REN	gebeine	ez niht rumen , du enteilest e ditz [[gebeine]] . wilt du daz tragen eine ? miner	Reliquie/Heilige	Gebeine der Gyburg/Kyburg aus dem Grab erhoben und getragen ("daz reine gebeine"), Wunderwirkung
REN_358410_1	REN	gebeine	vil vaste mit vil reiner laste . daz [[gebeine]] gap so reinen smac daz ez in allen	Reliquie/Heilige	Gebeine der Gyburg/Kyburg aus dem Grab erhoben und getragen ("daz reine gebeine"), Wunderwirkung
REN_358500_2	REN	gebeine	in dem lande leuten gnugen . die daz [[gebeine]] trugen , als sie die rehte ersahen ,	Reliquie/Heilige	Gebeine der Gyburg/Kyburg aus dem Grab erhoben und getragen ("daz reine gebeine"), Wunderwirkung
REN_358590_3	REN	gebeine	von der blintheide burde , truenkez ab dem [[gebeine]] . do sprach willehelme der reine : <	Reliquie/Heilige	Gebeine der Gyburg/Kyburg aus dem Grab erhoben und getragen ("daz reine gebeine"), Wunderwirkung
REN_358650_2	REN	gebeine	. willehelm daz wazzer nam . an daz [[gebeine]] er daz goz . als ez in den	Reliquie/Heilige	Gebeine der Gyburg/Kyburg aus dem Grab erhoben und getragen ("daz reine gebeine"), Wunderwirkung
REN_358800_1	REN	gebeine	do er in die cappellen quam , daz [[gebeine]] er schone nam ; uf den alter satzten	Reliquie/Heilige	Gebeine der Gyburg/Kyburg aus dem Grab erhoben und getragen ("daz reine gebeine"), Wunderwirkung
REN_358990_1	REN	gebeine	des gewer uns , here trinitat ! daz [[gebeine]] er ab dem alter hup , in der	Reliquie/Heilige	Gebeine der Gyburg/Kyburg aus dem Grab erhoben und getragen ("daz reine gebeine"), Wunderwirkung
ROL_1654_2	ROL	gebeine	; lanc was er gewachsen , groz sin [[gebeine]] . du sprachen die heiden , sine sehen	menschlich	Mensch: eigener oder fremder Körper bzw. Gebeine Verstorbener, Besitzer im Kontext ein Mensch (sîn/mîn/dîn, Gott/Christus, die Toten)
ROL_3841_3	ROL	gebaine	si in den graben , daz ir unraine [[gebaine]] , daz ir lebentic nehaine uf unser erde	menschlich	Mensch: eigener oder fremder Körper bzw. Gebeine Verstorbener, Besitzer im Kontext ein Mensch (sîn/mîn/dîn, Gott/Christus, die Toten)
ROL_4345_1	ROL	gebaines	den rucken di schilde al zestucken . swaz [[gebaines]] dar unter was , fur war waiz ich	übertragen/sonstig	"swaz gebaines dar unter was": alles Leibhaftige, pars pro toto für die Heiden im Strom
ROL_8669_3	ROL	gebaine	: da suchet man zeware ir uil heiligiz [[gebaine]] . an dem iungistin urtaile sculn sie unser	Reliquie/Heilige	"ir uil heiligiz gebaine"
ROT_16010_3	ROT	gebeine	. iz trogin elphande . wilent in den [[gebeine]] . dar in ne lac got gesteine .	tierisch	Thronstuhl, den Elefanten trugen, "in den gebeine" (Elfenbein)
RSP_1926_5	RSP	gebeyne	edele hued , buch , fleisch und ouch [[gebeyne]] ; daz blud und herzce habin den lued	menschlich	Mensch: eigener oder fremder Körper bzw. Gebeine Verstorbener, Besitzer im Kontext ein Mensch (sîn/mîn/dîn, Gott/Christus, die Toten)
RVBR_2260_3	RVBR	gebeine	wart nie noch sô reine von fleische noch [[gebeine]] swâ sî schein vor der wæte . waz	menschlich	Frauenlob: weibliche Gestalt
SAL_354030_1	SAL	gebein	du mir die rechte warheit sagen . sin [[gebein]] ist mir also recht liep , ich gibe	menschlich	Gebeine eines toten Menschen, zu Jerusalem bestattet
SAX_154700_5	SAX	gepain	dem landt . er hies sew pringen das [[gepain]] , das vil heilig und das vil rain	Reliquie/Heilige	"das gepain, das vil heilig und das vil rain"
SAX_155800_3	SAX	gepain	giftig was und unrain , vor dem heiligen [[gepain]] zu der stat chomen nachen , er muest	Reliquie/Heilige	"vor dem heiligen gepain"
SAX_349600_5	SAX	gepain	sy erhueben . do funden sy pey dem [[gepain]] trinkchvas und edel gestain ; ettlich warn sylbrein	menschlich	Gebeine alter Könige im Garten
SAX_351500_1	SAX	gepain	, und auch den leichnam gar , das [[gepain]] und das har . es stuendt pey dem	menschlich	Mensch: eigener oder fremder Körper bzw. Gebeine Verstorbener, Besitzer im Kontext ein Mensch (sîn/mîn/dîn, Gott/Christus, die Toten)
SLG_8770_5	SLG	gebein	sunne erschein , dô dacte er sîn alt [[gebein]] in dem gewande warmen . jenez gap er	menschlich	Mensch: eigener oder fremder Körper bzw. Gebeine Verstorbener, Besitzer im Kontext ein Mensch (sîn/mîn/dîn, Gott/Christus, die Toten)
TIT_133040_13	TIT	gebeine	allen vor , die des phlâgen ûf ritters [[gebeine]] . nu dâhte er : < ob den	menschlich	"ritters gebeine" = Beine des Ritters (Laufen)
TRO_37_4	TRO	gebeine	kein ander vogel birt sîn fleisch und sîn [[gebeine]] ; jô lebt er alters eine , und	tierisch	Phönix ("kein ander vogel birt sîn fleisch und sîn gebeine"): Vogel
TRO_12851_4	TRO	gebeine	wolt ez dâ beheften in vleisch und in [[gebeine]] . den alten künic reine sluoc er ûf	menschlich	Mensch: eigener oder fremder Körper bzw. Gebeine Verstorbener, Besitzer im Kontext ein Mensch (sîn/mîn/dîn, Gott/Christus, die Toten)
TRO_19999_4	TRO	gebeine	was ir daz vel an vleische und an [[gebeine]] . si was enmitten cleine und umb den	menschlich	Mensch: eigener oder fremder Körper bzw. Gebeine Verstorbener, Besitzer im Kontext ein Mensch (sîn/mîn/dîn, Gott/Christus, die Toten)
TRO_31170_4	TRO	gebeine	diu wîse wazzerfeine , sîn fleisch und sîn [[gebeine]] mit listen hete alsô bewart , daz im	menschlich	Mensch: eigener oder fremder Körper bzw. Gebeine Verstorbener, Besitzer im Kontext ein Mensch (sîn/mîn/dîn, Gott/Christus, die Toten)
TRO_38614_4	TRO	gebeine	ze pulver kleine , sô nim dû mîn [[gebeine]] und mînes tôten lîbes mel ! diu solt	menschlich	Mensch: eigener oder fremder Körper bzw. Gebeine Verstorbener, Besitzer im Kontext ein Mensch (sîn/mîn/dîn, Gott/Christus, die Toten)
TRO_38710_4	TRO	gebeine	z'einer eschen reine : des nam ich sîn [[gebeine]] und daz gestüppe sîner hût . dur wasen	menschlich	Mensch: eigener oder fremder Körper bzw. Gebeine Verstorbener, Besitzer im Kontext ein Mensch (sîn/mîn/dîn, Gott/Christus, die Toten)
TRO_38718_4	TRO	gebeine	sîne strâlen în . ouch warf ich daz [[gebeine]] sîn und al sîn pulver in daz grap	menschlich	Mensch: eigener oder fremder Körper bzw. Gebeine Verstorbener, Besitzer im Kontext ein Mensch (sîn/mîn/dîn, Gott/Christus, die Toten)
TRO_40027_4	TRO	gebeine	swert wolt er beheften in vleische und in [[gebeine]] , wan er den künic reine sô rehte	menschlich	Mensch: eigener oder fremder Körper bzw. Gebeine Verstorbener, Besitzer im Kontext ein Mensch (sîn/mîn/dîn, Gott/Christus, die Toten)
TRO_41129_1	TRO	gebeine	. er hâte genomen ûf sîn schôz patrokels [[gebeine]] dô . daz mahte in trûric unde unfrô	menschlich	Mensch: eigener oder fremder Körper bzw. Gebeine Verstorbener, Besitzer im Kontext ein Mensch (sîn/mîn/dîn, Gott/Christus, die Toten)
TRO_41316_3	TRO	gebeine	hiez er mit grôzem meine im schenden sîn [[gebeine]] und hiez in spotlicher kür in ziehen wider	menschlich	Mensch: eigener oder fremder Körper bzw. Gebeine Verstorbener, Besitzer im Kontext ein Mensch (sîn/mîn/dîn, Gott/Christus, die Toten)
TRO_41320_3	TRO	gebeine	daz er in spotlichem site im schante sîn [[gebeine]] mite . bînamen daz des ie wart gedâht	menschlich	Mensch: eigener oder fremder Körper bzw. Gebeine Verstorbener, Besitzer im Kontext ein Mensch (sîn/mîn/dîn, Gott/Christus, die Toten)
TRY_765_3	TRY	gebeine	daz mir sudet min marg und brinnet min [[gebeine]] ich han dehein adern so kleine sie ensi	menschlich	Mensch: eigener oder fremder Körper bzw. Gebeine Verstorbener, Besitzer im Kontext ein Mensch (sîn/mîn/dîn, Gott/Christus, die Toten)
TRY_11371_4	TRY	gebein	sprach zu sime wibe min fleisch und min [[gebein]] werde zu eime steine e danne daz geschee	menschlich	Mensch: eigener oder fremder Körper bzw. Gebeine Verstorbener, Besitzer im Kontext ein Mensch (sîn/mîn/dîn, Gott/Christus, die Toten)
TRY_12045_6	TRY	gebein	wol gephlegen man legete sin fleisch un sin [[gebein]] in einen edeln mermel stein da stunt uffe	menschlich	Mensch: eigener oder fremder Körper bzw. Gebeine Verstorbener, Besitzer im Kontext ein Mensch (sîn/mîn/dîn, Gott/Christus, die Toten)
TRY_16501_4	TRY	gebeine	uf sie mit steinen ir fleisch mit irme [[gebeine]] wart so gar zurslagen man sol lange dar	menschlich	Mensch: eigener oder fremder Körper bzw. Gebeine Verstorbener, Besitzer im Kontext ein Mensch (sîn/mîn/dîn, Gott/Christus, die Toten)
TRY_17428_1	TRY	gebein	graben die vogel solden ir fleisch haben ir [[gebein]] die hunde in der selben stunde quam egistus	menschlich	Mensch: eigener oder fremder Körper bzw. Gebeine Verstorbener, Besitzer im Kontext ein Mensch (sîn/mîn/dîn, Gott/Christus, die Toten)
VIR_17403_4	VIR	gebeine	ûf dem wurm zerbrast ûf houbte und ûf [[gebeine]] . dâ von im vröuden vil verswant .	tierisch	Drache ("ûf dem wurm"): Fabeltier
VIR_30008_4	VIR	gebeine	er sîn swert zerbrach ûf houbte und in [[gebeine]] . ein ritter sît z ârône jach daz	tierisch	toter Drache ("wurm ... tôt"): Fabeltier
VJT_61010_3	VJT	gebeine	so lange bin gewon ? nu nage din [[gebeine]] und iz din vleisch unreine . du must	menschlich	Mensch: eigener oder fremder Körper bzw. Gebeine Verstorbener, Besitzer im Kontext ein Mensch (sîn/mîn/dîn, Gott/Christus, die Toten)
VSA_60300900_4	VSA	gebeine	ich ir unmære , in der dienste ich [[gebeine]] mir brach unde fuoz . sî ist sô	menschlich	Mensch: eigener oder fremder Körper bzw. Gebeine Verstorbener, Besitzer im Kontext ein Mensch (sîn/mîn/dîn, Gott/Christus, die Toten)
WDB_7083_7	WDB	gebeine	, dô îlte er vil balde dâ ortnîdes [[gebeine]] lac : er truoc ez ûz dem berge	menschlich	Gebeine Ortnits
WDB_7932_7	WDB	gebeine	. er wîst si balde dâ er ortnîdes [[gebeine]] vant . als dô die keiserinne daz gebeine	menschlich	Gebeine Ortnits
WDB_7933_5	WDB	gebeine	gebeine vant . als dô die keiserinne daz [[gebeine]] êrste an sach , si klagte alsô sêre	menschlich	Gebeine Ortnits
WGA_666900_5	WGA	gebeine	er wîze , und giuzet aver ûf daz [[gebeine]] daz heize pat , daz er sich reine	menschlich	Verdammte in der Hölle
WGA_667900_5	WGA	gebeine	sîn vorht . man wadelt in umb sîn [[gebeine]] , daz im blîbet ganz ninder deheine ,	menschlich	Verdammte in der Hölle
WGA_968700_4	WGA	gebeine	hânt in ir lîp von âdern unde von [[gebeine]] . du solt wizzen daz niender eine âder	menschlich	"man unde wîp ... in ir lîp"
WGL_66060_1	WGL	gebeine	kurzer lîp aller rûch unde starc . sîn [[gebeine]] was âne marc nâch dem geslähte der muoter	menschlich	Mensch: eigener oder fremder Körper bzw. Gebeine Verstorbener, Besitzer im Kontext ein Mensch (sîn/mîn/dîn, Gott/Christus, die Toten)
WH_25909_5	WH	gebein	da ergangen . ir heilic verh und ir [[gebein]] in manegem schoenem sarkestein , die nie geworhten	menschlich	gefallene Christen in Sarkophagen
WH_35726_4	WH	gebeine	mit manegen sarcsteine . ir verh und ir [[gebeine]] darinne lit : si sint doch ganz .	menschlich	gefallene Christen in Sarkophagen
WL_227_3	WL	gebeine	ir fleisch die maden âzen unz ûf daz [[gebeine]] . si was sô gar unreine daz von	menschlich	Mensch: eigener oder fremder Körper bzw. Gebeine Verstorbener, Besitzer im Kontext ein Mensch (sîn/mîn/dîn, Gott/Christus, die Toten)
WVV_1110051100_3	WVV	gebeine	von dem knehte gescheiden , swâ er ir [[gebeine]] blôzez fünde , het er ir joch lebender	menschlich	Herr und Knecht im Tod
WZB_53rb_12_4	WZB	gebeine	besuchen , | traget ous mit euch mein [[gebeine]] ous disem lande . • Do starp her	Reliquie/Heilige	Gebeine Josephs, die mit aus Ägypten genommen werden sollen (biblisch)
WZB_67rb_2_2	WZB	gebeine	czogen ous der | vnd DUS moyses nam [[gebeine]] mit im , | do von das her	Reliquie/Heilige	Moses nimmt die Gebeine Josephs mit
WZB_67rb_6_2	WZB	gebeine	besuchen , | tragt ous mit euch mein [[gebeine]] . • Und von czogen sie | vnd	Reliquie/Heilige	Josephs Gebeine beim Auszug
