xml:id	Sigle	Form	Kontext	Einstufung	Begruendung
AXR_1267400_1	AXR	jaget	der vürste mâzêus sêr überdrungen wart , dô [[jaget]] er die widervart und vlôch gein babilônje .	Verb	Subj. er, Obj. widervart
AXR_1487500_1	AXR	jaget	. gen alexander er dô reit , der [[jaget]] ûf der vart hin nâch , im was	Verb	Relativ/Dem. der als Subj., ûf der vart nâch
AXR_752200_1	AXR	jaget	den persen was ze vliuhte gâch , dô [[jaget]] alexander nâch , sîn werdiu hant den sic	Verb	Subj. alexander, Verbzweitstellung nach dô
AXS_5585000_5	AXS	jaget	diz lant . dar zô ne frumet nehein [[jaget]] : man sol iz vâhen mit einer magit	Substantiv	nehein jaget: Negationsartikel, Subjekt von frumet
AXU_15897_4	AXU	jaget	nâch helfe sprach . ob in darumbe zwîvel [[jaget]] , wer im daz vür zagheit saget ,	Verb	Subj. zwîvel, Obj. in
AXU_18452_5	AXU	jaget	in gesaget . die wârheit hie dem gelîche [[jaget]] : ze rôme ulixes hete verstoln in dem	unklar	Subjekt die wârheit + jaget möglich (Verb), aber Satzsinn dunkel; Kontext: besagens ... die wârheit hie dem gelîche jaget : ze rôme ulixes hete verstoln ... (Bezug von jaget offen). Kein Artikel/Objekt, das entscheidet
AXU_18914_4	AXU	jaget	uns alsô saget : alexander was an einer [[jaget]] . ez wolde der unverzagte man ein swîn	Substantiv	Artikel an einer
BAR_4611_1	BAR	jaget	er vorhtim unde vlôch den tôt . ez [[jaget]] in âne milte zuht . dô er was	Verb	Subj. ez, Obj. in
BAR_4715_2	BAR	jaget	tôt , der mit ängestlîcher nôt allez menschenkünne [[jaget]] , biz daz sîn name an im betaget	Verb	Subj. (Tod), Obj. menschenkünne
BAR_9578_1	BAR	jaget	. ir vart ist ouch bewegelich , si [[jaget]] in diu zeichen sich , diu ir kunst	Verb	Subj. si, Obj. diu zeichen
CHH_32140_1	CHH	jaget	gegen in gedultic : ir angeworne triwe si [[jaget]] ûf herce riwe daz si daz îe getaten	Verb	Subj. si, Obj. si
DA_6370_5	DA	jaget	im hânt gesaget daz er nâch den êren [[jaget]] . dô der künic matûr dis landes pflac	Verb	Subj. er, nâch den êren
DFL_54580_3	DFL	jaget	maere diu weiz ich . liep un leit [[jaget]] mich . > rüedegêr nam in an die	Verb	Subj. liep un leit, Obj. mich
DKF_1451820_5	DKF	jaget	zeiget und saget swen er zu hohe verte [[jaget]] . swie lange sich ein kather wert ,	Verb	Subj. er, Obj. verte
DL1_1191102031090_6	DL1	jaget	eines mannes hûs laufet und einen dar inne [[jaget]] oder einen dar inne wundet oder sus schadet	Verb	swer-Satz: einen dar inne jaget (Obj.)
ENE_17350_6	ENE	jaget	dane , ir was vil liebe zû der [[jaget]] . ich ne weiz , wie manich maget	Substantiv	Artikel zû der
ENE_17480_1	ENE	jaget	. si wâren frû dare komen . die [[jaget]] heten si wol vernomen und si hete ez	Substantiv	Artikel die, Obj. von vernomen
ENE_89740_5	ENE	jaget	frouwe maget , daz ir uns ritter sus [[jaget]] unde stechet unde slât ? waz wunders is	Verb	Subj. ir/ritter, parallel zu stechet und slât
ENG_3434_6	ENG	jaget	gesaget . swer fliuhet ê daz man in [[jaget]] , entriuwen , der ist niht ein man	Verb	man in jaget (Subj. man, Obj. in)
ENG_4266_1	ENG	jaget	ein wênic des sîn wille ger . in [[jaget]] grôziu angest her : daz prüeve ich wol	Verb	Obj. in, Subj. angest
ENG_4639_6	ENG	jaget	komen ist und in sîn triuwe dar zuo [[jaget]] daz er erloesen wil die maget ûz ir	Verb	Subj. triuwe, Obj. in
ER_462911_3	ER	jaget	artûs von tintajôl sînem hûs was geriten durch [[jaget]] , alse uns crestiens saget , mit schoener	Substantiv	durch + Nomen ohne Artikel, Präp. durch jaget
ER_713000_6	ER	jaget	gedâhte . dar zuo was dâ daz beste [[jaget]] dâvon uns ie wart gesaget . ez hete	Substantiv	Superlativ daz beste jaget (Artikel + Adjektiv)
FLG1_4134180770_3	FLG1	jaget	val unde snoede an ze sehende . es [[jaget]] ovch nieman dur sine gegenwúrtige schoeni ; mere	Verb	Subj. nieman, Verbalsatz
FLG1_5158040490_5	FLG1	jaget	wunder an der minnerichen sele begat . si [[jaget]] si uf in den himmel und zuohet si	Verb	Subj. si, Obj. si
FLG1_6212060170_12	FLG1	jaget	muos min herze jamerig sin und min sele [[jaget]] mit ir gerunge nach dem grossen wilden tiere	Verb	Subj. sele, mit ir gerunge nach
FLG1_6223150320_5	FLG1	jaget	als man die tobenden hunde in der strasse [[jaget]] , den ist vergeben und si nit langer	Verb	man die hunde jaget (Subj. man, Obj. hunde)
FR1_5037020_1	FR1	jaget	raben und mit der bunten kra . so [[jaget]] man na mit rüden , hovewarten . in	Verb	Subj. man, mit rüden
FR1_5057190_1	FR1	jaget	wan arger mut git argez blut . daz [[jaget]] mit frier willekür uz iuwers herzen güte .	Verb	Subj. daz, mit frier willekür
FR1_5062170_1	FR1	jaget	. gelücke span im cleider an , ez [[jaget]] dort , der hie entran , ez brennet	Verb	Subj. ez, dort
FR1_5064080_1	FR1	jaget	den hunden sin die krapfen ungesunt . da [[jaget]] manig hunt , ob von der tagalt fülle	Verb	Subj. manig hunt
FR1_8015040_2	FR1	jaget	sich zu dem herzen schart ; dem blicke [[jaget]] die liebe nach . die wile die dri	Verb	Subj. liebe, dem blicke nâch
FR1_8023040_2	FR1	jaget	begirde uf alter nie gereit , den vogel [[jaget]] durch den luft kein visch , nie in	Verb	Obj. vogel, Subj. visch
FR1_9010140_4	FR1	jaget	eine katzen schon , um daz sie miuse [[jaget]] . man körnet einen tummen hanen , um	Verb	Obj. miuse, Subj. katze
FR1_9012220_1	FR1	jaget	du din swert enzit nicht wider , man [[jaget]] dich mit dem stabe . wie lange wilt	Verb	Subj. man, Obj. dich
GL_3176_0	GL	jaget	ze hande < oder von welhem lande ? [[jaget]] ir tier oder hirz ? > der alte	Verb	Frage mit Subj. ir, Obj. tier oder hirz (Kontext: wannen hât ir her gejaget)
HSL_30_1	HSL	jaget	selbe beizaere ersach ein jungez heselîn . dâ [[jaget]] er zuo die hunde sîn , ouch jaget	Verb	Subj. er, zuo die hunde
HSL_31_1	HSL	jaget	jaget er zuo die hunde sîn , ouch [[jaget]] er ime selbe nâch . ze vlühte was	Verb	Subj. er, ime selbe nâch
HTR_114730_3	HTR	jaget	, möhte ez gesîn . swer disem hasen [[jaget]] nâch , dem ist gein himelrîch niht gâch	Verb	swer-Satz, hasen nâch
HTR_117800_3	HTR	jaget	, den fliuhet si , swer aber si [[jaget]] , dem wont si bî . swer sich	Verb	swer-Satz, Obj. si
HTR_195290_4	HTR	jaget	er sîn hûsgenôz . sô man den biber [[jaget]] sô sêre daz er geloufen mac niht mêre	Verb	Subj. man, Obj. biber
HTR_235690_1	HTR	jaget	der uns alle bringet in nôt : der [[jaget]] uns ûf der helle sê ; sô habe	Verb	Subj. der (Teufel), Obj. uns
IW_1056_2	IW	jaget	kêrte und gap die vluht . her îwein [[jaget]] in âne zuht engegen sîner burc dan .	Verb	Subj. her îwein, Obj. in
IW_7730_1	IW	jaget	dâ er dâ in versperret wart , und [[jaget]] ûf sînes herren vart , unz si in	Verb	parallel zu versperret wart, ûf sînes herren vart
JT_48254000_1	JT	jaget	. daz hant uns astronomici erfunden . so [[jaget]] uns diu minne , daz wir nie vremde	Verb	Subj. diu minne, Obj. uns
JUN_120_2	JUN	jaget	ist boser danne ein hofwart , wan er [[jaget]] niht die rehten vart . welch herre mag	Verb	Subj. er, Obj. vart
KAR_11377_5	KAR	jaget	verlorniu arbeit , daz ir in suochet oder [[jaget]] . nu si diz hâten gesaget , dô	Verb	parallel zu suochet (Verb), Subj. ir
KAR_7088_1	KAR	jaget	. sin genesent vor karle niemer . er [[jaget]] und suochtes iemer , unz er gerichet disen	Verb	Subj. er, parallel zu suochtes
KAR_8971_1	KAR	jaget	, irn muget doch niht entrinnen . er [[jaget]] iu nâch durch elliu lant , unz er	Verb	Subj. er, Obj. iu, nâch
KWL_6010_4	KWL	jaget	hiure mîner frouwen hulde twinget unde in trûren [[jaget]] . ich gelîche mîne frouwen sicherlîche rôsen in	Verb	parallel zu twinget, in trûren
LZT_2130_4	LZT	jaget	von ainem mann , des preys nach eren [[jaget]] . do im der künig in der himel	Verb	Relativsatz des preys nach eren jaget, Subj. man
LZT_8140_2	LZT	jaget	wer in zu unrecht laget , des wirde [[jaget]] auf der schanden spor . durch in in	Verb	Subj. wirde (des wirde), auf der schanden spor
LZT_88170_7	LZT	jaget	messeney mein kampf dich darumb noch in lasster [[jaget]] ! > gaban diss alles sagte gaharies ,	Verb	Subj. kampf, Obj. dich
MEL_79540_1	MEL	jaget	im diu wîl iht waere lanc . iedoch [[jaget]] in sîn gedanc ze sîner schoenen amîen ,	Verb	Subj. gedanc, Obj. in
MR1_81332064500_0	MR1	jaget	ümme , ir sliht fünde , ir krüme [[jaget]] dann die widervart . daz dünket mich ein	Verb	Subj. krüme (Vorsatz), Obj. widervart
MRA_1110405_4	MRA	jaget	noch enwizzen noch , daz mich mîn herze [[jaget]] , dar ich vil unsanfte komen mac .	Verb	Subj. herze, Obj. mich
MRA_1630103_1	MRA	jaget	: sô waenent topfknaben wîslîchen tuon : sô [[jaget]] unbilde mit hasen eberswîn : sô ervliuget einen	Verb	Subj. unbilde, mit hasen eberswîn
MSG_11602040_5	MSG	jaget	des aingeporn , wie sie laid in jamer [[jaget]] , wie sie wainet , wie sie klaget	Verb	Subj. sie, in jamer
MWE_10101100_4	MWE	jaget	hie bî mir bestên mîn vriunt . den [[jaget]] von mir dîn schîn . > der tac	Verb	Subj. schîn, Obj. den
NLB_16024_2	NLB	jaget	hagene niht langer si verdagen : < wer [[jaget]] uns ûf der strâze ? > daz muos	Verb	wer jaget uns (Subj. wer)
NLB_9394_3	NLB	jaget	man vie den spürhunt . dô wart sîn [[jaget]] daz rîche wol den burgonden kunt . dô	Substantiv	Possessiv sîn jaget, Subjekt von wart ... kunt
OVB_30300700_12	OVB	jaget	dir scheiden : grôz angest mich von liebe [[jaget]] . > ich hân erwelt mir selbe süezen	Verb	Subj. angest, Obj. mich
PL1_137012_1	PL1	jaget	und floh was er ummer mocht . hestor [[jaget]] sin nit lang und kam wiedder zu siner	Verb	Subj. hestor, sin nit lang
PL1_138416_6	PL1	jaget	; er slug es mit dem spere und [[jaget]] es den steynweg gegen der burg . das	Verb	Subj. er, Obj. es
PL1_146023_5	PL1	jaget	artus dristunt gesturczet von sim roß in der [[jaget]] , das im lancelot ymer als dick wiedder	Substantiv	Artikel in der jaget (Präp. + Art.)
PL1_147712_11	PL1	jaget	sprang zur thure und besloß sie . alda [[jaget]] er sie so lang biß das eyner in	Verb	Subj. er, Obj. sie
PL1_158305_14	PL1	jaget	mocht , und lancelot fast mit im und [[jaget]] yn so biß er zu siner burg kam	Verb	Subj. lancelot, Obj. yn
PRT_11724_4	PRT	jaget	iht leides saget , der trîbet weizgot unde [[jaget]] sîn herze in groezer ungemach . dâ von	Verb	parallel zu trîbet, Obj. herze
PRT_13635_3	PRT	jaget	sô si der wilde sturmwint an sîner tobeheite [[jaget]] . sam zwêne riter unverzaget wurben si nâch	Verb	Subj. sturmwint, in Parallelstelle TRO_32877 identisch
PZ_24111_6	PZ	jaget	snel : doch ist sneller daz diu senewe [[jaget]] . ob ich iu rehte hân gesaget ,	Verb	Subj. senewe
PZ_32928_1	PZ	jaget	diu wîle sî kurz oder lanc . mich [[jaget]] des endes mîn gedanc : dâvon gescheide ich	Verb	Subj. gedanc, Obj. mich
PZ_33809_5	PZ	jaget	vriunt alle mâl mit worten an daz hoeste [[jaget]] , derst prîses anderhalp verzaget . nû waere	Verb	Subj. wer, an daz hoeste
PZ_34008_6	PZ	jaget	swer verzaget sô daz er vliuhet ê man [[jaget]] , dast sînem prîse gar ze vruo .	Verb	ê man jaget, Subj. man
PZ_64929_4	PZ	jaget	ûzerhalp der riuwe tor von sînem herzen kummer [[jaget]] , daz ir an im iht sît verzaget	Verb	Subj. kummer, von sînem herzen
PZ_6527_4	PZ	jaget	lande nû hie sint ritter die diu minne [[jaget]] , vil küener helde unverzaget . hie hât	Verb	Subj. diu minne, Obj. ritter
PZ_69317_3	PZ	jaget	prîs wirt hôch und ganz oder daz er [[jaget]] mich an die stat , aldâ ich trite	Verb	Subj. er, Obj. mich
PZ_926_2	PZ	jaget	swillet sus mîn winster brust . ouwê war [[jaget]] mich mîn gelust ? ich solz versuochen ,	Verb	Subj. gelust, Obj. mich
REN_207720_6	REN	jaget	claget , und daz mich leit von vraeuden [[jaget]] . wie kuende ich ymmer werden vro ,	Verb	Subj. leit, Obj. mich
REN_298360_6	REN	jaget	maget , hin zu der mich min hertze [[jaget]] . nu helfet mir der verte zaewen .	Verb	Subj. hertze, Obj. mich
REN_35120_6	REN	jaget	> - < du enweist niht was mich [[jaget]] , kyburc , vil liebiu swester min ;	Verb	Subj. was, Obj. mich
REN_82740_5	REN	jaget	sit verzaget ; der vliuht e man in [[jaget]] , des herze ist gar ane ellen .	Verb	ê man in jaget (Subj. man)
RVBR_2535_1	RVBR	jaget	swar ich in der welte fliuch , sô [[jaget]] mir diu minne nâch . fliuch ich von	Verb	Subj. diu minne, mir nâch
RVBR_5087_1	RVBR	jaget	swar ich in der welte fliuch , sô [[jaget]] doch diu minne har mîn herz daz iuch	Verb	Subj. diu minne, mîn herz
RVR_50000700_3	RVR	jaget	dunket ez mich guot : swer êre gerne [[jaget]] , gevât ir deste mê . des bin	Verb	swer êre gerne jaget (Subj. swer, Obj. êre)
SFE_14870_6	SFE	jaget	meren , unz mich der tot da von [[jaget]] : des willen bin ich unverzaget und enbite	Verb	Subj. tot, Obj. mich
TAN_83100_5	TAN	jaget	minneclîchen maget , der minne ûz sînem herze [[jaget]] vröude unt allen hôhen muot . eins nahtes	Verb	Subj. minne, Obj. vröude
TAN_93670_5	TAN	jaget	süeze maget . < ûz mînem herzen vröude [[jaget]] sîn tôt , unt sol er sterben unt	Verb	Subj. tôt, Obj. vröude
TIT_120040_10	TIT	jaget	wol , daz ich in wider gein mir [[jaget]] senediu sorge , der mich doch kan mîden	Verb	Subj. sorge, Obj. in
TRH_23610_4	TRH	jaget	truoc gar listeclîchen an mit dem künige eine [[jaget]] . tristandes buoch hât mir gesaget , daz	Substantiv	Artikel eine jaget
TRH_24170_3	TRH	jaget	sich in der selben stunde geloubten der vorlornen [[jaget]] , als mir die âventiure saget und ich	Substantiv	Artikel + Adjektiv der vorlornen jaget (Gen.)
TRH_32480_1	TRH	jaget	ûf alle , die hie sîn , und [[jaget]] nâch dem neven mîn daz wazzer alles hin	Verb	parallel zu Verbalsatz, nâch dem neven
TRH_32800_7	TRH	jaget	: < ôhem , der künic nâch dir [[jaget]] und mit im alle die sîne ; isôt	Verb	Subj. künic, nâch dir
TRO_15256_4	TRO	jaget	wol die maget ! si birset leider unde [[jaget]] vil gerne z'allen stunden ; des lânt si	Verb	parallel zu birset (Verb)
TRO_20945_5	TRO	jaget	unde weiz , daz iuwer sin iht anders [[jaget]] , dann ir dem wirte hânt gesaget und	Verb	Subj. sin, Obj. adverbial
TRO_31427_4	TRO	jaget	si der wilde sturmewint vor im trîbet unde [[jaget]] . si bêde wâren unverzaget des herzen und	Verb	parallel zu trîbet, Subj. sturmewint
TRO_32877_3	TRO	jaget	sô si der wilde sturmewint in sîner tobeheite [[jaget]] . die schar kreftic und unverzaget pârîs der	Verb	Subj. sturmwint, Parallelstelle zu PRT_13635_3
TRO_37155_3	TRO	jaget	daz uns ein man besunder von hinnen algemeine [[jaget]] ? warumbe sîn wir hie verzaget sô vaste	Verb	Subj. man, von hinnen
TRU_311500_3	TRU	jaget	weiz wol , daz nampotanîs hiute birset unde [[jaget]] , daz hât ein bote mir gesaget .	Verb	parallel zu birset
TUS_60100600_10	TUS	jaget	noch ein sælic wîp mîn herze in hôchgemüete [[jaget]] . sælic wîp , dîn êre jaget daz	Verb	Subj. wîp, Obj. herze
TUS_60200200_0	TUS	jaget	hôchgemüete jaget . sælic wîp , dîn êre [[jaget]] daz herze mîn in hôhen muot . ich	Verb	Subj. êre, Obj. herze
WEL_1111_4	WEL	jaget	hie bî mir bestên mîn friunt : den [[jaget]] von mir dîn schîn . > der tac	Verb	Subj. schîn, Obj. den
WGA_1331500_5	WGA	jaget	vliehen sol , ern sæhe daz man in [[jaget]] , anders wær er gar verzaget . dô	Verb	ê man in jaget (Subj. man)
WGA_989300_4	WGA	jaget	der girde hunt , wan si suochet unde [[jaget]] daz der girde wol behaget . wizzet vür	Verb	parallel zu suochet
WGM_2110_1	WGM	jaget	jr dan vor habt horen sagen ; der [[jaget]] jn dem walde . nu sach er lauffen	Verb	Subj. der, jn dem walde
WH_28126_1	WH	jaget	, etlicher sin mit würfen pflac . der [[jaget]] er manigen al den tac . sus het	unklar	der jaget er manigen al den tac: Verb mit Subj. er plausibel (Prät. kontrahiert), aber der + Obj. manigen im Satzbau unklar; Neigung Verb
WLE_325_5	WLE	jaget	dâ sünde lêret und der uns ûf unkiusche [[jaget]] . sîn kraft von dîner kraft verzaget .	Verb	Relativsatz, uns ûf unkiusche
WUT_11701_5	WUT	jaget	ze vil . ein jâmer mich ze fluste [[jaget]] . > arabel in dô gar saget ,	Verb	Subj. jâmer, Obj. mich
WUT_15208_5	WUT	jaget	uns entsaget ; unser herze nâch des helfe [[jaget]] , der sô in güet ist erkant .	Verb	Subj. herze, nâch helfe
WUT_15604_5	WUT	jaget	niht versaget . der heiden kraft uns nâch [[jaget]] : wie vil der sî , des weiz	Verb	Subj. kraft, uns nâch
WUT_31204_6	WUT	jaget	betaget . ob sî wol sippe gein uns [[jaget]] , die hât ir tugent sô erzeiget ,	Verb	Subj. sippe, gein uns
WUT_33427_5	WUT	jaget	fröuden nider , unfröude mit jâmer an ir [[jaget]] , si gesehe alýzen die maget ob ir	Verb	Subj. unfröude, an ir
WUT_34114_3	WUT	jaget	jâmer mit tôdes vâr . verlorniu minne den [[jaget]] dar , zorn und haz sî lie ze	Verb	Subj. minne, Obj. den
WUT_4413_2	WUT	jaget	zerfuor . in poinderlîches hurtes ruor halzibier er [[jaget]] zuo angstes zil . ez gie nû ûz	Verb	Subj. er, Obj. halzibier
WUT_7403_4	WUT	jaget	sus bieten drô ? ich mein , ir [[jaget]] ze valles zil , swer iwer süez volgen	Verb	Subj. ir, ze valles zil
WUT_8320_7	WUT	jaget	versaget ir helf , der doch nâ prîse [[jaget]] . nû muoz ich tulden jâmers klagen .	Verb	Subj. der, nâ prîse
WUT_8911_3	WUT	jaget	sîn fröude het bespart . sîn herz in [[jaget]] ze flustes wân . ir süezer kus tet	Verb	Subj. herz, Obj. in
WUT_9131_2	WUT	jaget	tîbalt wil von der küniginne , der liebe [[jaget]] ûz minne sinne . man hât ir hie	Verb	Subj. liebe, ûz minne sinne
WVO_1880600_0	WVO	jaget	. vrau aventuer , sit niht laz ! [[jaget]] aber fuerbaz diu lob richen maer ! da	Verb	Imperativ/Anrede an vrau aventuer, Obj. diu lobrichen maer
WVO_225500_4	WVO	jaget	er dannen rait , wan in die minne [[jaget]] : aglyen die maget het er gesehen gerne	Verb	Subj. minne, Obj. in
WVV_1152040700_1	WVV	jaget	mîn herze swebt in sunnen hô , daz [[jaget]] der winter in ein strô . ich bin	Verb	Subj. winter, Obj. daz
WVW_6273_7	WVW	jaget	. ez kumet ouch dicke daz man sie [[jaget]] . sô gênt sie vür unverzaget den jagenden	Verb	man sie jaget (Subj. man, Obj. sie)
WVW_6542_4	WVW	jaget	man selden klaget : ez richet daz krieclîchiu [[jaget]] . doch enweiz ich ob irz hât vernomen	unklar	ez richet daz krieclîchiu jaget: krieclîchiu (Adj.) vor jaget spricht für Substantiv (daz kriegerische Jagen/Jagd), aber Satzbau dunkel
AK_48236_5	AK	jeit	er reit , und die ir herze darzuo [[jeit]] , daz si sich liezen gezemen den orden	Verb	Subj. herze (relativ), darzuo
AXU_14154_6	AXU	jeit	leit , ez müet aber den der in [[jeit]] . die persân volgeten sîme spor , den	Verb	der in jeit (Subj. der, Obj. in)
AXU_18959_6	AXU	jeit	heten gelâzen ze einem hirze , den dô [[jeit]] alexander und sich verreit , wann er vor	Verb	Subj. alexander, Obj. hirze (den dô jeit alexander)
AXU_23301_6	AXU	jeit	was geriten von der stat verre an ein [[jeit]] . von sînem wîp man seit , daz	Substantiv	Artikel an ein jeit
AXU_25120_5	AXU	jeit	sô geseit , wenn ir keiner einen menschen [[jeit]] , dem er volget ûf sîm spor ;	Verb	wenn ir keiner einen menschen jeit (Obj. menschen)
AXU_4948_5	AXU	jeit	tugent seit . mîn herze jâmer nâch dir [[jeit]] . soltestu noch bî mir genesen oder waer	Verb	Subj. herze, nâch dir
DFL_97860_1	DFL	jeit	erwelten kastelân treip man dar crefticlîchen . dô [[jeit]] man ermrîchen gegen bôlonje zuo der stat .	Verb	dô jeit man ermrîchen (Subj. man, Obj.)
FB_635017_4	FB	jeit	die vil reinen wîp für alle freude minnet [[jeit]] der sol ouch frowen wesen leit man sol	Substantiv	minnet jeit: Objekt zu minnet, im Folgesatz mit sînem jeide
FB_636006_4	FB	jeit	sol ich gelouben daz daz einem herren müge [[jeit]] baz tuon dann er ein schoene wîp und	Substantiv	jeit als Subjekt neben müge ... tuon (mittlere Sicherheit)
JSG_1407_6	JSG	jeit	loufen : < und welnt ir wegen iuwer [[jeit]] gegen eim walthunde , des degenheit ouch nie	Substantiv	Possessiv iuwer jeit, wegen + Gen. (gegen eim walthunde)
MEL_71840_6	MEL	jeit	walt geleit dâ mîn herre ze allen zîten [[jeit]] reht bî sîner fiwerstat , daz sîn nimmer	Verb	Subj. mîn herre, ze allen zîten, reht bî sîner fiwerstat
WGA_186200_4	WGA	jeit	in ir herzen treit daz si dâ allenthalben [[jeit]] . von stat ze stat si varn mac	Verb	Subj. si (Frau Unstaete), allenthalben
WGA_187200_6	WGA	jeit	er treit daz in von stat ze stat [[jeit]] . unstæte versuochet vil der spîse der si	Verb	Subj. er/daz, von stat ze stat
WGA_392500_2	WGA	jeit	vierde lît ze der taverne , der vümfte [[jeit]] zaller zît , der sehst bî wîben sich	Verb	Aufzählung Subj. der vümfte, parallel zu minnet, phleget, lît
WGA_411100_1	WGA	jeit	daz guoter spîse ist harte vil ! swer [[jeit]] ode beizet gerne und swer gern ist bî	Verb	swer jeit ode beizet (parallel zu beizet)
WGA_995900_4	WGA	jeit	wolf sehen an , der vliuhet drât , [[jeit]] man in drât ; an sîner vluht die	Verb	jeit man in (Subj. man)
WUT_10431_3	WUT	jeit	fianz dô swachen leit , überkraft mich darzuo [[jeit]] . grôz ungelücke mir geschach : mîn lanze	Verb	Subj. überkraft, Obj. mich
WUT_11304_7	WUT	jeit	, daz ist ein fröude , diu mich [[jeit]] vroelîchen von dem lîbe . süezest aller wîbe	Verb	Subj. fröude, Obj. mich
WUT_14231_3	WUT	jeit	diu ê vaste streit , minne guot z'erbarmunge [[jeit]] . nû nam sî der heiden fianz .	Verb	Subj. minne, z erbarmunge
WUT_15403_5	WUT	jeit	unfröude grôz . ganzer zorn sî nâch fluste [[jeit]] . doch was nû vil unverzeit der markîs	Verb	Subj. sî, nâch fluste
WUT_15614_5	WUT	jeit	habt geseit , des fröude mich ze helfe [[jeit]] . sît iwer helfe so ist vereint ,	Verb	Subj. fröude, mich ze helfe
WUT_1714_5	WUT	jeit	nû streit . sîn poinder dâ vil mangen [[jeit]] ûz dem satel in den sâmen . die	Verb	Subj. poinder, Obj. mangen
WUT_20011_2	WUT	jeit	, do er den minnegernden gahmuret ze valle [[jeit]] durch den adamas , daz herzeloyden fröud erlas	Verb	Subj. er/gahmuret, ze valle
WUT_2020_8	WUT	jeit	ob des < jâ > unmilt ze lône [[jeit]] . niderr art sol man tugend jehen ,	Verb	unmilt ze lône jeit
WUT_22016_6	WUT	jeit	verzeit , die minne durch helfe zuo iu [[jeit]] , ir enbüt in trôst und helfe rât	Verb	Subj. minne, zuo iu
WUT_23911_5	WUT	jeit	rihte sân . des hôhen meres und uns [[jeit]] . dem emeral was hie daz varn leit	Verb	Subj. uns, hôhen meres
WUT_24431_6	WUT	jeit	breit : nû wizzet , daz sî liebe [[jeit]] . lieb hât sî iu erzeiget wol .	Verb	Subj. sî, liebe
WUT_27531_6	WUT	jeit	versneit , sô daz siu in ze valle [[jeit]] . dû bekenne , boeser geist ! sît	Verb	siu in ze valle jeit (Subj. siu, Obj. in)
WUT_31409_5	WUT	jeit	swen ritterlîchiu dol ze velde alde in strîten [[jeit]] ) : dem künege ez allez wol beheit	Verb	Subj. dol, in strîten
WUT_33110_2	WUT	jeit	mahte zuo dem reinen kleit . kýburge herzeliebe [[jeit]] gein fîvianz und gein mîlen . ouch wâren	Verb	Subj. herzeliebe, gein fîvianz
WUT_33413_7	WUT	jeit	widertreip des willen , der sî ze fröuden [[jeit]] . nu enbôt alýze diu meit mit fîvianze	Verb	Subj. diu meit/der, sî ze fröuden
WUT_4628_5	WUT	jeit	vil gestreit . nû hoert : dirre manheit [[jeit]] hin , dâ sî die herte sâhen .	Verb	Subj. manheit, hin
WUT_501_3	WUT	jeit	durchfremt nie minn getât . tîbalt verlorne minn [[jeit]] . minn fluht sich durch lieb entseit zuo	Verb	Subj. minn, verlorne minn
WUT_5402_1	WUT	jeit	der schade was nû vergolten gar . nû [[jeit]] trûrlîche var berhtram der noch suochende reit .	Verb	nû jeit trûrlîche var berhtram (Subj. berhtram)
WUT_5830_6	WUT	jeit	leit . er bevant an ir daz herze [[jeit]] : ir blik im minnschâch nû seit .	Verb	Subj. herze
WUT_6927_5	WUT	jeit	durch minn bejage minn in nâch minn lône [[jeit]] . dâ von ein lanz sîn leben sneit	Verb	Subj. minn, nâch minn lône
WUT_8102_2	WUT	jeit	diz was der kuniginne wort , die minne [[jeit]] und liebe hort nâch verlorner minn tschanze .	Verb	Subj. minne (die minne jeit), Obj. hort
WUT_8129_6	WUT	jeit	küniginne , der herz ein minn ze liebe [[jeit]] . swie sî dem markîs widerseit , diu	Verb	Subj. herz, ze liebe
WUT_8228_1	WUT	jeit	im tiur minnlôn wan ein minnkus . dannoch [[jeit]] in mîn minn sus ûz môrlant durch heidenschaft	Verb	Subj. minn, in mîn minn sus
KCR_69070_1	KCR	gejac	. alse der man wider chom , sîn [[gejac]] geviel im aller vil wol . dô er	Substantiv	Possessiv sîn gejac
GAR_158120_4	GAR	iait	seinem vanen prait . pey dem aller naechste [[iait]] gilam , der edel fuerst palt und der	Substantiv	Präp. + Artikel + Superlativ (pey dem naechste iait)
TKR_2610390561_5	TKR	iait	vierdin iar . wi herczog vlrich an der [[iait]] ein burg vant in der wildnisz . cu	Substantiv	Artikel an der iait
NBB_9314_8	NBB	iegde	den lop vor in allen er an dem [[iegde]] gewan er was in allen dingen biderbe genvch	Substantiv	Artikel an dem iegde
NBB_9294_4	NBB	iegede	tiere dvrch den tan wir chomen wol ce [[iegede]] sprach der criemhilde man do nam ein alter	Substantiv	Präp. ce iegede
LGR_1567000_9	LGR	ieide	lutringer und der gast sich rihten an die [[ieide]] und an maniger hande spil . sô was	Substantiv	Artikel an die ieide
NLA_88430_4	NLA	ieides	daz man solde geben in den pris des [[ieides]] des kvnde niht geschehen do der starke sifrit	Substantiv	Artikel des ieides
JT_12034000_5	JT	jaegde	was herte . gardivias zukte unde sprank durch [[jaegde]] uf des wunden tieres verte . er was	Substantiv	Präp. durch jaegde
FD_167305_2	FD	jagat	manic biderbe ritter sî des twanc ûf der [[jagat]] wart geseit daz boese swinde swerende leit daz	Substantiv	Artikel ûf der jagat
FDS_1673005_2	FDS	jagat	biderbe ritter si des twanc . uf der [[jagat]] wart geseit daz boese , swinde , swerende	Substantiv	Artikel uf der jagat
JT_11794000_5	JT	jagde	gemuoten sande , von dem er uf dem [[jagde]] schiet ! daz sit si beide an hohen	Substantiv	Artikel uf dem jagde
JT_48611000_4	JT	jagenes	mit jeide schuofen . andolt , der meister [[jagenes]] , hie blies mit einem zinde . den	unklar	der meister jagenes: Genitiv eines substantivierten Infinitivs jagen; gehört nach Form eher zu lemma_3102 (Inf.) als zu jagât
JT_43134000_4	JT	jagennes	loup der hagele : der erste was er [[jagennes]] , der vluhte weder an houbet noch an	unklar	der erste was er jagennes: Genitiv eines substantivierten Infinitivs jagen; wie 172
FBS_1349_4	FBS	jaide	in jagen sol . si wellen in dem [[jaide]] eine sin , da mit si sparn prot	Substantiv	Artikel in dem jaide
DGP_2092750_1	DGP	jait	begond ich vaste zu zim ziehen . ich [[jait]] in harte balde vor mir hin gein walde	Verb	ich jait in: Subj. ich, Obj. in, Präteritum
NLB_9344_8	NLB	jegde	den lop er vor in allen an dem [[jegde]] gewan . er was an allen dingen biderbe	Substantiv	Artikel an dem jegde
NLB_9324_4	NLB	jegede	durch den tan . wir komen wol ze [[jegede]] , > sprach der kriemhilde man . dô	Substantiv	Präp. ze jegede
FB_635020_2	FB	jeide	sol in bî den hunden lân mit sînem [[jeide]] lân umb gân sît im mit jeide ist	Substantiv	Possessiv sînem jeide
FB_635021_3	FB	jeide	sînem jeide lân umb gân sît im mit [[jeide]] ist alsô wol daz er wirt nimmer freuden	Substantiv	Präp. mit jeide
FB_636015_3	FB	jeide	nieman mit in jagen sol si weln zem [[jeide]] eine sîn dâ mit si sparnt prôt unde	Substantiv	Artikel zem jeide
FBS_1322_2	FBS	jeide	in bi den hunden lan , mit sinem [[jeide]] lan umb gan . sit im mit jeide	Substantiv	Possessiv sinem jeide
FBS_1323_3	FBS	jeide	jeide lan umb gan . sit im mit [[jeide]] ist also wol , daz er wirt nimmer	Substantiv	Präp. mit jeide
JT_48604000_9	JT	jeide	sie von britanje des kuniges willen da mit [[jeide]] schuofen . andolt , der meister jagenes ,	Substantiv	Präp. da mit jeide
NLA_87540_4	NLA	jeide	tiere durch den tan wir komen wol ce [[jeide]] sprach der kriemhilde man do nam ein alter	Substantiv	Präp. ce jeide
