sigle,alt,neu,lemmatisiert,erschlossen,anteil_prozent
ABG,Noch nicht disambiguiert.,Teilweise semantisch disambiguiert.,2996,2251,75.1
ABS,Voll lemmatisiert aber nicht disambiguiert.,"Voll lemmatisiert, teilweise semantisch disambiguiert.",3364,2723,80.9
AC1,"Lemmatisiert, nicht disambiguiert.","Lemmatisiert, teilweise semantisch disambiguiert.",8104,6163,76.0
ADP,"Nur teilweise lemmatisiert, nicht disambiguiert.","Nur teilweise lemmatisiert, teilweise semantisch disambiguiert.",76353,60049,78.6
AGS,Noch nicht disambiguiert.,Semantisch disambiguiert.,481,481,100.0
AK,"Lemmatisiert, aber noch nicht disambiguiert.","Lemmatisiert, teilweise semantisch disambiguiert.",35460,26931,75.9
ALL,Noch nicht disambiguiert.,Semantisch disambiguiert.,275,275,100.0
ALX,"Vollständig lemmatisiert, aber noch nicht disambiguiert.","Vollständig lemmatisiert, teilweise semantisch disambiguiert.",1510,1100,72.8
AMI,"Lemmatisiert, aber noch nicht disambiguiert.","Lemmatisiert, teilweise semantisch disambiguiert.",11546,9007,78.0
AML,"Lemmatisiert, nicht disambiguiert.","Lemmatisiert, semantisch disambiguiert.",421,421,100.0
ANN,"Lemmatisiert, nicht disambiguiert.","Lemmatisiert, teilweise semantisch disambiguiert.",3993,3013,75.5
APO,"Lemmatisiert, nicht disambiguiert.","Lemmatisiert, teilweise semantisch disambiguiert.",12821,9840,76.7
ARB,"Lemmatisiert, nicht disambiguiert.","Lemmatisiert, teilweise semantisch disambiguiert.",1475,1142,77.4
ARK,"Lemmatisiert, aber noch nicht disambiguiert.","Lemmatisiert, teilweise semantisch disambiguiert.",763,587,76.9
ASG,"Lemmatisiert, nicht disambiguiert.","Lemmatisiert, teilweise semantisch disambiguiert.",1108,834,75.3
AT,"Lemmatisiert, nicht disambiguiert.","Lemmatisiert, teilweise semantisch disambiguiert.",14330,11403,79.6
ATF,"lemmatisiert, noch nicht disambiguiert.","lemmatisiert, teilweise semantisch disambiguiert.",12513,9818,78.5
AUK,Noch nicht disambiguiert.,Semantisch disambiguiert.,302,302,100.0
AUN,Noch nicht disambiguiert.,Semantisch disambiguiert.,290,290,100.0
AUP,"Lemmatisiert, nicht disambiguiert.","Lemmatisiert, teilweise semantisch disambiguiert.",1603,1161,72.4
AX,Lemmatisiert aber nicht disambiguiert.,"Lemmatisiert, teilweise semantisch disambiguiert.",6164,4799,77.9
AXH,"Lemmatisiert, nicht disambiguiert.","Lemmatisiert, teilweise semantisch disambiguiert.",8737,6418,73.5
AXK,"Lemmatisiert, aber nicht disambiguiert.","Lemmatisiert, teilweise semantisch disambiguiert.",1358,1029,75.8
AXS,"Voll lemmatisiert, aber noch nicht disambiguiert.","Voll lemmatisiert, teilweise semantisch disambiguiert.",24112,18232,75.6
AXU,Noch nicht lemmatisiert und nicht disambiguiert.,"Teilweise lemmatisiert, teilweise semantisch disambiguiert.",123861,91789,74.1
AXV,"Nur teilweise lemmatisiert, noch nicht disambiguiert.","Nur teilweise lemmatisiert, teilweise semantisch disambiguiert.",6131,4691,76.5
AXW,"Lemmatisiert, noch nicht disambiguiert.","Lemmatisiert, teilweise semantisch disambiguiert.",25161,19552,77.7
AZW,"Lemmatisiert, nicht disambiguiert.","Lemmatisiert, teilweise semantisch disambiguiert.",559,393,70.3
BAR,Noch nicht lemmatisiert und disambiguiert.,"Teilweise lemmatisiert, teilweise semantisch disambiguiert.",70776,53843,76.1
BEK,Noch nicht disambiguiert.,Teilweise semantisch disambiguiert.,860,667,77.6
BES,Noch nicht disambiguiert.,Semantisch disambiguiert.,748,748,100.0
BGM,Noch nicht disambiguiert.,Teilweise semantisch disambiguiert.,2088,1641,78.6
BIB,Noch nicht disambiguiert.,Semantisch disambiguiert.,196,196,100.0
BIL,Noch nicht disambiguiert.,Teilweise semantisch disambiguiert.,751,574,76.4
BIM,"Lemmatisiert, nicht disambiguiert.","Lemmatisiert, semantisch disambiguiert.",632,632,100.0
BMG,Noch nicht disambiguiert.,Semantisch disambiguiert.,251,251,100.0
BOP,"Lemmatisiert, nicht disambiguiert.","Lemmatisiert, teilweise semantisch disambiguiert.",1180,929,78.7
BRF,"Lemmatisiert, aber nicht disambiguiert.","Lemmatisiert, teilweise semantisch disambiguiert.",57942,45218,78.0
BRIX,- Voll lemmatisiert aber nicht disambiguiert.,"- Voll lemmatisiert, teilweise semantisch disambiguiert.",3489,2673,76.6
BRZ,"Lemmatisiert, nicht disambiguiert.","Lemmatisiert, teilweise semantisch disambiguiert.",5702,4537,79.6
BST,"Lemmatisiert, nicht disambiguiert.","Lemmatisiert, semantisch disambiguiert.",416,416,100.0
BUH,"Lemmatisiert, nicht disambiguiert.","Lemmatisiert, teilweise semantisch disambiguiert.",3629,3562,98.2
BUS,Noch nicht disambiguiert.,Semantisch disambiguiert.,633,633,100.0
BVH,Noch nicht disambiguiert.,Semantisch disambiguiert.,56,56,100.0
BVL,"Lemmatisiert, nicht disambiguiert.","Lemmatisiert, semantisch disambiguiert.",491,491,100.0
BVO,"Lemmatisiert, nicht disambiguiert.","Lemmatisiert, semantisch disambiguiert.",634,634,100.0
BVSN,"Vollständig lemmatisiert, aber noch nicht disambiguiert.","Vollständig lemmatisiert, teilweise semantisch disambiguiert.",16100,12464,77.4
BZI,Noch nicht disambiguiert.,Semantisch disambiguiert.,576,576,100.0
CDV,Noch nicht disambiguiert.,Semantisch disambiguiert.,134,134,100.0
CGF,Noch nicht disambiguiert.,Semantisch disambiguiert.,176,176,100.0
CHH,"Vollständig lemmatisiert, aber noch nicht disambiguiert.","Vollständig lemmatisiert, teilweise semantisch disambiguiert.",21397,16502,77.1
CKI,"Lemmatisiert, nicht disambiguiert.","Lemmatisiert, teilweise semantisch disambiguiert.",892,692,77.6
CL,Nicht disambiguiert.,Teilweise semantisch disambiguiert.,819,590,72.0
CR,Voll lemmatisiert und disambiguiert.,Voll lemmatisiert und teilweise semantisch disambiguiert.,8550,8274,96.8
CRO,"Lemmatisiert, aber noch nicht disambiguiert.","Lemmatisiert, teilweise semantisch disambiguiert.",108827,81567,75.0
DA,Voll lemmatisiert und disambiguiert.,Voll lemmatisiert und teilweise semantisch disambiguiert.,41033,39912,97.3
DAH,Noch nicht disambiguiert.,Teilweise semantisch disambiguiert.,5939,4558,76.7
DAL,Noch nicht disambiguiert.,Semantisch disambiguiert.,574,574,100.0
DAR,Noch nicht disambiguiert.,Teilweise semantisch disambiguiert.,698,538,77.1
DBD,Noch nicht disambiguiert.,Semantisch disambiguiert.,284,284,100.0
DBE,Noch nicht disambiguiert.,Teilweise semantisch disambiguiert.,972,780,80.2
DBF,Noch nicht disambiguiert.,Semantisch disambiguiert.,136,136,100.0
DBK,Noch nicht disambiguiert.,Teilweise semantisch disambiguiert.,2873,2274,79.2
DBS,Noch nicht disambiguiert.,Semantisch disambiguiert.,472,472,100.0
DDL,"Lemmatisiert, nicht disambiguiert.","Lemmatisiert, teilweise semantisch disambiguiert.",942,725,77.0
DDM,"Lemmatisiert, nicht disambiguiert.","Lemmatisiert, teilweise semantisch disambiguiert.",1594,1197,75.1
DEG,"Lemmatisiert, nicht disambiguiert.","Lemmatisiert, teilweise semantisch disambiguiert.",590,452,76.6
DEH,Noch nicht disambiguiert.,Teilweise semantisch disambiguiert.,763,604,79.2
DEK,Noch nicht disambiguiert.,Teilweise semantisch disambiguiert.,1051,820,78.0
DES,Noch nicht disambiguiert.,Teilweise semantisch disambiguiert.,646,496,76.8
DES2,- Voll lemmatisiert aber nicht disambiguiert.,"- Voll lemmatisiert, teilweise semantisch disambiguiert.",3992,3017,75.6
DFB,Noch nicht disambiguiert.,Teilweise semantisch disambiguiert.,397,295,74.3
DFE,"Lemmatisiert, nicht disambiguiert.","Lemmatisiert, teilweise semantisch disambiguiert.",1171,889,75.9
DFJ,Noch nicht disambiguiert.,Semantisch disambiguiert.,88,88,100.0
DFK,Noch nicht disambiguiert.,Teilweise semantisch disambiguiert.,827,658,79.6
DFL,"Lemmatisiert, aber nicht disambiguiert.","Lemmatisiert, teilweise semantisch disambiguiert.",44122,34061,77.2
DFR,Noch nicht disambiguiert.,Teilweise semantisch disambiguiert.,7205,5454,75.7
DFS,"Lemmatisiert, nicht disambiguiert.","Lemmatisiert, teilweise semantisch disambiguiert.",920,728,79.1
DFT,"Lemmatisiert, nicht disambiguiert.","Lemmatisiert, teilweise semantisch disambiguiert.",1538,1160,75.4
DGA,"Lemmatisiert, nicht disambiguiert.","Lemmatisiert, semantisch disambiguiert.",312,312,100.0
DGH,Noch nicht disambiguiert.,Teilweise semantisch disambiguiert.,670,489,73.0
DGK,Noch nicht disambiguiert.,Teilweise semantisch disambiguiert.,477,345,72.3
DGM,"Lemmatisiert, nicht disambiguiert.","Lemmatisiert, semantisch disambiguiert.",269,269,100.0
DGP,Noch nicht disambiguiert.,Teilweise semantisch disambiguiert.,1320,1024,77.6
DGR,Noch nicht disambiguiert.,Teilweise semantisch disambiguiert.,598,451,75.4
DGS,"Lemmatisiert, nicht disambiguiert.","Lemmatisiert, semantisch disambiguiert.",277,277,100.0
DGT,Noch nicht disambiguiert.,Semantisch disambiguiert.,217,217,100.0
DHA,Noch nicht disambiguiert.,Semantisch disambiguiert.,111,111,100.0
DHE,Noch nicht disambiguiert.,Teilweise semantisch disambiguiert.,789,628,79.6
DHH,Noch nicht disambiguiert.,Semantisch disambiguiert.,220,220,100.0
DHO,Noch nicht disambiguiert.,Semantisch disambiguiert.,342,342,100.0
DHP,Noch nicht disambiguiert.,Semantisch disambiguiert.,205,205,100.0
DHS,Noch nicht disambiguiert.,Semantisch disambiguiert.,468,468,100.0
DHW,Noch nicht disambiguiert.,Semantisch disambiguiert.,578,578,100.0
DIO,"Lemmatisiert, nicht disambiguiert.","Lemmatisiert, teilweise semantisch disambiguiert.",39639,30283,76.4
DJA,Noch nicht disambiguiert.,Teilweise semantisch disambiguiert.,514,382,74.3
DJB,Noch nicht disambiguiert.,Semantisch disambiguiert.,116,116,100.0
DJEM,"Teilw. lemmatisiert, aber noch nicht disambiguiert.","Teilw. lemmatisiert, teilweise semantisch disambiguiert.",8349,6268,75.1
DJR,Noch nicht disambiguiert.,Teilweise semantisch disambiguiert.,1221,906,74.2
DJUM,"Vollständ. lemmatisiert, aber noch nicht disambiguiert.","Vollständ. lemmatisiert, teilweise semantisch disambiguiert.",9278,6925,74.6
DKA,Noch nicht disambiguiert.,Semantisch disambiguiert.,773,773,100.0
DKF,Noch nicht disambiguiert.,Teilweise semantisch disambiguiert.,803,616,76.7
DKI,Noch nicht disambiguiert.,Semantisch disambiguiert.,473,473,100.0
DKK,Noch nicht disambiguiert.,Teilweise semantisch disambiguiert.,2554,1943,76.1
DKM,"Lemmatisiert, aber noch nicht disambiguiert.","Lemmatisiert, teilweise semantisch disambiguiert.",559,430,76.9
DKN,"Lemmatisiert, nicht disambiguiert.","Lemmatisiert, semantisch disambiguiert.",388,388,100.0
DKR,Noch nicht disambiguiert.,Semantisch disambiguiert.,519,519,100.0
DLF,"Lemmatisiert, nicht disambiguiert.","Lemmatisiert, teilweise semantisch disambiguiert.",2374,1789,75.4
DMA,Noch nicht disambiguiert.,Teilweise semantisch disambiguiert.,726,546,75.2
DMB,Noch nicht disambiguiert.,Semantisch disambiguiert.,732,732,100.0
DMD,Noch nicht disambiguiert.,Teilweise semantisch disambiguiert.,816,634,77.7
DME,Noch nicht disambiguiert.,Teilweise semantisch disambiguiert.,4924,3742,76.0
DMK,Noch nicht disambiguiert.,Semantisch disambiguiert.,341,341,100.0
DML,Noch nicht disambiguiert.,Semantisch disambiguiert.,605,605,100.0
DMN,"Lemmatisiert, nicht disambiguiert.","Lemmatisiert, teilweise semantisch disambiguiert.",2021,1568,77.6
DNB,Noch nicht disambiguiert.,Teilweise semantisch disambiguiert.,821,631,76.9
DNR,Noch nicht disambiguiert.,Semantisch disambiguiert.,553,553,100.0
DNT,"Lemmatisiert, nicht disambiguiert.","Lemmatisiert, teilweise semantisch disambiguiert.",2332,1803,77.3
DRA,Noch nicht disambiguiert.,Teilweise semantisch disambiguiert.,711,524,73.7
DRE,"Lemmatisiert, nicht disambiguiert.","Lemmatisiert, teilweise semantisch disambiguiert.",2234,1691,75.7
DRH,Noch nicht disambiguiert.,Semantisch disambiguiert.,90,90,100.0
DRT,Noch nicht disambiguiert.,Teilweise semantisch disambiguiert.,1510,1179,78.1
DRW,Noch nicht disambiguiert.,Teilweise semantisch disambiguiert.,850,643,75.6
DSA,Noch nicht disambiguiert.,Semantisch disambiguiert.,397,397,100.0
DSE,Noch nicht disambiguiert.,Semantisch disambiguiert.,531,531,100.0
DSK,Noch nicht disambiguiert.,Semantisch disambiguiert.,164,164,100.0
DSL,Noch nicht disambiguiert.,Semantisch disambiguiert.,141,141,100.0
DSP,Noch nicht disambiguiert.,Teilweise semantisch disambiguiert.,779,559,71.8
DST,Noch nicht disambiguiert.,Teilweise semantisch disambiguiert.,849,684,80.6
DSU,"Lemmatisiert, nicht disambiguiert.","Lemmatisiert, semantisch disambiguiert.",521,521,100.0
DSW,"Lemmatisiert, nicht disambiguiert.","Lemmatisiert, teilweise semantisch disambiguiert.",470,354,75.3
DTF,Noch nicht disambiguiert.,Semantisch disambiguiert.,311,311,100.0
DTG,Noch nicht disambiguiert.,Teilweise semantisch disambiguiert.,1231,991,80.5
DTP,Noch nicht disambiguiert.,Teilweise semantisch disambiguiert.,885,708,80.0
DTS,Noch nicht disambiguiert.,Semantisch disambiguiert.,92,92,100.0
DTU,Noch nicht disambiguiert.,Semantisch disambiguiert.,420,420,100.0
DUB,Noch nicht disambiguiert.,Semantisch disambiguiert.,46,46,100.0
DUJ,Noch nicht disambiguiert.,Semantisch disambiguiert.,274,274,100.0
DUM,"Lemmatisiert, nicht disambiguiert.","Lemmatisiert, teilweise semantisch disambiguiert.",3125,2296,73.5
DUR,"Lemmatisiert, nicht disambiguiert.","Lemmatisiert, teilweise semantisch disambiguiert.",807,565,70.0
DUS,Noch nicht disambiguiert.,Semantisch disambiguiert.,657,657,100.0
DUZ,Noch nicht disambiguiert.,Semantisch disambiguiert.,743,743,100.0
DVC,Noch nicht disambiguiert.,Semantisch disambiguiert.,389,389,100.0
DVF,Noch nicht disambiguiert.,Teilweise semantisch disambiguiert.,493,399,80.9
DWA,"Lemmatisiert, nicht disambiguiert.","Lemmatisiert, teilweise semantisch disambiguiert.",2350,1787,76.0
DWE,Noch nicht disambiguiert.,Teilweise semantisch disambiguiert.,616,486,78.9
DWF,Noch nicht disambiguiert.,Teilweise semantisch disambiguiert.,502,415,82.7
DWG,Noch nicht disambiguiert.,Teilweise semantisch disambiguiert.,574,448,78.0
DWI,Noch nicht disambiguiert.,Teilweise semantisch disambiguiert.,481,335,69.6
DWJ,Noch nicht disambiguiert.,Semantisch disambiguiert.,285,285,100.0
DWP,Noch nicht disambiguiert.,Teilweise semantisch disambiguiert.,481,346,71.9
DWR,Noch nicht disambiguiert.,Semantisch disambiguiert.,720,720,100.0
DWS,Noch nicht disambiguiert.,Semantisch disambiguiert.,312,312,100.0
DWU,Noch nicht disambiguiert.,Teilweise semantisch disambiguiert.,889,684,76.9
DWW,Noch nicht disambiguiert.,Semantisch disambiguiert.,352,352,100.0
DZB,"Lemmatisiert, nicht disambiguiert.","Lemmatisiert, semantisch disambiguiert.",504,504,100.0
DZH,Noch nicht disambiguiert.,Semantisch disambiguiert.,615,615,100.0
EAL,"Lemmatisiert, nicht disambiguiert.","Lemmatisiert, teilweise semantisch disambiguiert.",817,629,77.0
EB1,"Lemmatisiert, nicht disambiguiert.","Lemmatisiert, teilweise semantisch disambiguiert.",1550,1192,76.9
EBS,"Lemmatisiert, noch nicht disambiguiert.","Lemmatisiert, teilweise semantisch disambiguiert.",569,426,74.9
EBW,"Lemmatisiert, nicht disambiguiert.","Lemmatisiert, teilweise semantisch disambiguiert.",462,349,75.5
EGA,Noch nicht disambiguiert.,Semantisch disambiguiert.,89,89,100.0
EGF,Noch nicht disambiguiert.,Teilweise semantisch disambiguiert.,1546,1182,76.5
EGH,Noch nicht disambiguiert.,Semantisch disambiguiert.,455,455,100.0
EHB,"Teilweise lemmatisiert, nicht disambiguiert.","Teilweise lemmatisiert, teilweise semantisch disambiguiert.",25790,19602,76.0
EHR,Noch nicht disambiguiert.,Teilweise semantisch disambiguiert.,754,546,72.4
EID,"Lemmatisiert, aber noch nicht disambiguiert.","Lemmatisiert, teilweise semantisch disambiguiert.",4338,3381,77.9
EIH,"Lemmatisiert, aber noch nicht disambiguiert.","Lemmatisiert, teilweise semantisch disambiguiert.",4703,3569,75.9
EIL,"Lemmatisiert, aber noch nicht disambiguiert.","Lemmatisiert, teilweise semantisch disambiguiert.",4343,3408,78.5
EKL,"Lemmatisiert, aber noch nicht disambiguiert.","Lemmatisiert, teilweise semantisch disambiguiert.",14384,11224,78.0
EKO,Noch nicht disambiguiert.,Teilweise semantisch disambiguiert.,1068,826,77.3
ENE,Lemmatisiert; noch nicht disambiguiert.,Lemmatisiert; teilweise semantisch disambiguiert.,52767,40480,76.7
ENG,"Lemmatisiert, aber noch nicht disambiguiert.","Lemmatisiert, teilweise semantisch disambiguiert.",27567,20792,75.4
ER,"Voll lemmatisiert, aber nicht disambiguiert.","Voll lemmatisiert, teilweise semantisch disambiguiert.",43018,33854,78.7
ERA,Noch nicht disambiguiert.,Teilweise semantisch disambiguiert.,766,552,72.1
ERB,"Lemmatisiert, nicht disambiguiert. Der Text weist eine Lücke in V. 2249 auf.","Lemmatisiert, teilweise semantisch disambiguiert. Der Text weist eine Lücke in V. 2249 auf.",25372,19272,76.0
ERD,"Lemmatisiert, aber noch nicht disambiguiert.","Lemmatisiert, teilweise semantisch disambiguiert.",5254,3970,75.6
ERM,"Lemmatisiert, aber nicht disambiguiert.","Lemmatisiert, semantisch disambiguiert.",1011,1011,100.0
ESB,"Lemmatisiert, aber noch nicht disambiguiert.","Lemmatisiert, teilweise semantisch disambiguiert.",13160,10584,80.4
ESH,Noch nicht disambiguiert.,Teilweise semantisch disambiguiert.,124,123,99.2
ESL,Noch nicht disambiguiert.,Teilweise semantisch disambiguiert.,594,439,73.9
ESP,Noch nicht disambiguiert.,Teilweise semantisch disambiguiert.,806,590,73.2
EUH,Noch nicht disambiguiert.,Teilweise semantisch disambiguiert.,752,586,77.9
EUS,Noch nicht disambiguiert.,Semantisch disambiguiert.,44,44,100.0
EWV,Noch nicht disambiguiert.,Semantisch disambiguiert.,318,318,100.0
EZZ,"Lemmatisiert, aber noch nicht disambiguiert.","Lemmatisiert, teilweise semantisch disambiguiert.",1848,1475,79.8
FBS,"Lemmatisiert, aber noch nicht disambiguiert.","Lemmatisiert, teilweise semantisch disambiguiert.",9826,7389,75.2
FDS,"Lemmatisiert, aber noch nicht disambiguiert.","Lemmatisiert, teilweise semantisch disambiguiert.",73439,56644,77.1
FES,Noch nicht disambiguiert.,Teilweise semantisch disambiguiert.,2117,1697,80.2
FGP,"Lemmatisiert, nicht disambiguiert.","Lemmatisiert, teilweise semantisch disambiguiert.",1398,1083,77.5
FLD,"Lemmatisiert, aber nicht disambiguiert.","Lemmatisiert, teilweise semantisch disambiguiert.",11286,8138,72.1
FLG,"Lemmatisiert, nicht disambiguiert.","Lemmatisiert, teilweise semantisch disambiguiert.",12053,9575,79.4
FLG1,"Nur teilweise lemmatisiert, nicht disambiguiert.","Nur teilweise lemmatisiert, teilweise semantisch disambiguiert.",53601,42416,79.1
FLO,"Lemmatisiert, aber nicht disambiguiert.","Lemmatisiert, teilweise semantisch disambiguiert.",33238,25043,75.3
FR1,"Lemmatisiert, aber noch nicht disambiguiert.","Lemmatisiert, teilweise semantisch disambiguiert.",26983,19595,72.6
FR2,"Lemmatisiert, aber noch nicht disambiguiert.","Lemmatisiert, teilweise semantisch disambiguiert.",1580,1208,76.5
FR3,"Lemmatisiert, aber noch nicht disambiguiert.","Lemmatisiert, teilweise semantisch disambiguiert.",39035,29068,74.5
FRF,Noch nicht disambiguiert.,Teilweise semantisch disambiguiert.,1218,928,76.2
FRM,"Lemmatisiert, noch nicht disambiguiert.","Lemmatisiert, teilweise semantisch disambiguiert.",1264,975,77.1
FUE,"Lemmatisiert, nicht disambiguiert.","Lemmatisiert, semantisch disambiguiert.",447,447,100.0
FUK,Noch nicht disambiguiert.,Semantisch disambiguiert.,216,216,100.0
FUP,Noch nicht disambiguiert.,Semantisch disambiguiert.,469,469,100.0
FVL,"Lemmatisiert, nicht disambiguiert.","Lemmatisiert, semantisch disambiguiert.",302,302,100.0
FWE,"Lemmatisiert, nicht disambiguiert.","Lemmatisiert, semantisch disambiguiert.",439,439,100.0
FWWB,- Voll lemmatisiert aber nicht disambiguiert.,"- Voll lemmatisiert, semantisch disambiguiert.",173,173,100.0
GAE,Noch nicht disambiguiert.,Teilweise semantisch disambiguiert.,565,419,74.2
GAR,Noch nicht lemmatisiert und disambiguiert.,"Teilweise lemmatisiert, teilweise semantisch disambiguiert.",95600,71889,75.2
GAU,Noch nicht disambiguiert.,Teilweise semantisch disambiguiert.,641,456,71.1
GEG,"Lemmatisiert, nicht disambiguiert.","Lemmatisiert, semantisch disambiguiert.",519,519,100.0
GEI,Noch nicht disambiguiert.,Teilweise semantisch disambiguiert.,897,677,75.5
GER,"Lemmatisiert, aber noch nicht disambiguiert.","Lemmatisiert, teilweise semantisch disambiguiert.",31383,23662,75.4
GES,Noch nicht disambiguiert.,Semantisch disambiguiert.,364,364,100.0
GFM,Noch nicht disambiguiert.,Teilweise semantisch disambiguiert.,1651,1336,80.9
GGG,Noch nicht disambiguiert.,Semantisch disambiguiert.,587,587,100.0
GIR,Nicht disambiguiert.,Teilweise semantisch disambiguiert.,1792,1376,76.8
GIT,Noch nicht disambiguiert.,Semantisch disambiguiert.,88,88,100.0
GKL,Noch nicht disambiguiert.,Teilweise semantisch disambiguiert.,456,323,70.8
GL,"Lemmatisiert, aber nicht disambiguiert.","Lemmatisiert, teilweise semantisch disambiguiert.",17799,13519,76.0
GMV,"Lemmatisiert, nicht disambiguiert.","Lemmatisiert, teilweise semantisch disambiguiert.",977,742,75.9
GOL,"Lemmatisiert, aber nicht disambiguiert.","Lemmatisiert, semantisch disambiguiert.",661,661,100.0
GR,"Lemmatisiert, aber nicht disambiguiert.","Lemmatisiert, teilweise semantisch disambiguiert.",17148,13495,78.7
GRA,Noch nicht disambiguiert.,Teilweise semantisch disambiguiert.,1335,1021,76.5
GRG,"Lemmatisiert, aber nicht disambiguiert.","Lemmatisiert, teilweise semantisch disambiguiert.",27261,20956,76.9
GS,"Lemmatisiert, aber nicht disambiguiert.","Lemmatisiert, teilweise semantisch disambiguiert.",6565,4921,75.0
GSL,"Lemmatisiert, nicht disambiguiert.","Lemmatisiert, teilweise semantisch disambiguiert.",1125,846,75.2
GSM,"Lemmatisiert, nicht disambiguiert.","Lemmatisiert, semantisch disambiguiert.",314,314,100.0
GSP,"Teilweise lemmatisiert, nicht disambiguiert.","Teilweise lemmatisiert, teilweise semantisch disambiguiert.",6415,4982,77.7
GUW,Noch nicht disambiguiert.,Teilweise semantisch disambiguiert.,601,464,77.2
GVD,Noch nicht disambiguiert.,Semantisch disambiguiert.,364,364,100.0
GVE,"Lemmatisiert, nicht disambiguiert.","Lemmatisiert, semantisch disambiguiert.",382,382,100.0
GVH,Noch nicht disambiguiert.,Semantisch disambiguiert.,431,431,100.0
GVN,"Lemmatisiert, nicht disambiguiert.","Lemmatisiert, teilweise semantisch disambiguiert.",7126,5296,74.3
GVS,"Lemmatisiert, nicht disambiguiert.","Lemmatisiert, semantisch disambiguiert.",182,182,100.0
GVV,"Lemmatisiert, nicht disambiguiert.","Lemmatisiert, teilweise semantisch disambiguiert.",1270,959,75.5
GZM,Noch nicht disambiguiert.,Semantisch disambiguiert.,129,129,100.0
GZS,Noch nicht disambiguiert.,Semantisch disambiguiert.,295,295,100.0
HAF,Noch nicht disambiguiert.,Semantisch disambiguiert.,607,607,100.0
HAL,Noch nicht disambiguiert.,Semantisch disambiguiert.,77,77,100.0
HAW,"Lemmatisiert, nicht disambiguiert.","Lemmatisiert, teilweise semantisch disambiguiert.",753,563,74.8
HBR,"Lemmatisiert, aber nicht disambiguiert.","Lemmatisiert, teilweise semantisch disambiguiert.",8641,6781,78.5
HDM,"Lemmatisiert, nicht disambiguiert.","Lemmatisiert, semantisch disambiguiert.",501,501,100.0
HH,"Lemmatisiert, aber nicht disambiguiert.","Lemmatisiert, teilweise semantisch disambiguiert.",630,629,99.8
HHP,"Lemmatisiert, nicht disambiguiert.","Lemmatisiert, semantisch disambiguiert.",487,487,100.0
HHW,"Lemmatisiert, nicht disambiguiert.","Lemmatisiert, teilweise semantisch disambiguiert.",697,517,74.2
HIN,"Lemmatisiert, nicht disambiguiert.","Lemmatisiert, teilweise semantisch disambiguiert.",4784,3656,76.4
HIS,"Lemmatisiert, nicht disambiguiert.","Lemmatisiert, teilweise semantisch disambiguiert.",400,313,78.2
HMRG,"Lemmatisiert, noch nicht disambiguiert.","Lemmatisiert, teilweise semantisch disambiguiert.",2095,1638,78.2
HMU,"Lemmatisiert, nicht disambiguiert.","Lemmatisiert, semantisch disambiguiert.",86,86,100.0
HNI,"Lemmatisiert, nicht disambiguiert.","Lemmatisiert, teilweise semantisch disambiguiert.",1128,944,83.7
HOF,Noch nicht disambiguiert.,Teilweise semantisch disambiguiert.,670,519,77.5
HOR,Noch nicht disambiguiert.,Semantisch disambiguiert.,330,330,100.0
HPF,"Lemmatisiert, nicht disambiguiert.","Lemmatisiert, semantisch disambiguiert.",342,342,100.0
HSB,"Lemmatisiert, nicht disambiguiert.","Lemmatisiert, semantisch disambiguiert.",295,295,100.0
HSL,Noch nicht disambiguiert.,Teilweise semantisch disambiguiert.,2005,1496,74.6
HST,Noch nicht disambiguiert.,Semantisch disambiguiert.,448,448,100.0
HTR,"Teilweise lemmatisiert, nicht disambiguiert.","Teilweise lemmatisiert, teilweise semantisch disambiguiert.",113350,84731,74.8
HUB1,- Voll lemmatisiert aber nicht disambiguiert.,"- Voll lemmatisiert, teilweise semantisch disambiguiert.",3361,2570,76.5
HUB3,- Voll lemmatisiert aber nicht disambiguiert.,"- Voll lemmatisiert, teilweise semantisch disambiguiert.",4204,3142,74.7
HUG,"Lemmatisiert, nicht disambiguiert.","Lemmatisiert, teilweise semantisch disambiguiert.",21532,16117,74.9
HUJ,Noch nicht disambiguiert.,Semantisch disambiguiert.,543,543,100.0
HUL,"Nur teilweise lemmatisiert, nicht disambiguiert.","Nur teilweise lemmatisiert, teilweise semantisch disambiguiert.",6499,4970,76.5
HVM,"Lemmatisiert, nicht disambiguiert.","Lemmatisiert, teilweise semantisch disambiguiert.",598,451,75.4
HVS,"Lemmatisiert, nicht disambiguiert.","Lemmatisiert, teilweise semantisch disambiguiert.",1821,1374,75.5
HVW,"Lemmatisiert, nicht disambiguiert.","Lemmatisiert, teilweise semantisch disambiguiert.",535,412,77.0
HWI,"Lemmatisiert, nicht disambiguiert.","Lemmatisiert, semantisch disambiguiert.",414,414,100.0
HZO,Noch nicht disambiguiert.,Teilweise semantisch disambiguiert.,796,638,80.2
HZU,"Lemmatisiert, aber noch nicht disambiguiert.","Lemmatisiert, teilweise semantisch disambiguiert.",10497,9076,86.5
HZU2,"Teilweise Lemmatisiert, noch nicht disambiguiert.","Teilweise Lemmatisiert, teilweise semantisch disambiguiert.",91086,75726,83.1
IW,"Voll lemmatisiert, aber nicht disambiguiert.","Voll lemmatisiert, teilweise semantisch disambiguiert.",36562,28888,79.0
JEW,Noch nicht lemmatisiert und disambiguiert.,"Teilweise lemmatisiert, teilweise semantisch disambiguiert.",121397,93608,77.1
JKN,"Lemmatisiert, nicht disambiguiert.","Lemmatisiert, teilweise semantisch disambiguiert.",443,348,78.6
JSG,"lemmatisiert, aber nicht disambiguiert.","lemmatisiert, teilweise semantisch disambiguiert.",10659,8190,76.8
JT,Voll lemmatisiert und disambiguiert.,Voll lemmatisiert und teilweise semantisch disambiguiert.,235853,232434,98.6
JUA,Noch nicht disambiguiert.,Teilweise semantisch disambiguiert.,492,358,72.8
JUD,"Lemmatisiert, nicht disambiguiert.","Lemmatisiert, teilweise semantisch disambiguiert.",6466,4847,75.0
JUK,"Lemmatisiert, nicht disambiguiert.","Lemmatisiert, teilweise semantisch disambiguiert.",1949,1518,77.9
JUN,"Lemmatisiert, nicht disambiguiert.","Lemmatisiert, teilweise semantisch disambiguiert.",5211,4046,77.6
KAA,Noch nicht disambiguiert.,Teilweise semantisch disambiguiert.,568,435,76.6
KAF,Noch nicht disambiguiert.,Teilweise semantisch disambiguiert.,777,592,76.2
KAK,Noch nicht disambiguiert.,Semantisch disambiguiert.,781,781,100.0
KAN,"Lemmatisiert, nicht disambiguiert.","Lemmatisiert, teilweise semantisch disambiguiert.",4792,3358,70.1
KAR,"Lemmatisiert, aber noch nicht disambiguiert.","Lemmatisiert, teilweise semantisch disambiguiert.",53455,41117,76.9
KAT,Noch nicht disambiguiert.,Semantisch disambiguiert.,148,148,100.0
KBL3,- Voll lemmatisiert aber nicht disambiguiert.,"- Voll lemmatisiert, teilweise semantisch disambiguiert.",2058,1503,73.0
KC1,"Lemmatisiert, noch nicht disambiguiert.","Lemmatisiert, teilweise semantisch disambiguiert.",3134,2311,73.7
KC2,"Lemmatisiert, noch nicht disambiguiert.","Lemmatisiert, teilweise semantisch disambiguiert.",1926,1465,76.1
KCJ,"Lemmatisiert, nicht disambiguiert.","Lemmatisiert, semantisch disambiguiert.",252,252,100.0
KCR,Noch nicht lemmatisiert oder disambiguiert.,"Teilweise lemmatisiert, teilweise semantisch disambiguiert.",67909,51750,76.2
KDO,Voll lemmatisiert aber nicht disambiguiert.,"Voll lemmatisiert, teilweise semantisch disambiguiert.",1682,1255,74.6
KFB,"Lemmatisiert, nicht disambiguiert.","Lemmatisiert, teilweise semantisch disambiguiert.",2821,1937,68.7
KIH,Noch nicht disambiguiert.,Semantisch disambiguiert.,457,457,100.0
KIR,Noch nicht disambiguiert.,Semantisch disambiguiert.,522,522,100.0
KIT,Noch nicht disambiguiert.,Semantisch disambiguiert.,443,443,100.0
KLA,"Lemmatisiert, aber nicht disambiguiert.","Lemmatisiert, teilweise semantisch disambiguiert.",17412,13519,77.6
KME,Voll lemmatisiert aber nicht disambiguiert.,"Voll lemmatisiert, teilweise semantisch disambiguiert.",6134,4905,80.0
KMO,Noch nicht disambiguiert.,Semantisch disambiguiert.,755,755,100.0
KMR,Noch nicht disambiguiert.,Teilweise semantisch disambiguiert.,592,460,77.7
KOC,"Lemmatisiert, nicht disambiguiert.","Lemmatisiert, teilweise semantisch disambiguiert.",683,549,80.4
KOL,"Lemmatisiert, nicht disambiguiert.","Lemmatisiert, semantisch disambiguiert.",283,283,100.0
KRA,Noch nicht disambiguiert.,Teilweise semantisch disambiguiert.,729,532,73.0
KRM,"Lemmatisiert, noch nicht disambiguiert.","Lemmatisiert, teilweise semantisch disambiguiert.",738,548,74.3
KU,"Lemmatisiert, aber nicht disambiguiert.","Lemmatisiert, teilweise semantisch disambiguiert.",52397,43812,83.6
KVH,"Lemmatisiert, nicht disambiguiert.","Lemmatisiert, teilweise semantisch disambiguiert.",766,550,71.8
KVL,"Lemmatisiert, nicht disambiguiert.","Lemmatisiert, teilweise semantisch disambiguiert.",690,529,76.7
KVM,"Lemmatisiert, aber noch nicht disambiguiert.","Lemmatisiert, teilweise semantisch disambiguiert.",13556,10056,74.2
KWL,Lemmatisiert aber noch nicht disambiguiert.,"Lemmatisiert, teilweise semantisch disambiguiert.",7439,5350,71.9
LAU,"Lemmatisiert, aber nicht disambiguiert.","Lemmatisiert, teilweise semantisch disambiguiert.",8203,6349,77.4
LGR,"Lemmatisiert, nicht disambiguiert.","Lemmatisiert, teilweise semantisch disambiguiert.",44115,33935,76.9
LUM,Noch nicht disambiguiert.,Semantisch disambiguiert.,299,299,100.0
LUU,"Lemmatisiert, nicht disambiguiert.","Lemmatisiert, teilweise semantisch disambiguiert.",11974,9212,76.9
LVS,"Lemmatisiert, nicht disambiguiert.","Lemmatisiert, teilweise semantisch disambiguiert.",751,557,74.2
LZ,"Voll lemmatisiert, aber nicht disambiguiert.","Voll lemmatisiert, teilweise semantisch disambiguiert.",42006,35847,85.3
LZT,"Vollständig lemmatisiert, aber noch nicht disambiguiert.","Vollständig lemmatisiert, teilweise semantisch disambiguiert.",36120,26780,74.1
MAG,Noch nicht disambiguiert.,Semantisch disambiguiert.,188,188,100.0
MAJ,"Lemmatisiert, aber noch nicht disambiguiert","Lemmatisiert, teilweise semantisch disambiguiert",2053,1570,76.5
MAL,Noch nicht disambiguiert.,Teilweise semantisch disambiguiert.,624,495,79.3
MAN,"Lemmatisiert, nicht disambiguiert.","Lemmatisiert, teilweise semantisch disambiguiert.",3115,2319,74.4
MAR,Noch nicht disambiguiert.,Teilweise semantisch disambiguiert.,800,640,80.0
MBH,"Lemmatisiert, aber noch nicht disambiguiert","Lemmatisiert, semantisch disambiguiert",1002,1002,100.0
MBR,"Lemmatisiert, aber noch nicht disambiguiert","Lemmatisiert, semantisch disambiguiert",160,160,100.0
MBS1,- Voll lemmatisiert aber nicht disambiguiert.,"- Voll lemmatisiert, semantisch disambiguiert.",276,276,100.0
MBS2,- voll lemmatisiert; noch nicht disambiguiert,- voll lemmatisiert; teilweise semantisch disambiguiert,2530,1950,77.1
MBS5,- voll lemmatisiert; noch nicht disambiguiert,- voll lemmatisiert; teilweise semantisch disambiguiert,1185,889,75.0
MDE,"Lemmatisiert, aber noch nicht disambiguiert","Lemmatisiert, teilweise semantisch disambiguiert",1723,1325,76.9
MEA,"Lemmatisiert, aber noch nicht disambiguiert","Lemmatisiert, semantisch disambiguiert",162,162,100.0
MEL,"Lemmatisiert, aber nicht disambiguiert.","Lemmatisiert, teilweise semantisch disambiguiert.",56745,43187,76.1
MFH,"Lemmatisiert, aber noch nicht disambiguiert","Lemmatisiert, teilweise semantisch disambiguiert",2746,2084,75.9
MFR,"Lemmatisiert, nicht disambiguiert.","Lemmatisiert, teilweise semantisch disambiguiert.",2127,1610,75.7
MGS,"Lemmatisiert, aber noch nicht disambiguiert","Lemmatisiert, semantisch disambiguiert",529,529,100.0
MHA,"Lemmatisiert, aber noch nicht disambiguiert","Lemmatisiert, teilweise semantisch disambiguiert",2974,2211,74.3
MHG,"Lemmatisiert, aber noch nicht disambiguiert","Lemmatisiert, semantisch disambiguiert",1060,1060,100.0
MHR,"Lemmatisiert, aber noch nicht disambiguiert","Lemmatisiert, teilweise semantisch disambiguiert",2977,2147,72.1
MHV,"Lemmatisiert, aber noch nicht disambiguiert","Lemmatisiert, teilweise semantisch disambiguiert",2347,1810,77.1
MIK,"Lemmatisiert, nicht disambiguiert.","Lemmatisiert, semantisch disambiguiert.",443,443,100.0
MIT,"Lemmatisiert, nicht disambiguiert.","Lemmatisiert, teilweise semantisch disambiguiert.",458,457,99.8
MKB,"Lemmatisiert, aber noch nicht disambiguiert","Lemmatisiert, semantisch disambiguiert",534,534,100.0
MKD,Noch nicht disambiguiert.,Teilweise semantisch disambiguiert.,782,592,75.7
MKH,"Lemmatisiert, aber noch nicht disambiguiert","Lemmatisiert, semantisch disambiguiert",401,401,100.0
MKN,"Lemmatisiert, noch nicht disambiguiert.","Lemmatisiert, teilweise semantisch disambiguiert.",889,723,81.3
MLB,"Lemmatisiert, nicht disambiguiert.","Lemmatisiert, teilweise semantisch disambiguiert.",1426,1087,76.2
MML,Noch nicht disambiguiert; z.T. lemmatisiert.,Teilweise semantisch disambiguiert; z.T. lemmatisiert.,10677,8010,75.0
MMS,"Lemmatisiert, aber noch nicht disambiguiert","Lemmatisiert, semantisch disambiguiert",786,786,100.0
MNA,Der Text ist noch nicht disambiguiert.,Der Text ist teilweise semantisch disambiguiert.,5199,4254,81.8
MNB,"Teilweise lemmatisiert, nicht disambiguiert.","Teilweise lemmatisiert, teilweise semantisch disambiguiert.",21577,16545,76.7
MNL,"Lemmatisiert, aber noch nicht disambiguiert","Lemmatisiert, semantisch disambiguiert",491,491,100.0
MR1,"Teilweise lemmatisiert, nicht disambiguiert.","Teilweise lemmatisiert, teilweise semantisch disambiguiert.",36054,26353,73.1
MR2,"Lemmatisiert, nicht disambiguiert.","Lemmatisiert, teilweise semantisch disambiguiert.",35948,26352,73.3
MRA,"Lemmatisiert, aber noch nicht disambiguiert","Lemmatisiert, teilweise semantisch disambiguiert",12959,10067,77.7
MRB,"Lemmatisiert, aber noch nicht disambiguiert","Lemmatisiert, semantisch disambiguiert",355,355,100.0
MRF,"Lemmatisiert, aber noch nicht disambiguiert","Lemmatisiert, teilweise semantisch disambiguiert",1323,983,74.3
MRL,Noch nicht disambiguiert; fertig lemmatisiert.,Teilweise semantisch disambiguiert; fertig lemmatisiert.,1671,1357,81.2
MRM,"Lemmatisiert, nicht disambiguiert.","Lemmatisiert, semantisch disambiguiert.",318,318,100.0
MRO,"Lemmatisiert, nicht disambiguiert.","Lemmatisiert, teilweise semantisch disambiguiert.",1634,1227,75.1
MRR,"Lemmatisiert, nicht disambiguiert.","Lemmatisiert, teilweise semantisch disambiguiert.",925,689,74.5
MRS,Noch nicht disambiguiert; fertig lemmatisiert.,Teilweise semantisch disambiguiert; fertig lemmatisiert.,9181,6899,75.1
MSB1,- Voll lemmatisiert aber nicht disambiguiert.,"- Voll lemmatisiert, teilweise semantisch disambiguiert.",660,524,79.4
MSG,Nur teilweise lemmatisiert und noch nicht disambiguiert.,Nur teilweise lemmatisiert und teilweise semantisch disambiguiert.,18052,13558,75.1
MSV,"Lemmatisiert, aber noch nicht disambiguiert","Lemmatisiert, teilweise semantisch disambiguiert",1316,965,73.3
MSW,"lemmatisiert, noch nicht disambiguiert.","lemmatisiert, teilweise semantisch disambiguiert.",10069,7562,75.1
MUF,Noch nicht disambiguiert.,Semantisch disambiguiert.,670,670,100.0
MUG,"Lemmatisiert, aber noch nicht disambiguiert","Lemmatisiert, teilweise semantisch disambiguiert",1979,1429,72.2
MUL,Noch nicht disambiguiert.,Teilweise semantisch disambiguiert.,326,325,99.7
MUN,"Lemmatisiert, nicht disambiguiert.","Lemmatisiert, semantisch disambiguiert.",486,486,100.0
MVH,"Lemmatisiert, nicht disambiguiert.","Lemmatisiert, teilweise semantisch disambiguiert.",633,471,74.4
MVL,"Lemmatisiert, aber noch nicht disambiguiert","Lemmatisiert, teilweise semantisch disambiguiert",2013,1641,81.5
MWE,"Lemmatisiert, aber noch nicht disambiguiert","Lemmatisiert, teilweise semantisch disambiguiert",1553,1099,70.8
MZR,"Lemmatisiert, noch nicht disambiguiert.","Lemmatisiert, semantisch disambiguiert.",505,505,100.0
NAR,"Lemmatisiert, aber nicht disambiguiert.","Lemmatisiert, teilweise semantisch disambiguiert.",34583,25824,74.7
NBB,Teilweise lemmatisiert. Nicht disambiguiert.,Teilweise lemmatisiert. Teilweise semantisch disambiguiert.,60846,47935,78.8
NEI,Lemmatisiert und disambiguiert.,Lemmatisiert und teilweise semantisch disambiguiert.,60375,59218,98.1
NEIC,"Noch nicht disambiguiert, zum Teil lemmatisiert.","Teilweise semantisch disambiguiert, zum Teil lemmatisiert.",52974,47832,90.3
NIU,"Lemmatisiert, nicht disambiguiert.","Lemmatisiert, semantisch disambiguiert.",330,330,100.0
NLA,Nur teilweise lemmatisiert und disambiguiert.,Nur teilweise lemmatisiert und teilweise semantisch disambiguiert.,50976,39650,77.8
NML,"Lemmatisiert, nicht disambiguiert.","Lemmatisiert, teilweise semantisch disambiguiert.",5536,4097,74.0
NST,"Lemmatisiert, nicht disambiguiert.","Lemmatisiert, semantisch disambiguiert.",523,523,100.0
NT,"Voll lemmatisiert, aber nicht disambiguiert.","Voll lemmatisiert, teilweise semantisch disambiguiert.",4843,3711,76.6
OBP,"Lemmatisiert, nicht disambiguiert.","Lemmatisiert, semantisch disambiguiert.",743,743,100.0
ORT,Nicht lemmatisiert und disambiguiert.,"Teilweise lemmatisiert, teilweise semantisch disambiguiert.",18839,14784,78.5
OSW,"Lemmatisiert, nicht disambiguiert.","Lemmatisiert, teilweise semantisch disambiguiert.",14450,11300,78.2
OUM,Noch nicht disambiguiert.,Semantisch disambiguiert.,310,310,100.0
OVB,"Lemmatisiert, nicht disambiguiert.","Lemmatisiert, teilweise semantisch disambiguiert.",1514,1127,74.4
OVG,Nur teilweise lemmatisiert und nicht disambiguiert.,Nur teilweise lemmatisiert und teilweise semantisch disambiguiert.,344497,263524,76.5
OVW,"Vollständig lemmatisiert, aber noch nicht disambiguiert.","Vollständig lemmatisiert, teilweise semantisch disambiguiert.",34002,25183,74.1
PAS,Noch nicht disambiguiert.,Semantisch disambiguiert.,156,156,100.0
PBL,Noch nicht disambiguiert.,Semantisch disambiguiert.,117,117,100.0
PFD,Noch nicht disambiguiert.,Semantisch disambiguiert.,247,247,100.0
PFL,Noch nicht disambiguiert.,Semantisch disambiguiert.,620,620,100.0
PIK,"Lemmatisiert, nicht disambiguiert.","Lemmatisiert, teilweise semantisch disambiguiert.",414,342,82.6
PKP,"Teilweise lemmatisiert, nicht disambiguiert.","Teilweise lemmatisiert, teilweise semantisch disambiguiert.",89996,71640,79.6
PL1,"Vollständig lemmatisiert, aber noch nicht disambiguiert.","Vollständig lemmatisiert, teilweise semantisch disambiguiert.",250688,200362,79.9
PL2,"Vollständig lemmatisiert, aber noch nicht disambiguiert.","Vollständig lemmatisiert, teilweise semantisch disambiguiert.",234959,188610,80.3
PL3,"Vollständig lemmatisiert, aber noch nicht disambiguiert.","Vollständig lemmatisiert, teilweise semantisch disambiguiert.",153175,123698,80.8
PMS,"Lemmatisiert, nicht disambiguiert.","Lemmatisiert, teilweise semantisch disambiguiert.",791,615,77.7
PRL,Noch nicht disambiguiert.,Teilweise semantisch disambiguiert.,2747,2069,75.3
PRT,"Lemmatisiert, aber noch nicht disambiguiert.","Lemmatisiert, teilweise semantisch disambiguiert.",94314,71506,75.8
PSG,"Vollständig lemmatisiert, aber noch nicht disambiguiert.","Vollständig lemmatisiert, teilweise semantisch disambiguiert.",7565,5607,74.1
PT,"Voll lemmatisiert, aber nicht disambiguiert.","Voll lemmatisiert, teilweise semantisch disambiguiert.",10134,8020,79.1
PTS,"Vollständig lemmatisiert, aber noch nicht disambiguiert.","Vollständig lemmatisiert, teilweise semantisch disambiguiert.",2097,1587,75.7
PUL,"Lemmatisiert, nicht disambiguiert.","Lemmatisiert, teilweise semantisch disambiguiert.",539,410,76.1
PZ,"Voll lemmatisiert, aber nicht disambiguiert.","Voll lemmatisiert, teilweise semantisch disambiguiert.",111684,85595,76.6
PZM,"Lemmatisiert, nicht disambiguiert.","Lemmatisiert, semantisch disambiguiert.",381,381,100.0
RAB,"Lemmatisiert, aber nicht disambiguiert.","Lemmatisiert, teilweise semantisch disambiguiert.",28995,22694,78.3
RCC,"Teilweise lemmatisiert, nicht disambiguiert.","Teilweise lemmatisiert, teilweise semantisch disambiguiert.",26451,20096,76.0
RDJ,"Lemmatisiert, nicht disambiguiert.","Lemmatisiert, semantisch disambiguiert.",95,95,100.0
RDL,"Lemmatisiert, nicht disambiguiert.","Lemmatisiert, teilweise semantisch disambiguiert.",1941,1450,74.7
RDS,"Lemmatisiert, nicht disambiguiert.","Lemmatisiert, semantisch disambiguiert.",688,688,100.0
RDV,"Lemmatisiert, nicht disambiguiert.","Lemmatisiert, semantisch disambiguiert.",710,710,100.0
REF,"Lemmatisiert, nicht disambiguiert.","Lemmatisiert, teilweise semantisch disambiguiert.",317,226,71.3
REN,Noch nicht lemmatisiert und disambiguiert.,"Teilweise lemmatisiert, teilweise semantisch disambiguiert.",161760,122439,75.7
RF,"Lemmatisiert, aber nicht disambiguiert.","Lemmatisiert, teilweise semantisch disambiguiert.",8192,6256,76.4
RGD,"Lemmatisiert, nicht disambiguiert.","Lemmatisiert, semantisch disambiguiert.",508,508,100.0
RHB,Noch nicht disambiguiert.,Teilweise semantisch disambiguiert.,1833,1383,75.5
RLS,"Vollständig lemmatisiert, aber noch nicht disambiguiert.","Vollständig lemmatisiert, teilweise semantisch disambiguiert.",8132,6054,74.4
ROD,"Lemmatisiert, aber nicht disambiguiert.","Lemmatisiert, teilweise semantisch disambiguiert.",18891,15034,79.6
ROL,Noch nicht lemmatisiert und disambiguiert.,"Teilweise lemmatisiert, teilweise semantisch disambiguiert.",36879,28013,76.0
ROT,"Teilweise lemmatisiert, nicht disambiguiert.","Teilweise lemmatisiert, teilweise semantisch disambiguiert.",20400,16138,79.1
RPF,Noch nicht disambiguiert.,Semantisch disambiguiert.,376,376,100.0
RSP,"Teilweise lemmatisiert, nicht disambiguiert.","Teilweise lemmatisiert, teilweise semantisch disambiguiert.",18021,13244,73.5
RST,Noch nicht disambiguiert.,Semantisch disambiguiert.,210,210,100.0
RUB,"Lemmatisiert, nicht disambiguiert.","Lemmatisiert, teilweise semantisch disambiguiert.",3206,2451,76.5
RUD,"Lemmatisiert, aber nicht disambiguiert.","Lemmatisiert, teilweise semantisch disambiguiert.",5592,4177,74.7
RUR,"Lemmatisiert, nicht disambiguiert.","Lemmatisiert, semantisch disambiguiert.",62,62,100.0
RUT,Noch nicht disambiguiert.,Teilweise semantisch disambiguiert.,886,698,78.8
RUZ,"Lemmatisiert, nicht disambiguiert.","Lemmatisiert, teilweise semantisch disambiguiert.",1556,1189,76.4
RVB,"Lemmatisiert, nicht disambiguiert.","Lemmatisiert, teilweise semantisch disambiguiert.",1613,1276,79.1
RVR,"Lemmatisiert, nicht disambiguiert.","Lemmatisiert, teilweise semantisch disambiguiert.",5205,3884,74.6
RVS,"Lemmatisiert, nicht disambiguiert.","Lemmatisiert, teilweise semantisch disambiguiert.",4716,3741,79.3
SAL,"Lemmatisiert, aber noch nicht disambiguiert.","Lemmatisiert, teilweise semantisch disambiguiert.",20337,16010,78.7
SAT,"Lemmatisiert, aber noch nicht disambiguiert.","Lemmatisiert, teilweise semantisch disambiguiert.",1209,934,77.3
SAX,"Nur teilweise lemmatisiert, noch nicht disambiguiert.","Nur teilweise lemmatisiert, teilweise semantisch disambiguiert.",36939,28291,76.6
SBE,Noch nicht disambiguiert.,Teilweise semantisch disambiguiert.,1072,845,78.8
SBK,Noch nicht disambiguiert.,Semantisch disambiguiert.,635,635,100.0
SBV,"Lemmatisiert, nicht disambiguiert.","Lemmatisiert, semantisch disambiguiert.",437,437,100.0
SDW,Noch nicht disambiguiert.,Teilweise semantisch disambiguiert.,941,705,74.9
SEV,Noch nicht disambiguiert.,Teilweise semantisch disambiguiert.,1014,802,79.1
SFE,Lemmatisiert aber nicht disambiguiert.,"Lemmatisiert, teilweise semantisch disambiguiert.",7188,5375,74.8
SGE,"Lemmatisiert, nicht disambiguiert.","Lemmatisiert, teilweise semantisch disambiguiert.",2126,1625,76.4
SHG,Noch nicht disambiguiert.,Semantisch disambiguiert.,652,652,100.0
SHI,Noch nicht disambiguiert.,Teilweise semantisch disambiguiert.,854,681,79.7
SIG,"Lemmatisiert, aber nicht disambiguiert.","Lemmatisiert, teilweise semantisch disambiguiert.",2603,1985,76.3
SKK,"lemmatisiert, noch nicht disambiguiert.","lemmatisiert, teilweise semantisch disambiguiert.",1420,1063,74.9
SL,"Lemmatisiert, aber nicht disambiguiert.","Lemmatisiert, teilweise semantisch disambiguiert.",22688,17726,78.1
SLG,Noch nicht disambiguiert.,Teilweise semantisch disambiguiert.,4685,3550,75.8
SMB,"Lemmatisiert, nicht disambiguiert.","Lemmatisiert, semantisch disambiguiert.",424,424,100.0
SNR,"lemmatisiert, nicht disambiguiert.","lemmatisiert, semantisch disambiguiert.",554,554,100.0
SOG,Noch nicht disambiguiert.,Semantisch disambiguiert.,599,599,100.0
SPH,"Lemmatisiert, nicht disambiguiert.","Lemmatisiert, teilweise semantisch disambiguiert.",2062,1651,80.1
SPI,Noch nicht disambiguiert.,Semantisch disambiguiert.,658,658,100.0
SPW,"Lemmatisiert, nicht disambiguiert.","Lemmatisiert, teilweise semantisch disambiguiert.",1400,1033,73.8
SSP,"Lemmatisiert, nicht disambiguiert.","Lemmatisiert, semantisch disambiguiert.",455,455,100.0
STA,"Lemmatisiert, nicht disambiguiert.","Lemmatisiert, semantisch disambiguiert.",609,609,100.0
STH,Noch nicht disambiguiert.,Teilweise semantisch disambiguiert.,905,692,76.5
STP,"Lemmatisiert, nicht disambiguiert.","Lemmatisiert, semantisch disambiguiert.",625,625,100.0
SUB1,- Teilweise lemmatisiert aber nicht disambiguiert.,"- Teilweise lemmatisiert, teilweise semantisch disambiguiert.",4997,3814,76.3
SUE,Noch nicht disambiguiert.,Semantisch disambiguiert.,508,508,100.0
SUM,"Lemmatisiert, nicht disambiguiert.","Lemmatisiert, teilweise semantisch disambiguiert.",1612,1236,76.7
SUW,"Lemmatisiert, nicht disambiguiert.","Lemmatisiert, teilweise semantisch disambiguiert.",1424,1114,78.2
SVL,"Lemmatisiert, nicht disambiguiert.","Lemmatisiert, teilweise semantisch disambiguiert.",930,760,81.7
SW,"Lemmatisiert, aber nicht disambiguiert.","Lemmatisiert, teilweise semantisch disambiguiert.",6229,4835,77.6
SZK,"Lemmatisiert, aber nicht disambiguiert.","Lemmatisiert, teilweise semantisch disambiguiert.",843,629,74.6
TAK,"Lemmatisiert, nicht disambiguiert.","Lemmatisiert, teilweise semantisch disambiguiert.",781,566,72.5
TAN,"Lemmatisiert, aber nicht disambiguiert.","Lemmatisiert, teilweise semantisch disambiguiert.",80520,60793,75.5
TAU,Noch nicht disambiguiert.,Semantisch disambiguiert.,453,453,100.0
TDS,Noch nicht disambiguiert.,Teilweise semantisch disambiguiert.,634,516,81.4
TEA,Noch nicht disambiguiert.,Teilweise semantisch disambiguiert.,1002,790,78.8
THE,"Lemmatisiert, nicht disambiguiert.","Lemmatisiert, teilweise semantisch disambiguiert.",1036,795,76.7
TIN,"Lemmatisiert, nicht disambiguiert.","Lemmatisiert, semantisch disambiguiert.",782,782,100.0
TIT,"Lemmatisiert, aber noch nicht disambiguiert.","Lemmatisiert, teilweise semantisch disambiguiert.",5557,4147,74.6
TKA,"Teilweise lemmatisiert, nicht disambiguiert.","Teilweise lemmatisiert, teilweise semantisch disambiguiert.",2771,2770,100.0
TPF,Noch nicht disambiguiert.,Teilweise semantisch disambiguiert.,1328,1040,78.3
TR,"Lemmatisiert, aber nicht disambiguiert.","Lemmatisiert, teilweise semantisch disambiguiert.",84238,67574,80.2
TRH,"Lemmatisiert, noch nicht disambiguiert.","Lemmatisiert, teilweise semantisch disambiguiert.",30010,23287,77.6
TRM,Vollständig lemmatisiert; noch nicht disambiguiert.,Vollständig lemmatisiert; teilweise semantisch disambiguiert.,11405,8721,76.5
TRO,Noch nicht lemmatisiert und disambiguiert.,"Teilweise lemmatisiert, teilweise semantisch disambiguiert.",213245,159901,75.0
TRS,"Lemmatisiert, nicht disambiguiert.","Lemmatisiert, semantisch disambiguiert.",502,502,100.0
TRU,"Lemmatisiert, aber nicht disambiguiert.","Lemmatisiert, teilweise semantisch disambiguiert.",16264,12527,77.0
TRY,"Lemmatisiert, noch nicht disambiguiert.","Lemmatisiert, teilweise semantisch disambiguiert.",71354,54907,77.0
TSM,Noch nicht disambiguiert,Teilweise semantisch disambiguiert,1858,1405,75.6
TSU,"Lemmatisiert, nicht disambiguiert.","Lemmatisiert, teilweise semantisch disambiguiert.",691,512,74.1
TUF,Noch nicht disambiguiert.,Semantisch disambiguiert.,299,299,100.0
TUH,Noch nicht disambiguiert.,Teilweise semantisch disambiguiert.,685,530,77.4
TUN,"Lemmatisiert, nicht disambiguiert.","Lemmatisiert, teilweise semantisch disambiguiert.",9150,7308,79.9
TUS,"Lemmatisiert, nicht disambiguiert.","Lemmatisiert, teilweise semantisch disambiguiert.",1340,1018,76.0
UDG,Noch nicht disambiguiert.,Semantisch disambiguiert.,471,471,100.0
UKN,Noch nicht disambiguiert.,Semantisch disambiguiert.,342,342,100.0
URS,"Lemmatisiert, nicht disambiguiert.","Lemmatisiert, teilweise semantisch disambiguiert.",8081,6106,75.6
UVL,"Lemmatisiert, nicht disambiguiert.","Lemmatisiert, teilweise semantisch disambiguiert.",9864,7299,74.0
UVW,"Lemmatisiert, nicht disambiguiert.","Lemmatisiert, teilweise semantisch disambiguiert.",7040,5208,74.0
UWL,"Lemmatisiert, nicht disambiguiert.","Lemmatisiert, teilweise semantisch disambiguiert.",3078,2266,73.6
VAT,Noch nicht disambiguiert.,Semantisch disambiguiert.,756,756,100.0
VBF,Noch nicht disambiguiert.,Teilweise semantisch disambiguiert.,3440,2558,74.4
VBU,"Lemmatisiert, nicht disambiguiert.","Lemmatisiert, teilweise semantisch disambiguiert.",446,400,89.7
VCH,Noch nicht disambiguiert.,Teilweise semantisch disambiguiert.,291,215,73.9
VCW,Noch nicht disambiguiert.,Semantisch disambiguiert.,135,135,100.0
VDB,Noch nicht disambiguiert.,Teilweise semantisch disambiguiert.,217,175,80.6
VDF,Noch nicht disambiguiert.,Teilweise semantisch disambiguiert.,350,267,76.3
VDH,Noch nicht disambiguiert.,Teilweise semantisch disambiguiert.,810,643,79.4
VDK,"Lemmatisiert, nicht disambiguiert.","Lemmatisiert, teilweise semantisch disambiguiert.",842,626,74.3
VDM,Noch nicht disambiguiert.,Teilweise semantisch disambiguiert.,1343,1057,78.7
VEG,Noch nicht disambiguiert.,Semantisch disambiguiert.,44,44,100.0
VER,Nicht disambiguiert.,Teilweise semantisch disambiguiert.,2506,1834,73.2
VES,Noch nicht disambiguiert.,Teilweise semantisch disambiguiert.,886,643,72.6
VEV,Noch nicht disambiguiert.,Teilweise semantisch disambiguiert.,1172,899,76.7
VFA,Noch nicht disambiguiert.,Teilweise semantisch disambiguiert.,457,366,80.1
VGM,"Lemmatisiert, nicht disambiguiert.","Lemmatisiert, teilweise semantisch disambiguiert.",376,287,76.3
VHG,Noch nicht disambiguiert.,Teilweise semantisch disambiguiert.,3555,2606,73.3
VIR,"Lemmatisiert, aber nicht disambiguiert.","Lemmatisiert, teilweise semantisch disambiguiert.",63924,48480,75.8
VJT,"Lemmatisiert, aber noch nicht disambiguiert.","Lemmatisiert, teilweise semantisch disambiguiert.",2962,2333,78.8
VOB,"Lemmatisiert, nicht disambiguiert.","Lemmatisiert, teilweise semantisch disambiguiert.",770,562,73.0
VSA,"Lemmatisiert, nicht disambiguiert.","Lemmatisiert, teilweise semantisch disambiguiert.",797,592,74.3
VSB,"Lemmatisiert, nicht disambiguiert.","Lemmatisiert, teilweise semantisch disambiguiert.",363,313,86.2
VST,"Lemmatisiert, nicht disambiguiert.","Lemmatisiert, teilweise semantisch disambiguiert.",255,193,75.7
VSU,"Lemmatisiert, nicht disambiguiert.","Lemmatisiert, teilweise semantisch disambiguiert.",269,192,71.4
VTC,"Nur teilweise lemmatisiert, nicht disambiguiert.","Nur teilweise lemmatisiert, semantisch disambiguiert.",13935,13935,100.0
VTO,Noch nicht disambiguiert.,Teilweise semantisch disambiguiert.,577,441,76.4
VUA,"Lemmatisiert, nicht disambiguiert.","Lemmatisiert, teilweise semantisch disambiguiert.",6094,4948,81.2
VUB,Noch nicht disambiguiert.,Semantisch disambiguiert.,159,159,100.0
VUS,Noch nicht disambiguiert.,Semantisch disambiguiert.,164,164,100.0
VWI,"Lemmatisiert, nicht disambiguiert.","Lemmatisiert, teilweise semantisch disambiguiert.",355,267,75.2
VZS,Vollständig lemmatisiert; noch nicht disambiguiert.,Vollständig lemmatisiert; teilweise semantisch disambiguiert.,1568,1141,72.8
WAF,"Lemmatisiert, nicht disambiguiert.","Lemmatisiert, teilweise semantisch disambiguiert.",414,321,77.5
WAS,Noch nicht disambiguiert.,Teilweise semantisch disambiguiert.,190,157,82.6
WBI,Noch nicht disambiguiert.,Teilweise semantisch disambiguiert.,350,282,80.6
WDA,"Lemmatisiert, aber nicht disambiguiert.","Lemmatisiert, teilweise semantisch disambiguiert.",19263,15342,79.6
WDB,"Lemmatisiert, aber nicht disambiguiert.","Lemmatisiert, teilweise semantisch disambiguiert.",28273,22158,78.4
WDD,"Lemmatisiert, aber nicht disambiguiert.","Lemmatisiert, teilweise semantisch disambiguiert.",18425,14081,76.4
WEI,Noch nicht disambiguiert.,Teilweise semantisch disambiguiert.,583,454,77.9
WEL,"Lemmatisiert, aber nicht disambiguiert.","Lemmatisiert, teilweise semantisch disambiguiert.",1376,992,72.1
WEN,"Lemmatisiert, aber nicht disambiguiert.","Lemmatisiert, teilweise semantisch disambiguiert.",2162,1644,76.0
WGA,"Nur teilweise lemmatisiert, nicht disambiguiert.","Nur teilweise lemmatisiert, teilweise semantisch disambiguiert.",61102,45636,74.7
WGI,Weder lemmatisiert noch disambiguiert.,"Teilweise lemmatisiert, teilweise semantisch disambiguiert.",4715,3791,80.4
WGL,"Lemmatisiert, aber nicht disambiguiert.","Lemmatisiert, teilweise semantisch disambiguiert.",51135,38774,75.8
WGM,Noch nicht lemmatisiert und disambiguiert.,"Teilweise lemmatisiert, teilweise semantisch disambiguiert.",26335,19947,75.7
WGS,"Lemmatisiert, aber noch nicht disambiguiert.","Lemmatisiert, teilweise semantisch disambiguiert.",1115,864,77.5
WH,"Lemmatisiert, aber nicht disambiguiert.","Lemmatisiert, teilweise semantisch disambiguiert.",61636,48371,78.5
WIR,Noch nicht disambiguiert.,Teilweise semantisch disambiguiert.,520,417,80.2
WLB,"Lemmatisiert, aber nicht disambiguiert.","Lemmatisiert, teilweise semantisch disambiguiert.",5518,4300,77.9
WLE,"Lemmatisiert, aber noch nicht disambiguiert.","Lemmatisiert, teilweise semantisch disambiguiert.",748,601,80.3
WME,"Lemmatisiert, nicht disambiguiert.","Lemmatisiert, teilweise semantisch disambiguiert.",1514,1126,74.4
WND,Lemmatisiert. Noch nicht disambiguiert.,Lemmatisiert. Teilweise semantisch disambiguiert.,7131,5615,78.7
WRB,"Nur teilweise lemmatisiert, nicht disambiguiert.","Nur teilweise lemmatisiert, teilweise semantisch disambiguiert.",44435,34198,77.0
WRW,"Teilweise lemmatisiert, nicht disambiguiert.","Teilweise lemmatisiert, teilweise semantisch disambiguiert.",43481,33362,76.7
WSA,Noch nicht disambiguiert.,Teilweise semantisch disambiguiert.,862,626,72.6
WST,Noch nicht disambiguiert.,Teilweise semantisch disambiguiert.,651,475,73.0
WUB,Noch nicht disambiguiert.,Teilweise semantisch disambiguiert.,239,180,75.3
WUC,Noch nicht disambiguiert.,Teilweise semantisch disambiguiert.,819,636,77.7
WUG,"Lemmatisiert, nicht disambiguiert.","Lemmatisiert, semantisch disambiguiert.",297,297,100.0
WUH,Noch nicht disambiguiert.,Teilweise semantisch disambiguiert.,411,316,76.9
WUS,Noch nicht disambiguiert.,Teilweise semantisch disambiguiert.,649,505,77.8
WUT,"Teilweise lemmatisiert, nicht disambiguiert.","Teilweise lemmatisiert, teilweise semantisch disambiguiert.",50485,38548,76.4
WVB,"Lemmatisiert, nicht disambiguiert.","Lemmatisiert, teilweise semantisch disambiguiert.",580,432,74.5
WVE,"Lemmatisiert, nicht disambiguiert.","Lemmatisiert, teilweise semantisch disambiguiert.",4878,3616,74.1
WVO,"Lemmatisiert, noch nicht disambiguiert.","Lemmatisiert, teilweise semantisch disambiguiert.",81268,60350,74.3
WVV,"Vollständig lemmatisiert, nicht disambiguiert.","Vollständig lemmatisiert, teilweise semantisch disambiguiert.",22706,17305,76.2
WVW,"Lemmatisiert, aber noch nicht disambiguiert.","Lemmatisiert, teilweise semantisch disambiguiert.",35977,26660,74.1
ZUK,Noch nicht lemmatisiert und disambiguiert.,"Teilweise lemmatisiert, teilweise semantisch disambiguiert.",35367,26955,76.2
ZWB,"Lemmatisiert, nicht disambiguiert.","Lemmatisiert, teilweise semantisch disambiguiert.",389,298,76.6
ZWH,Noch nicht disambiguiert.,Teilweise semantisch disambiguiert.,430,297,69.1
ZWR,"Lemmatisiert, nicht disambiguiert.","Lemmatisiert, semantisch disambiguiert.",143,143,100.0
