form	match_type	count	candidate_lemmas	sample_context	resolved_lemma	confidence	note
in	ambiguous	3486	lemma_1331|lemma_1517|lemma_2975|lemma_3028|lemma_3038|lemma_5454|lemma_6467|lemma_8472	Dem Der in rechter tugende			
dem	ambiguous	2209	lemma_1097|lemma_1119	anevanck Uon dem ersten tage			
sie	ambiguous	1940	lemma_5432|lemma_5454|lemma_56116	vollekumenheit Das sie an deiner			
des	ambiguous	1616	lemma_1097|lemma_1119|lemma_1186	lone Criste des ewigen vaters			
her	ambiguous	1480	lemma_1517|lemma_2682|lemma_2684|lemma_2761|lemma_2762|lemma_2825	wasser nante her die mer			
ein	ambiguous	1356	lemma_119|lemma_13|lemma_1331|lemma_2975	Brinnet als ein liechter morgenstern			
ir	ambiguous	1122	lemma_1517|lemma_5454|lemma_56116|lemma_56117	mich mugt ir nicht getvn			
an	ambiguous	917	lemma_13|lemma_1331|lemma_199|lemma_210|lemma_2570	hebt sich an die vor			
herren	ambiguous	888	lemma_2684|lemma_42447	Dem vromen herren der den			
wirt	ambiguous	831	lemma_7489|lemma_7652	vleische Die wirt geheissen ein			
sprach	ambiguous	705	lemma_5692|lemma_5693	Und got sprach Es werde			
noch	ambiguous	692	lemma_14402|lemma_4281|lemma_4415	Die manchem noch vorsperret sein			
im	ambiguous	679	lemma_10734|lemma_1517|lemma_1762	heilicheit Gib im herre steticheit			
sein	ambiguous	677	lemma_1517|lemma_1762|lemma_5377|lemma_5427|lemma_5432	noch vorsperret sein So das			
du	ambiguous	649	lemma_1139|lemma_1180|lemma_1241|lemma_1242	Got got du herczen liebes			
was	ambiguous	581	lemma_29723|lemma_5941|lemma_7505	Die erde was aber vnnucz̆			
er	ambiguous	568	lemma_1281|lemma_1282|lemma_1517|lemma_25157|lemma_5454|lemma_56116|lemma_56117	t t er deiner hulffe			
dir	ambiguous	544	lemma_1169|lemma_1242	gute Czu dir hebit sich			
wider	ambiguous	495	lemma_12326|lemma_7557	enpfahen Und wider czu dir			
erden	ambiguous	466	lemma_1545|lemma_57649	auf der erden Und es			
werden	ambiguous	464	lemma_62628|lemma_7489|lemma_7500	hat Dem werden getrewen diener			
sint	ambiguous	434	lemma_5432|lemma_5434|lemma_5496	dem himel sint sammen sich			
man	ambiguous	426	lemma_3909|lemma_3957|lemma_3958|lemma_3966	er in man vnd wip			
bis	ambiguous	404	lemma_10651|lemma_5432|lemma_9197	dein brot bis das du			
opfer	ambiguous	398	lemma_4488|lemma_4489	gancz enczvntes opfer auf den			
stat	ambiguous	379	lemma_5710|lemma_5732	gleichen awentewer stat Wer nv			
wil	ambiguous	373	lemma_7473|lemma_7529|lemma_7620	An dich wil yemant icht			
gegen	ambiguous	358	lemma_11822|lemma_2007	do geet gegen dem lande			
einen	ambiguous	332	lemma_1331|lemma_31353	Mache wir einen menschen noch			
vber	ambiguous	329	lemma_6359|lemma_6698	der prologus vber das buch			
es	ambiguous	324	lemma_1762|lemma_38737	Wenne wer es also ł			
erde	ambiguous	322	lemma_1545|lemma_57649	hon Die erde lebending vorslant			
aber	ambiguous	314	lemma_18792|lemma_35	erde was aber vnnucz̆ vnd			
sich	ambiguous	310	lemma_42100|lemma_5366|lemma_5445|lemma_5455	Hie hebt sich an die			
Aber	ambiguous	295	lemma_18792|lemma_35	holcze is Aber von dem			
Das	ambiguous	291	lemma_1097|lemma_13169	geistes fewer Das mein sinne			
hant	ambiguous	287	lemma_2598|lemma_2640	der rechten hant Enpfahen deines			
ire	ambiguous	260	lemma_5454|lemma_56116	der alle ire arbeit Hat			
Die	ambiguous	236	lemma_1139|lemma_1161	schrifte tor Die manchem noch			
hab	ambiguous	236	lemma_2593|lemma_2598	Secht euch hab ich gegeben			
seine	ambiguous	228	lemma_1517|lemma_19022|lemma_5377	vleisch vnd seine tage werden			
mein	ambiguous	225	lemma_3001|lemma_4048|lemma_4051	hebit sich mein mut Und			
Der	ambiguous	218	lemma_1055|lemma_1119|lemma_8031	dein Dem Der in rechter			
namen	ambiguous	215	lemma_4306|lemma_4308|lemma_4330	durch deinen namen tichten Dorvmbe			
sei	ambiguous	215	lemma_5432|lemma_56116	im selbir sei auf der			
wart	ambiguous	204	lemma_7405|lemma_7406|lemma_7489|lemma_7505	gotes geist wart gefurt auf			
haben	ambiguous	197	lemma_2593|lemma_2598|lemma_2688	die do haben frucht in			
waren	ambiguous	196	lemma_7338|lemma_7505	die do waren vnder dem			
di	ambiguous	186	lemma_1119|lemma_1139	einer gesellinne di hat mir			
Do	ambiguous	183	lemma_1055|lemma_1180|lemma_1242|lemma_4445	selben stunde Do die schrifte			
iren	ambiguous	176	lemma_3066|lemma_3067|lemma_5454|lemma_56116	Die in iren iungen tagen			
gepoten	ambiguous	171	lemma_1971|lemma_1978	euch got gepoten das W			
alter	ambiguous	155	lemma_155|lemma_156	stifte einen alter vnserm herren			
essen	ambiguous	151	lemma_1726|lemma_1764	haben zu essen Und dicz			
e	ambiguous	144	lemma_10937|lemma_1281|lemma_3004	vnd erden e wenne alle			
gepot	ambiguous	140	lemma_1971|lemma_1978	gee Und gepot mannen vber			
vil	ambiguous	137	lemma_6741|lemma_7053|lemma_7075	Und vber vil gutes seczen			
hast	ambiguous	137	lemma_2598|lemma_2681	du mir hast gegeben czu			
stete	ambiguous	133	lemma_5713|lemma_5732	vmb die stete ESIS vnd			
geczelt	ambiguous	130	lemma_2361|lemma_7793	auf sein geczelt also das			
si	ambiguous	114	lemma_48479|lemma_5366|lemma_5432|lemma_5445|lemma_5454|lemma_56116	Das sie si muze czuchticlich			
Ein	ambiguous	114	lemma_119|lemma_13|lemma_1331|lemma_2975	ye gehort Ein buch das			
habe	ambiguous	111	lemma_2593|lemma_2598	sprach Besessen habe ich einen			
ougen	ambiguous	109	lemma_4524|lemma_4525	werden ewer ougen augen auf			
werde	ambiguous	107	lemma_7489|lemma_7500|lemma_7644	als ein werde rose Sterck			
teil	ambiguous	105	lemma_6041|lemma_6042	vnd die teil der man			
schaf	ambiguous	101	lemma_5143|lemma_5153	der hatte schaf und rinder			
samen	ambiguous	98	lemma_5039|lemma_5089|lemma_5090	vnd machende samen Und ein			
gab	ambiguous	97	lemma_1839|lemma_1961	as vnd gab irem ł			
mag	ambiguous	97	lemma_3905|lemma_4240	man essen mag Die trage			
vorwar	ambiguous	96	lemma_7014|lemma_8989	tag Got vorwar sprach Die			
In	ambiguous	95	lemma_1331|lemma_1517|lemma_2975|lemma_3028|lemma_3038|lemma_5454|lemma_6467|lemma_8472	aller stvnt In PROLOGUS trewen			
sach	ambiguous	94	lemma_5046|lemma_5062|lemma_5366	Und got sach das liecht			
gefurt	ambiguous	92	lemma_2316|lemma_7283	geist wart gefurt auf den			
blut	ambiguous	91	lemma_770|lemma_775|lemma_776	enpfangen das blut deines bruders			
dor	ambiguous	91	lemma_1055|lemma_8055	kvmen was dor ein do			
gewant	ambiguous	90	lemma_2331|lemma_7479	guldeine vnd gewant vnd gab			
mer	ambiguous	89	lemma_3001|lemma_3922|lemma_4034|lemma_4035|lemma_4086|lemma_79808	her die mer Vnd got			
DUS	ambiguous	88	lemma_21148|lemma_8073	weile ein DUS newer kvnig			
rede	ambiguous	82	lemma_4826|lemma_4830	die vor rede vnd der			
wirst	ambiguous	82	lemma_7489|lemma_7650	mannes gewalt wirst du sein			
menschen	ambiguous	80	lemma_4082|lemma_44421	wir einen menschen noch vnserm			
teile	ambiguous	77	lemma_6041|lemma_6042	das funfte teile vnd ist			
SIS	ambiguous	76	lemma_56951|lemma_8004|lemma_8694	aller wilden SIS tir wil			
eines	ambiguous	74	lemma_1331|lemma_1336	ein ander eines anders wenne			
irem	ambiguous	73	lemma_5454|lemma_56116	vnd In irem vbirmut ł			
meinen	ambiguous	72	lemma_3001|lemma_4051	mir entsliesse meinen mvnt Das			
gebe	ambiguous	72	lemma_13306|lemma_1961	reich Und gebe ir do			
U	ambiguous	72	lemma_2|lemma_56117	euch schencken U Und mit			
machen	ambiguous	72	lemma_3917|lemma_3962	Und czu machen haben sie			
ersten	ambiguous	71	lemma_1288|lemma_1655	Uon dem ersten tage Von			
yn	ambiguous	70	lemma_1517|lemma_2975|lemma_3028|lemma_5454	vnd heiligte yn wenne an			
nam	ambiguous	69	lemma_4306|lemma_4330	was do nam eine aus			
meine	ambiguous	69	lemma_3001|lemma_4048|lemma_4051	zu Hŏrt meine stimme ir			
machte	ambiguous	68	lemma_3917|lemma_3937|lemma_4240	fewer Und machte in vreude			
nante	ambiguous	68	lemma_4309|lemma_4331	vinsternusse vnd nante das liecht			
kein	ambiguous	66	lemma_2007|lemma_3271|lemma_3273	Seiner diener kein ný kein			
nemen	ambiguous	63	lemma_4330|lemma_4331	die sullen nemen irn teil			
Was	ambiguous	62	lemma_29723|lemma_5941|lemma_7505	von clage Was wunders in			
wie	ambiguous	62	lemma_11087|lemma_7608	geschehen sol wie got die			
Es	ambiguous	62	lemma_1762|lemma_38737	got sprache Es werde ein			
meines	ambiguous	62	lemma_3001|lemma_4048|lemma_4051	ich nv meines bruders hirtman			
seiten	ambiguous	62	lemma_5061|lemma_5378|lemma_5435	zu der seiten hinder wert;			
tag	ambiguous	61	lemma_1061|lemma_5994	morgen ein tag Und got			
Sich	ambiguous	60	lemma_42100|lemma_5366|lemma_5445|lemma_5455	rewe vordiene Sich heute wirfestu			
tur	ambiguous	58	lemma_6099|lemma_6266|lemma_6272	Aber die tur der archen			
aldo	ambiguous	55	lemma_116|lemma_1180	sam ich aldo Gee in			
funden	ambiguous	55	lemma_7081|lemma_76280	wart nicht funden ein helfer			
lege	ambiguous	53	lemma_3674|lemma_3770	gewalt das lege vnd halde			
ob	ambiguous	52	lemma_4457|lemma_67820|lemma_9329	nicht Vnd ob er die			
wege	ambiguous	51	lemma_7431|lemma_7436|lemma_7439	schawer wasser wege der wolken			
Noch	ambiguous	51	lemma_14402|lemma_4281|lemma_4415	geslechte N Noch enwirt furbas			
tut	ambiguous	51	lemma_6301|lemma_7770	nvr alleine tut disen mannen			
An	ambiguous	50	lemma_13|lemma_1331|lemma_199|lemma_210|lemma_2570	geschaffen kan An dich wil			
Wer	ambiguous	50	lemma_5918|lemma_5961|lemma_7482|lemma_7496|lemma_7505|lemma_7643	awentewer stat Wer nv diser			
gerichte	ambiguous	50	lemma_2164|lemma_4913	werden machen gerichte vnd gerechticheit			
purgen	ambiguous	50	lemma_10988|lemma_944	in den purgen Und do			
vorchte	ambiguous	49	lemma_7201|lemma_7298	in vnd vorchte mich do			
veter	ambiguous	48	lemma_6771|lemma_7046	geborn die veter aller kinder			
steine	ambiguous	48	lemma_5743|lemma_62338	czigel fur steine vnd leim			
name	ambiguous	47	lemma_4306|lemma_4330	einen wassers name ist Das			
fur	ambiguous	47	lemma_6761|lemma_7108|lemma_7194|lemma_7283|lemma_7292	wir hin fur Und do			
furen	ambiguous	46	lemma_6761|lemma_7283	muze czuchticlich furen in ires			
heiden	ambiguous	46	lemma_2699|lemma_2700	geteilt die heiden in den			
sante	ambiguous	45	lemma_18884|lemma_5396	got herre sante einen slaf			
gabe	ambiguous	45	lemma_1839|lemma_1961	erden opferte gabe vnserm herren			
tir	ambiguous	45	lemma_10984|lemma_1242	vnd alle tir noch irem			
lant	ambiguous	44	lemma_3567|lemma_3604	deines vaters lant Mit den			
geczalt	ambiguous	44	lemma_44911|lemma_7793	mag er geczalt werden vormenige			
irn	ambiguous	43	lemma_5454|lemma_56116	vnd nante irn namen noch			
wer	ambiguous	42	lemma_5918|lemma_5961|lemma_7482|lemma_7496|lemma_7505|lemma_7643	prologo Wenne wer es also			
tu	ambiguous	42	lemma_1242|lemma_6301	bozes sal tu nicht essen			
vetern	ambiguous	42	lemma_6771|lemma_7046	zu deinen vetern mit fride			
bite	ambiguous	41	lemma_687|lemma_722	dir Und bite dich das			
gestalt	ambiguous	41	lemma_2246|lemma_5748	auf der gestalt der abegrund			
blute	ambiguous	41	lemma_775|lemma_776	mit dem blute nicht sult			
ires	ambiguous	40	lemma_5454|lemma_56116	furen in ires kindes reich			
Ir	ambiguous	40	lemma_1517|lemma_5454|lemma_56116|lemma_56117	gegebin hat Ir gleichen awentewer			
morgen	ambiguous	40	lemma_1778|lemma_4201	abent vnd morgen ein tag			
sammen	ambiguous	40	lemma_5089|lemma_5090	himel sint sammen sich an			
lasen	ambiguous	40	lemma_3567|lemma_3720	der mensch lasen vater vnd			
lies	ambiguous	40	lemma_3567|lemma_3720	kint vnd lies si geen			
wegen	ambiguous	40	lemma_51511|lemma_7431|lemma_7439|lemma_75877|lemma_9621	den stein wegen von dem			
los	ambiguous	39	lemma_3567|lemma_3818|lemma_3837|lemma_3851	beide das los einen vnserm			
wonte	ambiguous	38	lemma_7355|lemma_7695	herren vnd wonte in der			
alters	ambiguous	38	lemma_155|lemma_160	stat des alters den er			
male	ambiguous	38	lemma_3907|lemma_3908|lemma_3939|lemma_3955|lemma_48083	zu einem male hab ich			
steten	ambiguous	38	lemma_5713|lemma_5716|lemma_5732	in den steten vnd alles			
hert	ambiguous	36	lemma_10833|lemma_13697|lemma_2787	vordristen seiner hert vnd von			
Rede	ambiguous	36	lemma_4826|lemma_4830	antworte im Rede Ich bins			
furte	ambiguous	35	lemma_7283|lemma_7324	got herre furte aus der			
lon	ambiguous	35	lemma_3567|lemma_3815|lemma_3817	vnd dein lon ist gros			
fremden	ambiguous	35	lemma_62628|lemma_7221|lemma_7222	vnd die fremden mit ein			
segen	ambiguous	35	lemma_47078|lemma_5363	vnd deinen segen Nu machte			
ende	ambiguous	34	lemma_1396|lemma_1402|lemma_6467	vorrede ein ende got vns			
alden	ambiguous	34	lemma_155|lemma_21980|lemma_68768|lemma_7961|lemma_7962	an den alden alles volk			
en	ambiguous	34	lemma_1331|lemma_1517|lemma_3028|lemma_4377|lemma_53169|lemma_5454|lemma_56116	erden noch en wil d			
siten	ambiguous	33	lemma_5435|lemma_5505	noch dem siten aller werld			
Du	ambiguous	33	lemma_1139|lemma_1180|lemma_1241|lemma_1242	zu im Du bist mein			
halben	ambiguous	33	lemma_2617|lemma_2618	vnd einer halben in die			
gut	ambiguous	32	lemma_2551|lemma_2573	Vnd manch gut testament czeuget			
tagen	ambiguous	32	lemma_5994|lemma_6003	in seinen tagen Das er			
vorchten	ambiguous	32	lemma_7201|lemma_7298	vnd sie vorchten sich alle			
buch	ambiguous	31	lemma_14784|lemma_21151|lemma_912|lemma_936	vber das buch daz do			
legen	ambiguous	31	lemma_16149|lemma_3674|lemma_3770	ich wil legen fur euch			
wolle	ambiguous	31	lemma_7473|lemma_7693	vnd gestreifter wolle sint vnd			
daz	ambiguous	30	lemma_1097|lemma_14087	das buch daz do heisset			
hie	ambiguous	30	lemma_1517|lemma_2588|lemma_2705|lemma_2825|lemma_2923	Vreude beide hie vnd dort			
reine	ambiguous	30	lemma_21088|lemma_25323|lemma_4848|lemma_4881	gemischet vnd reine vnd wirdig			
stein	ambiguous	29	lemma_5743|lemma_62338	den edeln stein onichiun Vnd			
lenge	ambiguous	29	lemma_3705|lemma_3706	haben die lenge der archen			
tal	ambiguous	29	lemma_11955|lemma_6010	bei dem tal das ist			
stund	ambiguous	28	lemma_5710|lemma_5842	vorwar der stund noch vor			
reich	ambiguous	27	lemma_4842|lemma_4872|lemma_4930	ires kindes reich Und gebe			
Sunder	ambiguous	27	lemma_5884|lemma_9550	nichte leren Sunder gleich als			
rechte	ambiguous	27	lemma_4840|lemma_4913	hette vnd rechte als das			
eyn	ambiguous	27	lemma_1331|lemma_2975|lemma_3028	wil brengen eyn wenig wassers			
Des	ambiguous	26	lemma_1097|lemma_1119|lemma_1186	gnaden stew̆er Des heiligen geistes			
leben	ambiguous	26	lemma_3659|lemma_3726	das ir leben also gevalle			
sam	ambiguous	26	lemma_5039|lemma_5085	zu reime sam ich aldo			
weis	ambiguous	26	lemma_7462|lemma_7537|lemma_7538|lemma_7549|lemma_7672	got der weis so das			
fure	ambiguous	26	lemma_6761|lemma_7108|lemma_7283|lemma_7292	sint die fure ous der			
vir	ambiguous	26	lemma_40212|lemma_7063|lemma_7292|lemma_7643	die ist vir hundert silbereiner			
trugen	ambiguous	26	lemma_6171|lemma_6201	Und sie trugen czu sammen			
ere	ambiguous	26	lemma_1281|lemma_1282|lemma_25157|lemma_5454|lemma_57649	alle meine ere vnd alles			
manden	ambiguous	26	lemma_3909|lemma_3966	in dem manden newes getreides			
teilen	ambiguous	25	lemma_6041|lemma_6042	himels vnd teilen tag vnd			
breite	ambiguous	25	lemma_846|lemma_847	dovmelen ir breite vnd dreissick			
gen	ambiguous	25	lemma_1844|lemma_1961|lemma_2007	nv bist gen nŏrden XIII			
hern	ambiguous	25	lemma_2682|lemma_2684|lemma_2761|lemma_8335	czwen svne hern vnd der			
horen	ambiguous	25	lemma_2885|lemma_2904	Sich die horen mich nicht			
wilt	ambiguous	24	lemma_7473|lemma_7615|lemma_7627	tyr vnd wilt der erden			
wonten	ambiguous	24	lemma_7355|lemma_7695	die do wonten in geczelten			
gaben	ambiguous	24	lemma_1839|lemma_1961	Und also gaben sie irem			
scharen	ambiguous	24	lemma_5180|lemma_5184	zu vil scharen des volkkes			
Sie	ambiguous	23	lemma_5432|lemma_5454|lemma_56116	der latein Sie czu deutsche			
reichen	ambiguous	23	lemma_4842|lemma_4872|lemma_4875	in iren reichen ein yclicher			
wert	ambiguous	23	lemma_13508|lemma_7489|lemma_7496|lemma_7500|lemma_7505|lemma_9266	gegen zuden wert Es was			
streit	ambiguous	23	lemma_5815|lemma_5818	gelobten einen streit kegen dem			
anders	ambiguous	23	lemma_207|lemma_21581	ander eines anders wenne das			
gehaben	ambiguous	23	lemma_2020|lemma_2022	hab ich gehaben vnd spreche			
las	ambiguous	23	lemma_3567|lemma_3643|lemma_3720	got Nicht las dir sein			
enden	ambiguous	23	lemma_1396|lemma_1402	allen seinen enden in dem			
mase	ambiguous	23	lemma_3912|lemma_4008	vber die mase vnd hette			
weise	ambiguous	23	lemma_7462|lemma_7537|lemma_7538|lemma_7549	vnder in weise vnd vornunftige			
nach	ambiguous	22	lemma_4281|lemma_4298|lemma_4303|lemma_4415	sende Dar nach hebit sich			
hute	ambiguous	22	lemma_2863|lemma_2939|lemma_2942|lemma_2947|lemma_2963	vnd sein hute Und got			
Er	ambiguous	22	lemma_1281|lemma_1282|lemma_1517|lemma_25157|lemma_5454|lemma_56116|lemma_56117	wirftu tvn Er sprache Ich			
Dem	ambiguous	21	lemma_1097|lemma_1119	lieben abenttewer Dem vromen herren			
swert	ambiguous	21	lemma_5925|lemma_5963|lemma_5964	ein fewrin swert vnd einen			
X	ambiguous	21	lemma_13826|lemma_2	CAPITULUM I X vnd seinen			
steig	ambiguous	21	lemma_24062|lemma_5760|lemma_5763	ersach do steig sie von			
halden	ambiguous	21	lemma_2620|lemma_2629	sult den halden bis an			
stunden	ambiguous	20	lemma_5710|lemma_5842	czu disen stunden Getrewe vber			
stunt	ambiguous	20	lemma_5710|lemma_5842	nv czu stunt Ewer lieb			
eine	ambiguous	20	lemma_119|lemma_1331|lemma_1337	do nam eine aus seinen			
senden	ambiguous	20	lemma_5396|lemma_69474	vor dir senden seinen engel			
wollen	ambiguous	20	lemma_7473|lemma_7693	wustenunge vnd wollen opfern vnserm			
ringe	ambiguous	20	lemma_4917|lemma_4918|lemma_4920	vir guldeine ringe die secze			
iungen	ambiguous	19	lemma_3157|lemma_3162	in iren iungen tagen Cristum			
mere	ambiguous	19	lemma_3922|lemma_4034|lemma_4035|lemma_4086	Im roten mere czu Ertrenkte			
as	ambiguous	19	lemma_1|lemma_152|lemma_17|lemma_1764	frucht vnd as vnd gab			
gedienet	ambiguous	19	lemma_1145|lemma_1996	hetten sie gedienet dem kunige			
richte	ambiguous	19	lemma_4875|lemma_4912|lemma_4913	gelegt vnd richte den vf			
ruten	ambiguous	19	lemma_27304|lemma_5033	ougen die ruten vnd in			
ruche	ambiguous	19	lemma_31613|lemma_5021	einem suzen ruche in der			
arbeit	ambiguous	18	lemma_269|lemma_270	vorkeuset Sein arbeit er vorleuset			
Her	ambiguous	18	lemma_1517|lemma_2682|lemma_2684|lemma_2761|lemma_2762|lemma_2825	sehenden mich Her ist in			
sunder	ambiguous	18	lemma_5884|lemma_9550	nicht gelacht sunder ich bin			
ym	ambiguous	18	lemma_10734|lemma_1517	sprachen czu ym Ste ouf			
achten	ambiguous	18	lemma_96|lemma_99	an dem achten tage als			
sat	ambiguous	18	lemma_5041|lemma_5122	macht die sat vnd wurden			
wilden	ambiguous	17	lemma_11955|lemma_7615|lemma_7616	vnd den wilden der erden			
stifte	ambiguous	17	lemma_18458|lemma_5771	herre GENESIS stifte das rippe			
irre	ambiguous	17	lemma_3066|lemma_3067|lemma_56116	Uorfluchtig vnd irre wirst du			
sere	ambiguous	17	lemma_5350|lemma_5351	wasser namen sere vber hant			
were	ambiguous	17	lemma_5961|lemma_7482|lemma_7496|lemma_7505	das er were aldo gestweise			
rue	ambiguous	17	lemma_4937|lemma_5034	gegen svnder rue in der			
Mein	ambiguous	17	lemma_3001|lemma_4048|lemma_4051	andern male Mein erste geburt			
war	ambiguous	17	lemma_51509|lemma_5961|lemma_7325|lemma_7338|lemma_7505	Her vor war bleib die			
slecht	ambiguous	17	lemma_5525|lemma_5532	deine knechte slecht man mit			
mas	ambiguous	17	lemma_11184|lemma_4110	das ander mas gomor noch			
erwelet	ambiguous	17	lemma_1699|lemma_57797	welche her erwelet die werden			
meren	ambiguous	16	lemma_3922|lemma_4034|lemma_4035	trewen ymmer meren Das lop			
oren	ambiguous	16	lemma_30381|lemma_4447	Die mein oren ye gehort			
wunder	ambiguous	16	lemma_7722|lemma_7729	Sulcher groser wunder czil Steen			
et	ambiguous	16	lemma_1323|lemma_1732|lemma_1762	erat inanis et vacua et			
eide	ambiguous	16	lemma_1355|lemma_50416	an dem eide nvr alleine			
Las	ambiguous	16	lemma_3567|lemma_3643|lemma_3720	seinem sweher Las mich das			
stet	ambiguous	16	lemma_5710|lemma_5713|lemma_5732	die do stet noch der			
dinge	ambiguous	16	lemma_1164|lemma_1165	wissen aller dinge geloubte er			
oster	ambiguous	16	lemma_4450|lemma_4452	sult ir oster brot wenne			
gute	ambiguous	15	lemma_2551|lemma_2573	herczen liebes gute Czu dir			
touben	ambiguous	15	lemma_15782|lemma_6160|lemma_6265	gevalle den touben an alle			
vinden	ambiguous	15	lemma_7048|lemma_7081	intrewen lasent vinden Und in			
I	ambiguous	15	lemma_10509|lemma_13826|lemma_3004	Primus LIBER I GENESIS N			
is	ambiguous	15	lemma_1762|lemma_2979|lemma_5432	allem holcze is Aber von			
nider	ambiguous	15	lemma_4346|lemma_4359	Do vil nider ouf sein			
solt	ambiguous	15	lemma_5608|lemma_5609	dich vnd solt sein ein			
schar	ambiguous	15	lemma_5180|lemma_5184	in czwu schar vnd sprach			
ane	ambiguous	15	lemma_13|lemma_199|lemma_210	als vorweiset ane kinder Nu			
clage	ambiguous	14	lemma_3337|lemma_3341	vnd von clage Was wunders			
machten	ambiguous	14	lemma_3917|lemma_4240	laup vnd machten in do			
lebe	ambiguous	14	lemma_3659|lemma_3726	esse vnd lebe ewiclich Und			
trage	ambiguous	14	lemma_6169|lemma_6171	mag Die trage zu houfe			
ruch	ambiguous	14	lemma_4990|lemma_4999|lemma_5021	roch den ruch der susicheit			
wone	ambiguous	14	lemma_689|lemma_7336|lemma_7695	got vnd wone in den			
willen	ambiguous	14	lemma_18852|lemma_7620	durch iren willen Und der			
westen	ambiguous	14	lemma_7506|lemma_7672	vnd gegen westen Alle die			
furten	ambiguous	14	lemma_7283|lemma_7298	gewalt vnd furten hin ein			
bat	ambiguous	14	lemma_408|lemma_722	Aber do bat vor in			
Einen	ambiguous	14	lemma_1331|lemma_31353	irem neide Einen andern trovme			
wat	ambiguous	14	lemma_5941|lemma_7342	vnd ire wat vnd saczte			
wissen	ambiguous	14	lemma_7549|lemma_7551|lemma_7672	mer dorumbe wissen aller dinge			
har	ambiguous	14	lemma_18113|lemma_2590|lemma_2761|lemma_2762|lemma_29842	im sein har vnd ł			
armen	ambiguous	14	lemma_10609|lemma_285|lemma_286	weisen meinem armen der do			
grunden	ambiguous	14	lemma_12395|lemma_2544	vil ereinen grunden die do			
Hie	ambiguous	13	lemma_1517|lemma_2588|lemma_2705|lemma_2825|lemma_2923	PROLOGUS Hie hebt sich			
O	ambiguous	13	lemma_18476|lemma_2|lemma_4445	Biblia etcetera O Got got			
Sein	ambiguous	13	lemma_1517|lemma_1762|lemma_5377|lemma_5427|lemma_5432	die vorkeuset Sein arbeit er			
rat	ambiguous	13	lemma_4786|lemma_4787|lemma_4813	der den rat Uon dir			
dingen	ambiguous	13	lemma_1164|lemma_1165	gleichen slechten dingen In deutsche			
S	ambiguous	13	lemma_1119|lemma_2	in ir S Secht ich			
vorgangen	ambiguous	13	lemma_67213|lemma_6851	Und do vorgangen waren siben			
alder	ambiguous	13	lemma_117|lemma_155	gepern also alder Nu sich			
weder	ambiguous	13	lemma_7434|lemma_7557	des nicht weder do si			
herte	ambiguous	13	lemma_17742|lemma_2787|lemma_2789|lemma_2795	sein das herte vmb das			
bereit	ambiguous	13	lemma_526|lemma_527	Ich bin bereit Und er			
geb	ambiguous	13	lemma_1961|lemma_32000	Den acker geb ich dir			
Hute	ambiguous	13	lemma_2863|lemma_2939|lemma_2942|lemma_2947|lemma_2963	Do sprach Hute dich das			
bette	ambiguous	13	lemma_11508|lemma_52148|lemma_615|lemma_621|lemma_634	vnd an bette vnsern herren			
gebot	ambiguous	13	lemma_1971|lemma_1978	geczelt vnd gebot seinen knechten			
gnade	ambiguous	13	lemma_2110|lemma_2111	das ich gnade vinde in			
grunt	ambiguous	13	lemma_2541|lemma_2544	erden g grunt der stat			
iener	ambiguous	13	lemma_3011|lemma_3114	gebite Und iener wirt reden			
wandern	ambiguous	13	lemma_15174|lemma_9839	ob sie wandern in meiner			
genaden	ambiguous	13	lemma_2110|lemma_2111	bedeckende die genaden tafel sich			
eren	ambiguous	12	lemma_1282|lemma_5454|lemma_56116|lemma_57649	lop deiner eren Das ich			
lone	ambiguous	12	lemma_3815|lemma_3817	ewiclich zu lone Criste des			
lere	ambiguous	12	lemma_3655|lemma_3656|lemma_63548	vnnucz̆ vnd lere vnd vinsternusse			
same	ambiguous	12	lemma_5039|lemma_5085	geslechte des same in im			
trug	ambiguous	12	lemma_6171|lemma_6201	die samen trug noch irem			
stoup	ambiguous	12	lemma_5767|lemma_5794	bist wenne stoup bistu vnd			
C	ambiguous	12	lemma_13826|lemma_2	seinem geslechte C Czwei aus			
regen	ambiguous	12	lemma_41348|lemma_4834|lemma_4835	ein GENESIS regen auf erden			
vilen	ambiguous	12	lemma_15262|lemma_24033|lemma_6741|lemma_7075	rucke vnd vilen aldo Und			
Herre	ambiguous	12	lemma_2684|lemma_2761	Und sprach Herre was gibst			
biten	ambiguous	12	lemma_687|lemma_722	er wirt biten vor dich			
irs	ambiguous	12	lemma_14006|lemma_48563|lemma_5454|lemma_56116|lemma_56951|lemma_58160	beraubt hette irs maitumes die			
ouge	ambiguous	12	lemma_4524|lemma_50081	vmb sele ouge vmb ouge			
here	ambiguous	12	lemma_2682|lemma_2684|lemma_2761|lemma_2762|lemma_5454	Und vnser here redte zu			
leit	ambiguous	11	lemma_3674|lemma_3691|lemma_3692|lemma_3730|lemma_3770	ný kein leit Svn¬ der			
huten	ambiguous	11	lemma_2939|lemma_2942	weges czu huten czu dem			
macht	ambiguous	11	lemma_3917|lemma_3937|lemma_4240	gleichnusse gotes macht er in			
dan	ambiguous	11	lemma_1073|lemma_8019	waren hin dan gekart vnd			
GEN	ambiguous	11	lemma_1844|lemma_1961|lemma_2007	W W GEN ber lebte			
c	ambiguous	11	lemma_13826|lemma_2	ł XVI c GENE egiptische			
wisse	ambiguous	11	lemma_7538|lemma_7549|lemma_7672	ich das wisse Und sie			
vinde	ambiguous	11	lemma_7048|lemma_7081	das ich vinde in funfczig			
huf	ambiguous	11	lemma_2932|lemma_2949	vnder meine huf so das			
sage	ambiguous	11	lemma_5061|lemma_51510	ich dir sage vnd pilgereime			
losen	ambiguous	11	lemma_3818|lemma_3821|lemma_3837|lemma_3853	entschutten vnd losen wirst sein			
gericht	ambiguous	11	lemma_2164|lemma_4913	vf hab gericht zu einem			
graben	ambiguous	11	lemma_2479|lemma_2483|lemma_2485|lemma_2486|lemma_26054	sie durch graben die mawer			
richter	ambiguous	11	lemma_26221|lemma_4911	vnd einen richter vber vns			
gevallen	ambiguous	11	lemma_2292|lemma_6741	die ab gevallen kŏrner saltu			
hort	ambiguous	10	lemma_2885|lemma_2908	ewigen selden hort Vreude beide			
s	ambiguous	10	lemma_1119|lemma_2	ewigen vaters s = svn			
han	ambiguous	10	lemma_2598|lemma_2634|lemma_50840	wir vns han geseczet vor			
trucken	ambiguous	10	lemma_1236|lemma_6255	erscheine die trucken Und es			
pilde	ambiguous	10	lemma_47319|lemma_704	noch seinem pilde Vnd nante			
reinen	ambiguous	10	lemma_25323|lemma_4848	Aus allen reinen tyren heb			
nahen	ambiguous	10	lemma_4281|lemma_4290|lemma_4301	si waren nahen das sie			
geschrei	ambiguous	10	lemma_2207|lemma_2208	czu Das geschrei der vnd			
wage	ambiguous	10	lemma_7326|lemma_7334|lemma_7335|lemma_7351|lemma_7613	an die wage das gelt			
gehabt	ambiguous	10	lemma_2020|lemma_2598	er hat gehabt Und mein			
al	ambiguous	10	lemma_106|lemma_22020|lemma_22573	ł nacht al do geslief			
arme	ambiguous	10	lemma_285|lemma_286	bant seiner arme vnd seiner			
esse	ambiguous	9	lemma_1726|lemma_1764	lebens vnd esse vnd lebe			
dach	ambiguous	9	lemma_1060|lemma_1185|lemma_5994	auf das dach der archen			
schos	ambiguous	9	lemma_15061|lemma_5235|lemma_5277	in deine schos die sicht			
slahe	ambiguous	9	lemma_5523|lemma_5525	sprache Ich slahe ir nicht			
swere	ambiguous	9	lemma_5924|lemma_5963	Dorvmbe so swere bei dem			
achte	ambiguous	9	lemma_7|lemma_95|lemma_96|lemma_98|lemma_99	quam Dise achte geperte bruder			
bitet	ambiguous	9	lemma_687|lemma_722	mich vnd bitet vor mich			
Wie	ambiguous	9	lemma_11087|lemma_7608	seinem svne Wie mochtestu das			
reichte	ambiguous	9	lemma_4842|lemma_4875	im die reichte vnd er			
schaden	ambiguous	9	lemma_5148|lemma_5149	Allen deinen schaden hab ich			
rote	ambiguous	9	lemma_4786|lemma_4954|lemma_4978	hant das rote tuchil was;			
stvnden	ambiguous	9	lemma_5710|lemma_5842	vor im stvnden Und dorumbe			
sweren	ambiguous	9	lemma_5924|lemma_5963	ous einem sweren slafe entwachte			
herten	ambiguous	9	lemma_13697|lemma_2787|lemma_2789|lemma_2795	sein hercze herten vnd her			
diene	ambiguous	9	lemma_1145|lemma_8042	her mir diene vnd du			
weisen	ambiguous	9	lemma_7462|lemma_7537|lemma_7540|lemma_7549	rufte den weisen vnd den			
vellet	ambiguous	9	lemma_6741|lemma_6792	ouf sie vellet sie sterben			
lose	ambiguous	9	lemma_3818|lemma_3853	svnen die lose mit lone			
gewapent	ambiguous	9	lemma_7328|lemma_9689	dem Und gewapent ł czogen			
gepote	ambiguous	9	lemma_1971|lemma_1978	noch dem gepote in den			
sende	ambiguous	8	lemma_18884|lemma_26093|lemma_5396|lemma_5401|lemma_69473|lemma_69474	heiligen geiste sende Dar nach			
irm	ambiguous	8	lemma_5454|lemma_56116	tyr mit irm namen vnd			
gebar	ambiguous	8	lemma_1964|lemma_542	enpfieng vnd gebar vnd sprach			
rache	ambiguous	8	lemma_57802|lemma_79315	swerte Sibenueldige rache wirt gegeben			
genade	ambiguous	8	lemma_2110|lemma_2111	vorwar vant genade vor vnserm			
leite	ambiguous	8	lemma_19575|lemma_3674|lemma_3692|lemma_3730	vnd zu leite Aber mir			
leibe	ambiguous	8	lemma_27456|lemma_3738	aus deinem leibe den wirdestu			
heile	ambiguous	8	lemma_2706|lemma_2711	einem perge heile dich das			
schrei	ambiguous	8	lemma_5304|lemma_5310	von himel schrei vnd sprach			
weist	ambiguous	8	lemma_12204|lemma_7672	als du weist die ich			
gange	ambiguous	8	lemma_1844|lemma_1899	meinem ein gange Dorumb recht			
suche	ambiguous	8	lemma_11369|lemma_5903	Meine bruder suche ich Czeige			
seyn	ambiguous	8	lemma_1517|lemma_5432	wider an seyn ampt das			
kunst	ambiguous	8	lemma_3400|lemma_3541	in der kunst der weissagunge			
herr	ambiguous	8	lemma_2684|lemma_2762	gepoten hette herr vnd nerte			
gebende	ambiguous	8	lemma_1961|lemma_1962	vnd rede gebende der schone			
sterke	ambiguous	8	lemma_5729|lemma_5754|lemma_5755	ist in sterke sein bogen			
E	ambiguous	8	lemma_10937|lemma_1281|lemma_3004	kvnnen helfen E wir zu			
meil	ambiguous	8	lemma_4046|lemma_4113	an alles meil ein ieriges			
lage	ambiguous	8	lemma_3565|lemma_3770	dem nicht lage ein toter			
hoen	ambiguous	8	lemma_13175|lemma_2866	wil in hoen Der herre			
ligen	ambiguous	8	lemma_3758|lemma_3770	hassers sihest ligen vnder der			
posen	ambiguous	8	lemma_33398|lemma_788	vnd irr posen dinge mit			
striten	ambiguous	8	lemma_5815|lemma_5818	vnsern herren striten Und ouf			
Bis	ambiguous	7	lemma_10651|lemma_5432|lemma_9197	nota bene PROLOGUS Bis das ir			
roten	ambiguous	7	lemma_10839|lemma_11330|lemma_4954|lemma_4978	kvnig Im roten mere czu			
buche	ambiguous	7	lemma_912|lemma_936	in disem buche vil Der			
warn	ambiguous	7	lemma_6761|lemma_7338|lemma_7505	vnd vinsternusse warn auf der			
leide	ambiguous	7	lemma_3680|lemma_3684|lemma_3691|lemma_3730	inwendig in leide des herczens			
alls	ambiguous	7	lemma_106|lemma_148	giengen sie alls in got			
o	ambiguous	7	lemma_18476|lemma_2|lemma_4445	pzde toho o pzde e			
ber	ambiguous	7	lemma_16706|lemma_518|lemma_542	W GEN ber lebte noch			
schone	ambiguous	7	lemma_5274|lemma_5276|lemma_5280	das sie schone was vnd			
gesellen	ambiguous	7	lemma_2213|lemma_2216	teilte seine gesellen vnd vil			
Aldo	ambiguous	7	lemma_116|lemma_1180	die stat Aldo redten sie			
rot	ambiguous	7	lemma_10840|lemma_19417|lemma_4786|lemma_4954	der was rot vnd alczu			
heim	ambiguous	7	lemma_2712|lemma_9419	friede wider heim in ir			
bereite	ambiguous	7	lemma_526|lemma_527	muter Die bereite spise als			
neuen	ambiguous	7	lemma_4341|lemma_4383|lemma_4390|lemma_4392	vnd meinen neuen kvme her			
Ire	ambiguous	7	lemma_5454|lemma_56116	bedarf bouleute Ire tŏchter neme			
lenden	ambiguous	7	lemma_3604|lemma_3702	ous deinen lenden Und die			
stetin	ambiguous	7	lemma_46902|lemma_5713|lemma_5732	in irn stetin vnd in			
has	ambiguous	7	lemma_11816|lemma_2670|lemma_78908	trugen im has der vater			
gewande	ambiguous	7	lemma_2331|lemma_7479	sneweissen seideinen gewande vnd vm			
weren	ambiguous	7	lemma_7496|lemma_7505	gewesen wir weren nv zu			
neren	ambiguous	7	lemma_4334|lemma_4335	ich dich neren Wenne noch			
bete	ambiguous	7	lemma_615|lemma_634|lemma_722	do an bete vnsern herren			
grimme	ambiguous	7	lemma_22061|lemma_2523|lemma_39969	in irem grimme habn sie			
ler	ambiguous	7	lemma_3655|lemma_3656|lemma_63548	ous czihet ler svnder entlehen			
Recke	ambiguous	7	lemma_4824|lemma_4825	herre sprach Recke dein hant			
Gegen	ambiguous	7	lemma_11822|lemma_2007	mer gegen Gegen des angesichte			
spannen	ambiguous	7	lemma_5645|lemma_5647	zu samen spannen also das			
rost	ambiguous	7	lemma_4953|lemma_4977	vnd einen rost zu gleicher			
salbe	ambiguous	7	lemma_5069|lemma_67911	tu vnd salbe den zu			
gestift	ambiguous	6	lemma_2256|lemma_5771	stiftet dise gestift Czu lobe			
heren	ambiguous	6	lemma_10833|lemma_2682|lemma_2684|lemma_2761|lemma_5454	der werden heren Das sie			
arbeite	ambiguous	6	lemma_269|lemma_270	er das arbeite vnd sein			
sal	ambiguous	6	lemma_21131|lemma_25330|lemma_5066|lemma_5608	vnd bozes sal tu nicht			
bein	ambiguous	6	lemma_4664|lemma_471	sprach Das bein nv vz			
arbeiten	ambiguous	6	lemma_269|lemma_270	du sie arbeiten wirst GENESIS			
wint	ambiguous	6	lemma_7631|lemma_7638	furte einen wint auf die			
gesinden	ambiguous	6	lemma_2225|lemma_2226	noch iren gesinden in iren			
Meine	ambiguous	6	lemma_3001|lemma_4048|lemma_4051	antworte im Meine hende hebe			
grabe	ambiguous	6	lemma_2479|lemma_2483|lemma_2486|lemma_2500	in seinem grabe begrebst du			
gevellet	ambiguous	6	lemma_2292|lemma_6792	ein anders gevellet so saget			
gruben	ambiguous	6	lemma_2486|lemma_2546	Und sie gruben an der			
sleht	ambiguous	6	lemma_5525|lemma_5532	vnd ich sleht Ist das			
malen	ambiguous	6	lemma_3907|lemma_3908|lemma_3932|lemma_3955|lemma_48083	czu czehen malen meinen lone			
Seine	ambiguous	6	lemma_1517|lemma_19022|lemma_5377	varbe S Seine bruder sahen			
tote	ambiguous	6	lemma_16978|lemma_6118|lemma_6133|lemma_79808	sprach Nicht tote wir seine			
slach	ambiguous	6	lemma_5521|lemma_5525	heim vnd slach vich vnd			
be	ambiguous	6	lemma_415|lemma_678	vnser herre be suchet hette			
dienest	ambiguous	6	lemma_1145|lemma_1146	ous dem dienest Und wil			
Morgen	ambiguous	6	lemma_1778|lemma_4201	Der antworte Morgen Und Noch			
Steig	ambiguous	6	lemma_24062|lemma_5760|lemma_5763	zu im Steig hin abe			
salben	ambiguous	6	lemma_5069|lemma_5385|lemma_67911	wurcze zu salben vnd thymiamischen			
granat	ambiguous	6	lemma_16226|lemma_2481	den fuzen granat ŏpfil gemacht			
gelust	ambiguous	6	lemma_2084|lemma_2085	samen der gelust der wasche			
gelegen	ambiguous	6	lemma_2055|lemma_3674|lemma_3770	her hat gelegen sol gewaschen			
neigen	ambiguous	6	lemma_4326|lemma_4349	wir vns neigen in die			
lest	ambiguous	5	lemma_3567|lemma_3643|lemma_3720	die sich lest intrewen schowen			
ioch	ambiguous	5	lemma_18264|lemma_3133	tagen Dein ioch also muzzent			
var	ambiguous	5	lemma_6726|lemma_6761|lemma_6764|lemma_6765	allen wider var Des helfe			
kinden	ambiguous	5	lemma_3313|lemma_3538	Allen gotes kinden Die sich			
besten	ambiguous	5	lemma_594|lemma_597	fruntlich Der besten abentewer hort			
lagen	ambiguous	5	lemma_15339|lemma_3770	w wirdest lagen irem trit			
trit	ambiguous	5	lemma_6188|lemma_6211	lagen irem trit Und zv			
geczelten	ambiguous	5	lemma_2361|lemma_7795	wonten in geczelten vnd ouch			
gepar	ambiguous	5	lemma_1953|lemma_1964	vnd er gepar d dreihundert			
nen	ambiguous	5	lemma_4301|lemma_4331	tragende ei¬ nen holczweig mit			
ware	ambiguous	5	lemma_7338|lemma_7505	Und vor ware ł vnd			
krieg	ambiguous	5	lemma_3462|lemma_3465	do von krieg vnder den			
DO	ambiguous	5	lemma_1055|lemma_1180|lemma_1242|lemma_4445	CAPITULUM XU DO dicz also			
gewissen	ambiguous	5	lemma_2349|lemma_2352	mag ich gewissen das ich			
wanne	ambiguous	5	lemma_5933|lemma_9209	du mait wanne kvmestu oder			
stecken	ambiguous	5	lemma_5737|lemma_5738	wirt er stecken sein geczelt			
schame	ambiguous	5	lemma_5166|lemma_5170	SIS ewer schame so das			
nahent	ambiguous	5	lemma_4281|lemma_4290	drei man nahent bei im			
alders	ambiguous	5	lemma_155|lemma_160	wol volvarnes alders Und was			
Gebe	ambiguous	5	lemma_13306|lemma_1961	ł vater Gebe wir im			
ner	ambiguous	5	lemma_19555|lemma_4335	e GENE ner stymme Und			
ackers	ambiguous	5	lemma_51|lemma_54	teil seines ackers Und gebe			
Lege	ambiguous	5	lemma_3674|lemma_3770	er hette Lege deine hant			
arm	ambiguous	5	lemma_285|lemma_286	ouf den arm vnd gab			
Sage	ambiguous	5	lemma_5061|lemma_51510	bistu ̃ Sage mir ist			
vel	ambiguous	5	lemma_6790|lemma_7075	ein rouhes vel vnd des			
wen	ambiguous	5	lemma_5933|lemma_5961|lemma_7355|lemma_7385|lemma_7427	mechtiger worden wen ESIS ne			
schult	ambiguous	5	lemma_5332|lemma_5608	Ŭmb was schult oder vmb			
leget	ambiguous	5	lemma_3674|lemma_3770	housvrowen vnd leget czu samen			
erst	ambiguous	5	lemma_1281|lemma_1288|lemma_57649|lemma_8470	kinder der erst geborne svn			
suchte	ambiguous	5	lemma_5871|lemma_5903	was er suchte Und her			
glich	ambiguous	5	lemma_2065|lemma_2066	das meyn glich nicht en			
dei	ambiguous	5	lemma_10178|lemma_1139	die sunde dei ner knechte			
wache	ambiguous	5	lemma_345|lemma_7345|lemma_7346	komen die wache der mettenczeit			
wuste	ambiguous	5	lemma_7672|lemma_7704|lemma_7705	gegen der wuste nunge Und			
hare	ambiguous	5	lemma_18113|lemma_2590|lemma_2761|lemma_2762	leinein czigen hare vnd rot			
fuge	ambiguous	5	lemma_7282|lemma_7316	Ous den fuge funf zu			
henge	ambiguous	5	lemma_2588|lemma_2758	geworcht den henge vor vier			
andre	ambiguous	5	lemma_204|lemma_21581	machet kein andre Unde welcher			
te	ambiguous	5	lemma_10178|lemma_16464|lemma_7770	gewich NUM te des heiligtumes			
vacht	ambiguous	5	lemma_6722|lemma_6784	der speher vacht her wider			
hand	ambiguous	4	lemma_2598|lemma_2640	bit keiner hand geticht t			
lop	ambiguous	4	lemma_3830|lemma_3849	meren Das lop deiner eren			
Sint	ambiguous	4	lemma_5432|lemma_5434|lemma_5496	diener nv Sint du bist			
lieben	ambiguous	4	lemma_3756|lemma_3765	Czu diser lieben abenttewer Dem			
lobe	ambiguous	4	lemma_3830|lemma_3849	gestift Czu lobe deiner heilicheit			
sagen	ambiguous	4	lemma_5061|lemma_5366	ł wolde sagen Der muste			
Im	ambiguous	4	lemma_10734|lemma_1517|lemma_1762	den kvnig Im roten mere			
enpfant	ambiguous	4	lemma_1436|lemma_1438	diser not enpfant PROLOGUS Seiner			
Et	ambiguous	4	lemma_1323|lemma_1732|lemma_1762	Fiat lux Et facta est			
beste	ambiguous	4	lemma_594|lemma_597	das allir beste golt Und			
wibe	ambiguous	4	lemma_7430|lemma_7534	czu dem wibe worumb hastu			
vorn	ambiguous	4	lemma_7205|lemma_79568	dorinne do vorn U Und			
raben	ambiguous	4	lemma_12322|lemma_12435	aus den raben Der fur			
Meinen	ambiguous	4	lemma_3001|lemma_4051	ewige geperunge Meinen bogen wil			
gewonen	ambiguous	4	lemma_2348|lemma_2353	mochten nicht gewonen bei ein			
Unde	ambiguous	4	lemma_2570|lemma_6413|lemma_6467|lemma_6471	einer hausvrowen Unde her gieng			
wander	ambiguous	4	lemma_18635|lemma_9000	almechtiger got wander vor mir			
gepere	ambiguous	4	lemma_1953|lemma_1964	iar alt gepere Und sprach			
santen	ambiguous	4	lemma_5109|lemma_5396	czwene man santen ire gewalt			
halt	ambiguous	4	lemma_2628|lemma_2629|lemma_2743	kint vnd halt sein hant			
furt	ambiguous	4	lemma_39708|lemma_6761|lemma_7283|lemma_7324	esil vnd furt mit im			
sant	ambiguous	4	lemma_18884|lemma_5090|lemma_5107|lemma_5396|lemma_79089	als den sant der do			
hol	ambiguous	4	lemma_2889|lemma_2890	vnd das hol dorinne zu			
Wes	ambiguous	4	lemma_5941|lemma_5961	zu ir Wes tochter bistu			
werd	ambiguous	4	lemma_7489|lemma_7500|lemma_9266	segent der werd mit segen			
werdest	ambiguous	4	lemma_7489|lemma_7500	das du werdest zu vil			
rasten	ambiguous	4	lemma_4810|lemma_4811	wolde doran rasten noch der			
lip	ambiguous	4	lemma_3738|lemma_3765	Die hette lip vnd sprach			
Hab	ambiguous	4	lemma_2593|lemma_2598	seinem sweher Hab ich dir			
geneme	ambiguous	4	lemma_2115|lemma_4330	habe das geneme das du			
bitest	ambiguous	4	lemma_687|lemma_722	das du bitest Und sunderte			
michels	ambiguous	4	lemma_4117|lemma_4118	starck gewesen michels mere wirdestu			
gebet	ambiguous	4	lemma_1961|lemma_1965	nvr alleine gebet mir die			
Eines	ambiguous	4	lemma_1331|lemma_1336	wir in Eines ist das			
Stet	ambiguous	4	lemma_5710|lemma_5713|lemma_5732	ewer gewant Stet ouf vnd			
boze	ambiguous	4	lemma_71829|lemma_788	vmb eine boze svnde gegen			
alde	ambiguous	4	lemma_117|lemma_155|lemma_21980	in ein alde cistern vnd			
bant	ambiguous	4	lemma_375|lemma_376|lemma_709	an die bant im die			
wagen	ambiguous	4	lemma_7326|lemma_7334|lemma_7335|lemma_7358|lemma_7613|lemma_9621	ouf seinen wagen vnd noch			
Tut	ambiguous	4	lemma_6301|lemma_7770	vnd sprach Tut das ich			
Fure	ambiguous	4	lemma_6761|lemma_7108|lemma_7283|lemma_7292	houses sprechende Fure die man			
vile	ambiguous	4	lemma_15262|lemma_24033|lemma_7075	bruder vnd vile im vmb			
Dor	ambiguous	4	lemma_1055|lemma_8055	greber zu Dor EXO vmme			
schal	ambiguous	4	lemma_5158|lemma_5162|lemma_5608	vnd der schal der busovnen			
horn	ambiguous	4	lemma_23497|lemma_2885|lemma_2904	ein ochse horn tobig ist			
burden	ambiguous	4	lemma_7489|lemma_924	vnder der burden nicht furge			
nehen	ambiguous	4	lemma_4281|lemma_4290	dem hin nehen noch das			
a	ambiguous	4	lemma_1|lemma_2|lemma_37325	W e a thoho bzde			
leg	ambiguous	4	lemma_3674|lemma_3770	kalpes vnd leg das ouf			
mist	ambiguous	4	lemma_4110|lemma_4170	vnd den mist vorbru ousserhalb			
mute	ambiguous	4	lemma_11643|lemma_4264|lemma_4265	seines selbes mute opfer das			
bet	ambiguous	4	lemma_615|lemma_621|lemma_634|lemma_722	rigel ein bet tafel vnd			
roste	ambiguous	4	lemma_4953|lemma_4977	mit seinem roste Vnd mit			
Di	ambiguous	4	lemma_1119|lemma_1139	manch vingerlein Di DUS vingerlein			
legende	ambiguous	4	lemma_23191|lemma_3674	tage Und legende dor ouf			
Wider	ambiguous	4	lemma_12326|lemma_7557	vorigen czil Wider vorsliesse her			
Kein	ambiguous	4	lemma_2007|lemma_3271|lemma_3273	irr wonunge Kein mensch sol			
neiget	ambiguous	4	lemma_4326|lemma_4349	die sich neiget an die			
turen	ambiguous	4	lemma_1244|lemma_34239|lemma_6099|lemma_6272	vor den turen vnd windeln			
hirsen	ambiguous	4	lemma_15177|lemma_2854	czigen vnd hirsen is an			
mut	ambiguous	3	lemma_4238|lemma_4264|lemma_4265	sich mein mut Und rufet			
kern	ambiguous	3	lemma_3266|lemma_3288	rechter tugende kern Brinnet als			
galle	ambiguous	3	lemma_1878|lemma_28409	an alle galle Der kvnigin			
liebe	ambiguous	3	lemma_3738|lemma_3756|lemma_3765	werden in liebe truncken Als			
gerne	ambiguous	3	lemma_2174|lemma_2175	Das sie gerne hŏrent lesen			
all	ambiguous	3	lemma_106|lemma_79350	ich euch all hie nicht			
bozen	ambiguous	3	lemma_44271|lemma_783|lemma_788	vnd des bozen Und ein			
gewest	ambiguous	3	lemma_7505|lemma_7672	vndertenig bist gewest der stimme			
ture	ambiguous	3	lemma_6266|lemma_6272	an der ture ist dein			
hohe	ambiguous	3	lemma_2866|lemma_2882	elen ir hohe Ein venster			
vordern	ambiguous	3	lemma_17377|lemma_7197|lemma_7199	wil ich vordern vnd von			
gangen	ambiguous	3	lemma_1844|lemma_1908	die aus gangen waren von			
gehorte	ambiguous	3	lemma_2885|lemma_2903	speise GEN gehorte vnd czogen			
Wisse	ambiguous	3	lemma_7538|lemma_7549|lemma_7672	zu im Wisse vorwissende das			
brvn	ambiguous	3	lemma_29323|lemma_885	sie den brvn brvn des			
swer	ambiguous	3	lemma_5924|lemma_5946|lemma_5961|lemma_5963	ł alczu swer ich wil			
Si	ambiguous	3	lemma_48479|lemma_5366|lemma_5432|lemma_5445|lemma_5454|lemma_56116	konden vinden Si sprachen aber			
salcz	ambiguous	3	lemma_5081|lemma_5083	in ein salcz seule stund			
dO	ambiguous	3	lemma_1055|lemma_1180|lemma_1242|lemma_4445	I I dO CAPITULUM das			
ward	ambiguous	3	lemma_7489|lemma_7505	iare vnd ward kranc vnd			
wird	ambiguous	3	lemma_7489|lemma_7644	vnd ich wird mit dir			
niden	ambiguous	3	lemma_4348|lemma_4357	gesindes Dorvmbe niden in die			
ne	ambiguous	3	lemma_1404|lemma_4377	wen ESIS ne wir Und			
Sei	ambiguous	3	lemma_5432|lemma_56116	nv gesprochen Sei ein eit			
fluch	ambiguous	3	lemma_7129|lemma_7149	mich den fluch fur den			
Werlich	ambiguous	3	lemma_7356|lemma_7493	sprach er Werlich vnser herre			
site	ambiguous	3	lemma_5434|lemma_5435|lemma_5505	das ir site also wenne			
verrer	ambiguous	3	lemma_28842|lemma_6913	noch hoher verrer tack vnd			
gap	ambiguous	3	lemma_1839|lemma_1961	housvrowen der gap der vater			
gerten	ambiguous	3	lemma_2174|lemma_2179|lemma_64748	nam albereine gerten grune vnd			
sorge	ambiguous	3	lemma_5613|lemma_5615	betrogen die sorge meines suchens			
siht	ambiguous	3	lemma_5366|lemma_5431	gegenwurticheit an siht Und sprach			
geverte	ambiguous	3	lemma_2296|lemma_2304	sein ein geverte deines wegis			
wunden	ambiguous	3	lemma_7631|lemma_7720|lemma_7721|lemma_7729	so der wunden ł smerczen			
kante	ambiguous	3	lemma_3284|lemma_59250	er SIS kante die gabe			
schenken	ambiguous	3	lemma_5206|lemma_5208	vorweser der schenken Der ander			
huben	ambiguous	3	lemma_2688|lemma_2931	zu do huben sich an			
drucke	ambiguous	3	lemma_1236|lemma_1237	weislichen volle drucke wir sie			
recken	ambiguous	3	lemma_4824|lemma_4825|lemma_4896	ich ł recken mein hant			
hec	ambiguous	3	lemma_2690|lemma_29102	ir ჻ hec dicit Jeremia			
Bitet	ambiguous	3	lemma_687|lemma_722	zu in Bitet den herren			
Sende	ambiguous	3	lemma_18884|lemma_26093|lemma_5396|lemma_5401|lemma_69473|lemma_69474	gegewortige czeit Sende dorumme nv			
Opfer	ambiguous	3	lemma_4488|lemma_4489	der sprach Opfer tyr vnd			
schu	ambiguous	3	lemma_15212|lemma_5340	gurten vnd schu sult ir			
turn	ambiguous	3	lemma_6099|lemma_6308|lemma_6313	beiden hinder turn so wirt			
wete	ambiguous	3	lemma_7342|lemma_7353|lemma_7516	EXO wint wete die gancze			
sachen	ambiguous	3	lemma_5046|lemma_5047	meinen wider sachen Deinen czorne			
de	ambiguous	3	lemma_1098|lemma_1119|lemma_1139|lemma_3141|lemma_6065	machen DUS de wunder Ous			
erschellen	ambiguous	3	lemma_1635|lemma_1637	Wenne her erschellen wirt die			
brant	ambiguous	3	lemma_39531|lemma_840|lemma_853	vmbe fuz brant vmb brant			
ma	ambiguous	3	lemma_10456|lemma_3958	golde vnd ma DUS che			
weichen	ambiguous	3	lemma_7447|lemma_7448|lemma_7520	von sneweissem weichen leineinen czwir			
sey	ambiguous	3	lemma_5432|lemma_5454	das es sey EXO ein			
wende	ambiguous	3	lemma_17788|lemma_7397|lemma_7479	als die wende vmb vnd			
mal	ambiguous	3	lemma_3907|lemma_3908|lemma_3939|lemma_3955|lemma_48083|lemma_48084	zu einem mal wil ich			
val	ambiguous	3	lemma_6733|lemma_6734	sint ein val sunder ir			
gesicht	ambiguous	3	lemma_2224|lemma_5366	der an gesicht des almechtigen			
trank	ambiguous	3	lemma_6175|lemma_6207	noch wasser trank her nicht			
Gewant	ambiguous	3	lemma_2331|lemma_7479	iren seilen Gewant des man			
wenden	ambiguous	3	lemma_7397|lemma_7479	Vnd mit wenden vnd hŏrnern			
eres	ambiguous	3	lemma_14538|lemma_57649	werkis vnd eres waren In			
offenbare	ambiguous	3	lemma_4476|lemma_58731	her das offenbare so tregt			
want	ambiguous	3	lemma_7355|lemma_7387|lemma_7397|lemma_7479|lemma_7631	blute die want des alters			
rate	ambiguous	3	lemma_4786|lemma_4787	allem seinem rate U Und			
bruste	ambiguous	3	lemma_12133|lemma_909	ouf die bruste Und do			
totes	ambiguous	3	lemma_6118|lemma_6133	derlei ein totes trage der			
scheiden	ambiguous	3	lemma_5195|lemma_5196	in ab scheiden Ist aber			
gebrochen	ambiguous	3	lemma_69437|lemma_843	stein ous gebrochen hat vnd			
ser	ambiguous	3	lemma_5350|lemma_5351	was LEUITICUS ser wirt vnrein			
leiden	ambiguous	3	lemma_3684|lemma_3691|lemma_3730	betwungen zu leiden Wer ein			
mans	ambiguous	3	lemma_3957|lemma_8552|lemma_8554	so vorkoufe mans einem andern			
seil	ambiguous	3	lemma_5349|lemma_5376	gehŏret die seil des geczeldis			
purde	ambiguous	3	lemma_14411|lemma_924	gelegt die purde alles dises			
solde	ambiguous	3	lemma_5051|lemma_5608|lemma_5609	ir antlicze solde sie nicht			
veigen	ambiguous	3	lemma_6786|lemma_6787	vnd von veigen der selben			
helle	ambiguous	3	lemma_2734|lemma_2741	in die helle so wisset			
We	ambiguous	3	lemma_5961|lemma_7427|lemma_7608	woner der We dir Uorgangen			
enge	ambiguous	3	lemma_1409|lemma_8118	in einer enge czweier mowern			
erhaben	ambiguous	3	lemma_1571|lemma_68308	wasser Ouf erhaben wirt durch			
ienen	ambiguous	3	lemma_3039|lemma_3114	NUM ich ienen hatte gedacht			
wilde	ambiguous	3	lemma_11955|lemma_7615|lemma_7627	opfern sam wilde czigen vnd			
Slahe	ambiguous	3	lemma_5523|lemma_5525	vor vrlouge Slahe dich got			
hoe	ambiguous	3	lemma_2866|lemma_2881	ouf die hoe erde so			
sinnen	ambiguous	2	lemma_5484|lemma_5491	vnd von sinnen bit bit			
bit	ambiguous	2	lemma_10651|lemma_4172|lemma_687|lemma_722	von sinnen bit bit keiner			
sinne	ambiguous	2	lemma_5432|lemma_5484|lemma_5491	Das mein sinne durchfeuchte Und			
vromen	ambiguous	2	lemma_7274|lemma_7275|lemma_7276	abenttewer Dem vromen herren der			
muze	ambiguous	2	lemma_4226|lemma_4238	do mite muze beiagen Der			
selden	ambiguous	2	lemma_5051|lemma_5387	Der ewigen selden hort Vreude			
geleit	ambiguous	2	lemma_2057|lemma_3674|lemma_3692	selbir dein geleit Wenn wir			
minne	ambiguous	2	lemma_4130|lemma_4133	Uinden keiner minne funken Und			
namens	ambiguous	2	lemma_13117|lemma_4306	des heiligen namens volleist Uater			
Wil	ambiguous	2	lemma_7473|lemma_7529|lemma_7620	schrifte hort Wil lesen vnd			
IN	ambiguous	2	lemma_1331|lemma_1517|lemma_2975|lemma_3028|lemma_3038|lemma_5454|lemma_6467|lemma_8472	mit sulchen IN principio creauit			
est	ambiguous	2	lemma_9387|lemma_9472	Et facta est lux Et			
Is	ambiguous	2	lemma_1762|lemma_2979|lemma_5432	der sprach Is ist nicht			
erkanten	ambiguous	2	lemma_1585|lemma_70829	sie sich erkanten das si			
Meren	ambiguous	2	lemma_3922|lemma_4034|lemma_4035	sprach er Meren wil ich			
grossen	ambiguous	2	lemma_2534|lemma_2535|lemma_31392	brvnne der grossen abgrunde vnd			
ruen	ambiguous	2	lemma_5030|lemma_5035	nicht sullen ruen Und got			
velt	ambiguous	2	lemma_6741|lemma_6797	sie ein velt in der			
waz	ambiguous	2	lemma_5941|lemma_7343|lemma_7505	iar alt waz do er			
kunt	ambiguous	2	lemma_3400|lemma_3503|lemma_3538|lemma_3542	nicht GENE kunt getan das			
wiert	ambiguous	2	lemma_7489|lemma_7652	im Also wiert dein same			
pete	ambiguous	2	lemma_615|lemma_722	do irr pete gehengte do			
Tu	ambiguous	2	lemma_1242|lemma_6301	sie sprachen Tu als du			
gebiten	ambiguous	2	lemma_1969|lemma_1975	das er gebiten wirt seinen			
sune	ambiguous	2	lemma_5863|lemma_5883|lemma_5899	keinen oder sune oder tŏchter			
samt	ambiguous	2	lemma_5089|lemma_5090	icht mit samt in vorterbest			
gebete	ambiguous	2	lemma_1961|lemma_1965|lemma_1975	enpfangen dein gebete also das			
berge	ambiguous	2	lemma_521|lemma_522|lemma_528	ouf einem berge vnd sein			
walt	ambiguous	2	lemma_7376|lemma_7377	pflanczte einen walt zu vnd			
weg	ambiguous	2	lemma_7431|lemma_7439	richten deinen weg vnd wirst			
wille	ambiguous	2	lemma_10539|lemma_18852|lemma_7473|lemma_7620	sei ir wille Und do			
verren	ambiguous	2	lemma_6913|lemma_6916	er von verren komen die			
gesament	ambiguous	2	lemma_5089|lemma_5090	vnd wart gesament czu seinem			
Ob	ambiguous	2	lemma_4457|lemma_67820|lemma_9329	sie sprach Ob es also			
wor	ambiguous	2	lemma_7325|lemma_7338|lemma_7505	tig was wor czu ist			
versen	ambiguous	2	lemma_22004|lemma_9746	hatte die versen seines bruders			
VI	ambiguous	2	lemma_13826|lemma_15700	gepurt XX VI CAPITULUM nu			
kriegen	ambiguous	2	lemma_3462|lemma_3465	wurden sie kriegen vnd den			
wene	ambiguous	2	lemma_7355|lemma_7480	das er wene das ich			
heime	ambiguous	2	lemma_2712|lemma_9419	ir do heime hette das			
vollen	ambiguous	2	lemma_24577|lemma_7163	ruch eines vollen ackers Dem			
dy	ambiguous	2	lemma_1139|lemma_1242	dir Vnd dy leute dynen			
ey	ambiguous	2	lemma_104|lemma_1324	Und erschrack ey wie vorchtlich			
mugende	ambiguous	2	lemma_4240|lemma_71549	gegen ir mugende vnd nante			
wes	ambiguous	2	lemma_5941|lemma_5961	ł vnd wes ist das			
ader	ambiguous	2	lemma_4470|lemma_5	im die ader seiner hufe			
funde	ambiguous	2	lemma_1834|lemma_7081|lemma_7313	ich gnade funde vor meinem			
Meines	ambiguous	2	lemma_3001|lemma_4048|lemma_4051	zu in Meines ł GENE			
iN	ambiguous	2	lemma_1331|lemma_1517|lemma_2975|lemma_3028|lemma_3038|lemma_5454|lemma_6467|lemma_8472	vnser swester iN der weile			
seyne	ambiguous	2	lemma_1517|lemma_19022|lemma_5432	im vromen seyne ł trovme			
trost	ambiguous	2	lemma_6221|lemma_6223	wold nicht trost nemen sunder			
geselle	ambiguous	2	lemma_2213|lemma_2216	slafen vnd geselle dich ir			
span	ambiguous	2	lemma_5628|lemma_5678	das achsil span vnd der			
werte	ambiguous	2	lemma_2343|lemma_7496|lemma_7500	vnd diser werte sich des			
schicken	ambiguous	2	lemma_18448|lemma_5231	heimliches zu schicken vnd iene			
hilt	ambiguous	2	lemma_2629|lemma_2753|lemma_2826	die man hilt in der			
wisen	ambiguous	2	lemma_7537|lemma_7538|lemma_7540|lemma_7549|lemma_7659	zu den wisen vnd hies			
sande	ambiguous	2	lemma_18884|lemma_5107|lemma_5396	sie dem sande des meres			
vare	ambiguous	2	lemma_6726|lemma_6727|lemma_6761	vbils wider vare an dem			
sak	ambiguous	2	lemma_5045|lemma_5046	in den sak vnd geben			
Leget	ambiguous	2	lemma_3674|lemma_3770	vnd sprach Leget ouf brot			
luden	ambiguous	2	lemma_3573|lemma_3806|lemma_3807	gewant vnd luden di secke			
gemute	ambiguous	2	lemma_2107|lemma_2108	an des gemute Und sicht			
orden	ambiguous	2	lemma_4495|lemma_4496	aller sache orden Und do			
Man	ambiguous	2	lemma_3909|lemma_3957|lemma_3958|lemma_3966	antworte im Man hirten sei			
Fur	ambiguous	2	lemma_6761|lemma_7108|lemma_7194|lemma_7283|lemma_7292	disem lande Fur sie her			
valle	ambiguous	2	lemma_6733|lemma_6741	ouf steiger valle hinder sich			
Ey	ambiguous	2	lemma_104|lemma_1324	vnd sprach Ey wie ist			
maze	ambiguous	2	lemma_3913|lemma_3914	vnd die maze der czigel			
recke	ambiguous	2	lemma_4824|lemma_4825	rute vnd recke dein hant			
beche	ambiguous	2	lemma_345|lemma_428	vber ire beche vnd brvnne			
gebeten	ambiguous	2	lemma_1961|lemma_1965|lemma_722	ouch ir gebeten Und alczu			
halten	ambiguous	2	lemma_1570|lemma_2629	huten vnd halten sult ir			
swellen	ambiguous	2	lemma_5954|lemma_5955	ouf der swellen vnd sprenget			
sen	ambiguous	2	lemma_5366|lemma_5397|lemma_5401	wis DUS sen wenne ich			
sank	ambiguous	2	lemma_2192|lemma_5488	pouken den sank sie vor			
lag	ambiguous	2	lemma_3565|lemma_3770	des morgens lag der taw			
kochen	ambiguous	2	lemma_3390|lemma_3495	was zu kochen ist das			
geraten	ambiguous	2	lemma_2148|lemma_4787	im hete geraten Und erwelte			
Ere	ambiguous	2	lemma_1281|lemma_1282|lemma_25157|lemma_5454|lemma_57649	in geheiligt Ere vater vnd			
ho	ambiguous	2	lemma_22402|lemma_2866	sprach tho ho bzde thoho			
ei	ambiguous	2	lemma_11821|lemma_1324|lemma_24470	ŏre mit ei W EXO			
Alls	ambiguous	2	lemma_106|lemma_148	Die sprachen Alls das vnser			
cronen	ambiguous	2	lemma_3480|lemma_3483	Under der cronen werden die			
schafte	ambiguous	2	lemma_5153|lemma_5156	von dem schafte Aber an			
lucerne	ambiguous	2	lemma_11118|lemma_15569	ouch siben lucerne vnd secze			
Mach	ambiguous	2	lemma_3905|lemma_3917|lemma_4240	angehengen ł Mach ouch funfczig			
Niden	ambiguous	2	lemma_4348|lemma_4357	zu reisse Niden vorwar zu			
clank	ambiguous	2	lemma_3343|lemma_3359	hŏre seinen clank wenne her			
ru	ambiguous	2	lemma_16892|lemma_5034	veier heilige ru des herren			
op	ambiguous	2	lemma_6330|lemma_9329	vru vnd op DUS ferten			
perg	ambiguous	2	lemma_521|lemma_522	von dem perg steig do			
seilen	ambiguous	2	lemma_11941|lemma_5376	mit iren seilen Gewant des			
A	ambiguous	2	lemma_1|lemma_2|lemma_37325	gepoten hette A Auch machten			
seile	ambiguous	2	lemma_5349|lemma_5376	vnd seine seile mit den			
Weder	ambiguous	2	lemma_7434|lemma_7557	vnd wonungen Weder die veisticheit			
geloubet	ambiguous	2	lemma_2075|lemma_27750	trewen hat geloubet oder mit			
velle	ambiguous	2	lemma_6733|lemma_6790	mit dem velle vnd mit			
haut	ambiguous	2	lemma_2598|lemma_2923|lemma_2939	vnd die haut vorbrante her			
totte	ambiguous	2	lemma_16978|lemma_6133	Ouch so totte her den			
meiden	ambiguous	2	lemma_3926|lemma_4112	sult ir meiden Alles das			
kal	ambiguous	2	lemma_10954|lemma_4777	oder vallen kal vnd reine			
kale	ambiguous	2	lemma_10954|lemma_4771	der vorn kale oder in			
bart	ambiguous	2	lemma_395|lemma_396	vnd den bart vnd die			
mage	ambiguous	2	lemma_26595|lemma_3905|lemma_4240	nicht gehaben mage alles zu			
merke	ambiguous	2	lemma_18427|lemma_4091	tage Und merke das Ist			
vehet	ambiguous	2	lemma_6722|lemma_6777	mit stellen vehet ein wilt			
wirde	ambiguous	2	lemma_7489|lemma_7500|lemma_7644	nehsten Nicht wirde ein schender			
rinde	ambiguous	2	lemma_4924|lemma_9750	mit einem rinde oder mit			
schonen	ambiguous	2	lemma_5276|lemma_5280	frucht eines schonen povmes vnd			
tar	ambiguous	2	lemma_1055|lemma_28264|lemma_6313|lemma_9255	Ewer keiner tar den veinden			
scharn	ambiguous	2	lemma_5180|lemma_5184	durch ire scharn du vnd			
tritt	ambiguous	2	lemma_6188|lemma_6211	hin zu tritt der sol			
Geczalt	ambiguous	2	lemma_44911|lemma_7793	die hant Geczalt wurden ouch			
scheide	ambiguous	2	lemma_5195|lemma_5196	herren vnd scheide ous der			
keyn	ambiguous	2	lemma_2007|lemma_3271|lemma_3273	sie das keyn slak sei			
men	ambiguous	2	lemma_3921|lemma_3958|lemma_4078	qua ERI men zu vnd			
blicken	ambiguous	2	lemma_756|lemma_757	si an blicken Meinen diener			
hefte	ambiguous	2	lemma_2691|lemma_2694	blech vnd hefte sie an			
Haben	ambiguous	2	lemma_2593|lemma_2598|lemma_2688	zu abende Haben werden das			
fus	ambiguous	2	lemma_7310|lemma_7320	te den fus irs ouf			
Stifte	ambiguous	2	lemma_18458|lemma_5771	sprach zu Stifte mir siben			
weil	ambiguous	2	lemma_10539|lemma_51408|lemma_7473|lemma_7529	ein cleine weil bei deinem			
schiffen	ambiguous	2	lemma_5236|lemma_9335	drilch geruderten schiffen von dem			
Gebet	ambiguous	2	lemma_1961|lemma_1965	einen svn Gebet vns besiczunge			
eiden	ambiguous	2	lemma_1355|lemma_27484|lemma_50416	vorbindet mit eiden nicht sol			
pette	ambiguous	2	lemma_634|lemma_722	sein eiserens pette czeigt man			
manen	ambiguous	2	lemma_3909|lemma_3957|lemma_3966	vnd den manen vnd alle			
pinden	ambiguous	2	lemma_4665|lemma_709	solt die pinden alls ein			
Slach	ambiguous	2	lemma_5521|lemma_5525	sie antwortet Slach sie vncz			
Richter	ambiguous	2	lemma_26221|lemma_4911	hat gegeben Richter vnd meister			
gleiche	ambiguous	2	lemma_2065|lemma_2066	in drei gleiche teil aller			
breiten	ambiguous	2	lemma_846|lemma_847	tochter Vnd breiten ouf das			
lis	ambiguous	2	lemma_31283|lemma_3567|lemma_3720|lemma_3743	herre erwelt lis die wort			
Sterke	ambiguous	2	lemma_5729|lemma_5754|lemma_5755	vorlasen dich Sterke dich vnd			
schilt	ambiguous	2	lemma_5204|lemma_5246	ouff den schilt der in			
loste	ambiguous	2	lemma_3837|lemma_3853	hette vnd loste sie von			
kan	ambiguous	1	lemma_29233|lemma_3400|lemma_3538	wol geschaffen kan An dich			
Hast	ambiguous	1	lemma_2598|lemma_2681	du mir Hast vorlihen brenge			
getrewen	ambiguous	1	lemma_2278|lemma_2282	Dem werden getrewen diener dein			
Muze	ambiguous	1	lemma_4226|lemma_4238	werke gut Muze volfuren in			
rose	ambiguous	1	lemma_26308|lemma_4951	ein werde rose Sterck vnd			
gevalle	ambiguous	1	lemma_2292|lemma_6741	leben also gevalle den touben			
tor	ambiguous	1	lemma_6113|lemma_9255	deiner schrifte tor Die manchem			
lieb	ambiguous	1	lemma_3756|lemma_3765	stunt Ewer lieb mir slafen			
Han	ambiguous	1	lemma_2598|lemma_2634|lemma_50840	anegenge ich Han bereitet ewiclich			
minnen	ambiguous	1	lemma_4130|lemma_4133	heilige schrift minnen Vnd do			
buches	ambiguous	1	lemma_912|lemma_933|lemma_936	trencken DIses buches ausganck Ist			
hon	ambiguous	1	lemma_12662|lemma_2598|lemma_2866|lemma_2961	ł vnd hon Die erde			
sorgen	ambiguous	1	lemma_5613|lemma_5615	aus allen sorgen erlost Mit			
kunde	ambiguous	1	lemma_3501|lemma_3503|lemma_3535|lemma_3538|lemma_3542	hie nicht kunde Bis czu			
LIBER	ambiguous	1	lemma_18854|lemma_3765	= Primus LIBER I GENESIS			
Gebere	ambiguous	1	lemma_1953|lemma_1964	Und sprach Gebere die erde			
slingen	ambiguous	1	lemma_5545|lemma_5546	wirstu sl= slingen vnd wirdest			
geberen	ambiguous	1	lemma_1954|lemma_1964	GENESIS wirdestu geberen deine svne			
schriet	ambiguous	1	lemma_5310|lemma_5318	deines bruders schriet zu mir			
munt	ambiguous	1	lemma_4250|lemma_4252	hat iren munt Vnd hat			
herpfen	ambiguous	1	lemma_10196|lemma_2663	sungen vf herpfen vnd auf			
enos	ambiguous	1	lemma_23305|lemma_38173	vnd geperte enos Und lebte			
trosten	ambiguous	1	lemma_25896|lemma_6223	wirt vns trosten von den			
gelide	ambiguous	1	lemma_3730|lemma_3797	In dem gelide des selben			
arch	ambiguous	1	lemma_272|lemma_282	Und die arch bestund in			
roch	ambiguous	1	lemma_16892|lemma_31613|lemma_4901|lemma_4956|lemma_4957|lemma_63228	vnser herre roch den ruch			
sehens	ambiguous	1	lemma_10366|lemma_8679	der erden sehens vnd sneidens			
voRwar	ambiguous	1	lemma_7014|lemma_8989	vnd vnd voRwar ist ein			
Breite	ambiguous	1	lemma_846|lemma_847	sein knecht Breite got vnd			
habent	ambiguous	1	lemma_2598|lemma_2688	es vnd habent alle ein			
entran	ambiguous	1	lemma_1465|lemma_1470	einer der entran vnd kundigte			
meit	ambiguous	1	lemma_3926|lemma_4112	GENE egiptische meit die hiesse			
Richte	ambiguous	1	lemma_4875|lemma_4912|lemma_4913	in vorsmehnusse Richte got czwischen			
mische	ambiguous	1	lemma_19436|lemma_4138	Eile vnd mische drei maz			
maz	ambiguous	1	lemma_11184|lemma_3913|lemma_4031|lemma_4110	mische drei maz semel meles			
rauch	ambiguous	1	lemma_31613|lemma_4990	als einen rauch von einem			
Kume	ambiguous	1	lemma_3400|lemma_3494	aller werld Kume dan mache			
dez	ambiguous	1	lemma_1119|lemma_8030	stund Und dez andern tages			
werlich	ambiguous	1	lemma_7356|lemma_7493	housvrowe Und werlich aber sie			
lachen	ambiguous	1	lemma_17108|lemma_18926|lemma_18929|lemma_3571	der wirt lachen mit mir			
tan	ambiguous	1	lemma_6018|lemma_6301	hat ge tan sunder vnd			
schot	ambiguous	1	lemma_5291|lemma_5292	hundert silbereiner schot scot wert			
IV	ambiguous	1	lemma_13826|lemma_56117	aber XX IV CAPITULUM was			
getranck	ambiguous	1	lemma_6175|lemma_6207	do er getranck do sprach			
hof	ambiguous	1	lemma_13469|lemma_2688|lemma_2886|lemma_51143	ein weiter hof zu bleiben			
wier	ambiguous	1	lemma_25294|lemma_47631|lemma_7643|lemma_9079	dise rede wier mugen nicht			
mus	ambiguous	1	lemma_4222|lemma_4238|lemma_4261	das linsen mus vnd as			
peten	ambiguous	1	lemma_621|lemma_722	geslecht an peten dich vnd			
bistus	ambiguous	1	lemma_8005|lemma_8006	im Wer bistus ̃ Er			
gern	ambiguous	1	lemma_2174|lemma_2175|lemma_25749	vater nicht gern an sehe			
loben	ambiguous	1	lemma_3830|lemma_3849	bekennen vnd loben vnsern herren			
neit	ambiguous	1	lemma_4348|lemma_4350|lemma_4377	was vnd neit ir swester			
snite	ambiguous	1	lemma_5594|lemma_5595	in dem snite des weiczes			
Gnade	ambiguous	1	lemma_2110|lemma_2111	zu im Gnade muz ich			
muz	ambiguous	1	lemma_4222|lemma_4226|lemma_4238	im Gnade muz ich vinden			
schelte	ambiguous	1	lemma_5201|lemma_5203|lemma_5204	eines teiles schelte her sie			
mar	ambiguous	1	lemma_10906|lemma_4034	steigen die mar ouf dise			
stal	ambiguous	1	lemma_5717|lemma_5721|lemma_5749	vnd die stal ires vaters			
gevarn	ambiguous	1	lemma_2295|lemma_2296|lemma_6761	hastu also gevarn das du			
harpfen	ambiguous	1	lemma_10196|lemma_2663	vnd mit harpfen Du hast			
Suche	ambiguous	1	lemma_11369|lemma_5903	vnsern brudern Suche was du			
vorcht	ambiguous	1	lemma_7201|lemma_7298	vnd die vorcht mit mir			
Gabe	ambiguous	1	lemma_1839|lemma_1961	deines dieners Gabe hat er			
troste	ambiguous	1	lemma_6221|lemma_6223	suzer rede troste her sie			
sold	ambiguous	1	lemma_5608|lemma_5609	Nu wie sold her gebrouchen			
neide	ambiguous	1	lemma_4348|lemma_4350	vnd irem neide Einen andern			
senften	ambiguous	1	lemma_5404|lemma_5408	das sie senften des vaters			
pfande	ambiguous	1	lemma_4624|lemma_4632	gebe zu pfande ̃ Und			
Habe	ambiguous	1	lemma_2593|lemma_2598	gesessen sprach Habe sie irs			
pein	ambiguous	1	lemma_4664|lemma_471	zu der pein Do sante			
schenkin	ambiguous	1	lemma_5206|lemma_5208	an der schenkin meister vnd			
nOch	ambiguous	1	lemma_14402|lemma_4281|lemma_4415	ouslegers ICAPITULUM nOch czwein iaren			
laden	ambiguous	1	lemma_3572|lemma_3573	vnd hies laden die zu			
syn	ambiguous	1	lemma_1517|lemma_5432|lemma_5484	behalten einen syn Und siben			
winden	ambiguous	1	lemma_42396|lemma_7630|lemma_7631|lemma_7638	mit durren winden erslagen sint			
Wanne	ambiguous	1	lemma_5933|lemma_9209	SIS sie Wanne seit ir			
eins	ambiguous	1	lemma_1331|lemma_1336	sei wir eins mannes kinder			
schulden	ambiguous	1	lemma_5332|lemma_5336	Uon rechten schulden leide wir			
heimlichen	ambiguous	1	lemma_2714|lemma_58908	sein diener heimlichen das sie			
Waz	ambiguous	1	lemma_5941|lemma_7343|lemma_7505	sprachen wechsilnde Waz ist nv			
minnest	ambiguous	1	lemma_4133|lemma_4134	vns Der minnest ist bei			
Ane	ambiguous	1	lemma_13|lemma_199|lemma_210	alle sprach Ane kinder macht			
vert	ambiguous	1	lemma_15623|lemma_6761|lemma_6763|lemma_6913	icht wider vert in der			
vach	ambiguous	1	lemma_6722|lemma_6728	noch vnd vach sie vnd			
hofe	ambiguous	1	lemma_13469|lemma_2886	des kvniges hofe GENE Kumen			
marck	ambiguous	1	lemma_38867|lemma_3990|lemma_3991	esset das marck der erden			
ran	ambiguous	1	lemma_4864|lemma_4923	lones zu ran do quamen			
barn	ambiguous	1	lemma_393|lemma_542	offen SIS barn scheunen gab			
Teilen	ambiguous	1	lemma_6041|lemma_6042	ist herte Teilen wil ich			
Loben	ambiguous	1	lemma_3830|lemma_3849	dich werden Loben deine bruder			
garten	ambiguous	1	lemma_18941|lemma_1925|lemma_2179|lemma_2188	den wein garten sein keuchel			
Werde	ambiguous	1	lemma_7489|lemma_7500|lemma_7644	geslechte in Werde dan ein			
heiles	ambiguous	1	lemma_2706|lemma_2711	sich Deines heiles beite ich			
larte	ambiguous	1	lemma_3575|lemma_3656	den her larte seine kinder			
no	ambiguous	1	lemma_4415|lemma_4432	des kvniges no ʒbohem nv			
ter	ambiguous	1	lemma_1119|lemma_36907	tŏch EXO ter die quamen			
busch	ambiguous	1	lemma_916|lemma_957	das der busch brante vnd			
seym	ambiguous	1	lemma_1517|lemma_16515	mit honik seym zu den			
schoz	ambiguous	1	lemma_15061|lemma_5235|lemma_5277	in di schoz vnd her			
machst	ambiguous	1	lemma_3917|lemma_4240	deine hant machst vor herren			
gere	ambiguous	1	lemma_1948|lemma_1949|lemma_2174|lemma_2408	facit n gere qui nt			
gebite	ambiguous	1	lemma_1974|lemma_44092|lemma_687	ich dir gebite Und iener			
bachen	ambiguous	1	lemma_12136|lemma_345	von den bachen Und erfullet			
korn	ambiguous	1	lemma_3302|lemma_3385|lemma_3409	das DUS korn wurden nicht			
x	ambiguous	1	lemma_13826|lemma_2	wiltu mir x EXO nicht			
licht	ambiguous	1	lemma_3732|lemma_3759	do was licht Und rufte			
sit	ambiguous	1	lemma_5366|lemma_5432|lemma_5434|lemma_5435|lemma_5505	ous geczogen sit von vnd			
Oster	ambiguous	1	lemma_4450|lemma_4452	die hochczeit Oster brot sult			
gebrach	ambiguous	1	lemma_1979|lemma_843	Nimmer nicht gebrach der seule			
Michels	ambiguous	1	lemma_4117|lemma_4118	den M Michels bessir wer			
sweigen	ambiguous	1	lemma_5947|lemma_5974	ir werdet sweigen Und vnser			
wis	ambiguous	1	lemma_7505|lemma_7537|lemma_7538|lemma_7540|lemma_7549|lemma_7659	alle werden wis DUS sen			
sanck	ambiguous	1	lemma_2192|lemma_5488|lemma_5489	CAPITULUM XU sanck einen newen			
lob	ambiguous	1	lemma_3830|lemma_3849	vnd mein lob ist mein			
reicht	ambiguous	1	lemma_4842|lemma_4875	vnser herre reicht ewiclich vnd			
Rue	ambiguous	1	lemma_4937|lemma_5034	gesprochen hat Rue des heiligen			
manna	ambiguous	1	lemma_14606|lemma_33093	Aber as manna vierczig iar			
ringer	ambiguous	1	lemma_17124|lemma_40952|lemma_4918	mynneste vnd ringer wirt dir			
helt	ambiguous	1	lemma_2629|lemma_2755	vnser herre helt den nicht			
morde	ambiguous	1	lemma_10598|lemma_10599	geben Nicht morde ł DUS			
wund	ambiguous	1	lemma_7720|lemma_7729	vmb brant wund vmb wunde			
wunde	ambiguous	1	lemma_7720|lemma_7721|lemma_7729	wund vmb wunde blabslak vmb			
zein	ambiguous	1	lemma_7786|lemma_9131	ł habe zein hant zu			
gibe	ambiguous	1	lemma_1839|lemma_1961	vnder geet gibe im das			
valde	ambiguous	1	lemma_6747|lemma_6749|lemma_6792	noch EXO valde deine hende			
geenden	ambiguous	1	lemma_1402|lemma_1844	dem irre geenden ochsen oder			
bowe	ambiguous	1	lemma_910|lemma_917	gŏte noch bowe ir nicht			
ringen	ambiguous	1	lemma_17124|lemma_4917|lemma_4918|lemma_4920	den - ringen noch sullen			
Bereite	ambiguous	1	lemma_526|lemma_527	den tisch Bereite ouch geneme			
gespannen	ambiguous	1	lemma_2240|lemma_5647	samen muge gespannen Und funfczig			
senke	ambiguous	1	lemma_14614|lemma_5412	vorgulden vnd senke dor ein			
smide	ambiguous	1	lemma_46824|lemma_5576	Alle vas smide ous ere			
ellen	ambiguous	1	lemma_1372|lemma_1376	Hundert dovm ellen sol sein			
hut	ambiguous	1	lemma_2863|lemma_2939|lemma_2942|lemma_2962|lemma_2963	vnderhemde einen hut vnd ein			
Grabe	ambiguous	1	lemma_2479|lemma_2483|lemma_2486|lemma_2500	edler steine Grabe sie mit			
fugen	ambiguous	1	lemma_7282|lemma_7314	der nidristen fugen das man			
wate	ambiguous	1	lemma_7342|lemma_7353|lemma_7417	leineine nider wate das sie			
dinen	ambiguous	1	lemma_1145|lemma_1242	sie mir dinen in der			
mele	ambiguous	1	lemma_29098|lemma_4067	von weiczeim mele vnd lege			
Menschen	ambiguous	1	lemma_4082|lemma_44421	ewer geperunge Menschen vleisch sol			
sun	ambiguous	1	lemma_22456|lemma_5608|lemma_5863|lemma_5883|lemma_5899	namen den sun des svnes			
Herscher	ambiguous	1	lemma_21574|lemma_2683	sprach her Herscher herregot barmhercziger			
williger	ambiguous	1	lemma_32749|lemma_7621	Ein yclicher williger von seines			
salb	ambiguous	1	lemma_5069|lemma_5385|lemma_67911	enczunden vnd salb zu bereiten			
Eine	ambiguous	1	lemma_119|lemma_1331|lemma_1337	breite vire Eine mas hatten			
ger	ambiguous	1	lemma_1948|lemma_1949|lemma_2174|lemma_2408	graben vir ger hoch vnd			
Geneme	ambiguous	1	lemma_2115|lemma_4330	des tisches Geneme vas trinkvas			
seyten	ambiguous	1	lemma_5378|lemma_5435	zu yclicher seyten hette ein			
wise	ambiguous	1	lemma_7537|lemma_7538|lemma_7540|lemma_7659	opfertir gleicher wise sol man			
Halden	ambiguous	1	lemma_2620|lemma_2629	opfer speise Halden sol her			
schit	ambiguous	1	lemma_14997|lemma_5196|lemma_5328	rechte schulder schit her do			
hers	ambiguous	1	lemma_14004|lemma_14005|lemma_2761	do nam hers wider ous			
Tag	ambiguous	1	lemma_1061|lemma_5994	wurde volbracht Tag vnd nacht			
hel	ambiguous	1	lemma_2734|lemma_2741	isra LEUITICUS hel Und sprach			
Trit	ambiguous	1	lemma_6188|lemma_6211	sprach her Trit zu zu			
clagen	ambiguous	1	lemma_3337|lemma_3341	hous sullen clagen das anczvnden			
buze	ambiguous	1	lemma_18306|lemma_920|lemma_943	her seine buze XI Und			
hase	ambiguous	1	lemma_2670|lemma_78908	Und der hase wenne her			
bluet	ambiguous	1	lemma_770|lemma_775	im ous bluet ein loufende			
bare	ambiguous	1	lemma_30352|lemma_339|lemma_377|lemma_542	ist offen bare vnrein Ist			
reisen	ambiguous	1	lemma_10470|lemma_4883|lemma_4893	die har reisen oder vallen			
scher	ambiguous	1	lemma_21408|lemma_50523|lemma_989	tage so scher her ab			
gestifte	ambiguous	1	lemma_2256|lemma_5771	dem andern gestifte so gee			
nomen	ambiguous	1	lemma_13988|lemma_4306|lemma_4330	sint ge nomen vnd mit			
le	ambiguous	1	lemma_3648|lemma_3649	so cze le her siben			
cleiden	ambiguous	1	lemma_3341|lemma_3348|lemma_3352	her sich cleiden vnd mit			
Herten	ambiguous	1	lemma_13697|lemma_2787|lemma_2789|lemma_2795	isset blut Herten wil ich			
Ires	ambiguous	1	lemma_5454|lemma_56116	nicht enplecken Ires svnes tochter			
schopf	ambiguous	1	lemma_12070|lemma_12603	scheiblecht ewern schopf besneiden noch			
ore	ambiguous	1	lemma_4447|lemma_48398	dem das ore oder der			
ald	ambiguous	1	lemma_117|lemma_155	esset die ald frucht bis			
loube	ambiguous	1	lemma_3856|lemma_3863	sol haben loube das zu			
louf	ambiguous	1	lemma_3858|lemma_3860	getreides vber louf soltu nicht			
snit	ambiguous	1	lemma_26723|lemma_5594	der sneidunge snit das weinlesen			
Essen	ambiguous	1	lemma_1726|lemma_1764	mit euch Essen werdet ir			
strafen	ambiguous	1	lemma_5795|lemma_9414	wil euch strafen mit siben			
gehabet	ambiguous	1	lemma_2020|lemma_2598	in hat gehabet in seines			
Buch	ambiguous	1	lemma_14784|lemma_21151|lemma_912|lemma_936	czungen ein Buch der priesterschaft			
hutten	ambiguous	1	lemma_2942|lemma_2947	in iren hutten des geczeldis			
Halt	ambiguous	1	lemma_2628|lemma_2629|lemma_2743	zu sprechende Halt zu dir			
sinde	ambiguous	1	lemma_5432|lemma_5867	ge NUM sinde Die vnd			
mande	ambiguous	1	lemma_3910|lemma_3966	von eynem mande vnd hin			
sul	ambiguous	1	lemma_5608|lemma_5855	mit dem sul len sie			
vi	ambiguous	1	lemma_13826|lemma_15700	des hasses vi Numeri NUM			
sunen	ambiguous	1	lemma_5863|lemma_5883|lemma_5899	vnd seinen sunen Also sult			
Wende	ambiguous	1	lemma_17788|lemma_7397|lemma_7479	dein W Wende vnser herre			
winde	ambiguous	1	lemma_7630|lemma_7631|lemma_7638	gegen dem winde borea vber			
rein	ambiguous	1	lemma_13912|lemma_21088|lemma_4835|lemma_4843|lemma_4848|lemma_4881	welcher aber rein ist vnd			
lout	ambiguous	1	lemma_3864|lemma_3867	dem andern lout vnd semelichem			
mane	ambiguous	1	lemma_3909|lemma_3957|lemma_3958|lemma_3961|lemma_3966|lemma_47314	einen newen mane habet busovnen			
lauch	ambiguous	1	lemma_21803|lemma_3770	vnd pfeben lauch vnd czwiual			
dur	ambiguous	1	lemma_1258|lemma_8055	die ist dur ERI re			
trag	ambiguous	1	lemma_6169|lemma_6171	zu mir trag sie in			
Gibe	ambiguous	1	lemma_1839|lemma_1961	sie sprechende Gibe vns vleisch			
langes	ambiguous	1	lemma_32849|lemma_3595	purge also langes weges als			
sniten	ambiguous	1	lemma_5593|lemma_5594	trouben Abe sniten si ein			
werlicher	ambiguous	1	lemma_7356|lemma_7493	gesant die werlicher dinge vleusset			
Bereit	ambiguous	1	lemma_526|lemma_527	vnd sprachen Bereit sei wir			
Wen	ambiguous	1	lemma_5933|lemma_5961|lemma_7355|lemma_7385|lemma_7427	iacincteine pendil Wen ERI ne			
Lat	ambiguous	1	lemma_3567|lemma_3573	sprachen sie Lat euch genvgen			
Werlicher	ambiguous	1	lemma_7356|lemma_7493	herschen NUM Werlicher dinge ein			
gehonet	ambiguous	1	lemma_2877|lemma_2884	das sie gehonet haben vnsern			
Trag	ambiguous	1	lemma_6169|lemma_6171	sprach zu Trag wider die			
sampt	ambiguous	1	lemma_5089|lemma_5090	yr mit sampt in vorterbet			
mark	ambiguous	1	lemma_38867|lemma_3990	Alles das mark des oles			
Eyn	ambiguous	1	lemma_1331|lemma_2975|lemma_3028	des heiligtumes Eyn scot hat			
peste	ambiguous	1	lemma_594|lemma_597	vnd das peste opfert ous			
wedir	ambiguous	1	lemma_7434|lemma_7557	mag; die wedir veigen gepirt			
Bite	ambiguous	1	lemma_687|lemma_722	wider dich Bite das her			
Sammen	ambiguous	1	lemma_5089|lemma_5090	herre zu Sammen das volk			
sturm	ambiguous	1	lemma_48340|lemma_5847	vnd seinen sturm nicht gehalten			
Mag	ambiguous	1	lemma_3905|lemma_4240	bin gegenwortig Mag ich nv			
leiten	ambiguous	1	lemma_19575|lemma_3674|lemma_3692	rede do leiten sie mit			
geschossen	ambiguous	1	lemma_2205|lemma_5235	stechen mit geschossen Leinende hat			
nest	ambiguous	1	lemma_4281|lemma_4337	seczest dein nest vnd wirst			
Vorwar	ambiguous	1	lemma_7014|lemma_8989	dem geslechte Vorwar das madianitische			
vasten	ambiguous	1	lemma_6768|lemma_6769	sie mit vasten oder mit			
Rich	ambiguous	1	lemma_4823|lemma_4872|lemma_4913	zu sprechende Rich zu dem			
Bein	ambiguous	1	lemma_4664|lemma_471	mochten vinden Bein gespan achsil			
Schaf	ambiguous	1	lemma_5143|lemma_5153	sprachen S Schaf stelle wolle			
schrite	ambiguous	1	lemma_5310|lemma_5313|lemma_5316	verre tousent schrite reichen Gegen			
wurf	ambiguous	1	lemma_7490|lemma_7734	vnd der wurf totet gleicher			
gerochen	ambiguous	1	lemma_4823|lemma_4901	wirt her gerochen Der nehste			
Dir	ambiguous	1	lemma_1169|lemma_1242	NUM sprachen Dir vnserm herren			
Gut	ambiguous	1	lemma_2551|lemma_2573	vnd sprachen Gut ist die			
risen	ambiguous	1	lemma_4882|lemma_4883|lemma_4884|lemma_4928	kinder die risen hab wir			
pinen	ambiguous	1	lemma_4664|lemma_4665	iagen die pinen vnd slug			
vicht	ambiguous	1	lemma_6784|lemma_7614	mir Nicht vicht wider die			
Gewapent	ambiguous	1	lemma_7328|lemma_9689	czu erbe Gewapent vorczihet ewern			
ofen	ambiguous	1	lemma_27916|lemma_4536	dem eisereinen ofen DEUTRO der			
richen	ambiguous	1	lemma_4823|lemma_4872|lemma_4875|lemma_51788	essen noch richen Und aldo			
u	ambiguous	1	lemma_2|lemma_56117	honikseim Hŏre u Unser herre			
wast	ambiguous	1	lemma_11843|lemma_7704	du behullet wast mit nichte			
Ore	ambiguous	1	lemma_4447|lemma_48398	gotes etcetera Ore CAPITULUM Du			
Gerichte	ambiguous	1	lemma_2164|lemma_4913	noch gabe Gerichte tut her			
met	ambiguous	1	lemma_4103|lemma_4172	ku NOMIUS met das her			
wisent	ambiguous	1	lemma_7540|lemma_7660	steinbock den wisent den pigar			
lar	ambiguous	1	lemma_11761|lemma_3575	vnd den lar vnd den			
ale	ambiguous	1	lemma_22020|lemma_22573	nym ein ale vnd durch			
last	ambiguous	1	lemma_3567|lemma_3629	goldes vnmeclichen last Dor nach			
laget	ambiguous	1	lemma_15339|lemma_3770	nehsten vnd laget seinem leben			
naturen	ambiguous	1	lemma_14755|lemma_4318	voderunge der naturen tragende einen			
ken	ambiguous	1	lemma_2007|lemma_3538	wer DEUTRO ken in der			
echte	ambiguous	1	lemma_1323|lemma_95	gotis Der echte meinen vater			
Blicke	ambiguous	1	lemma_756|lemma_757	hast gepoten Blicke herre von			
lauter	ambiguous	1	lemma_3867|lemma_3870	mannen mit lauter stimme Vorvluchet			
Senden	ambiguous	1	lemma_5396|lemma_69474	ein geende Senden wirt v			
Sla	ambiguous	1	lemma_5523|lemma_5525	zu besiczen Sla DEUTRO hen			
waden	ambiguous	1	lemma_32942|lemma_7418	in den waden Vnd heil			
Vorchten	ambiguous	1	lemma_7201|lemma_7298	vor dir Vorchten wirstu dich			
riben	ambiguous	1	lemma_4925|lemma_9507	wirst czu riben vnd das			
Gefurt	ambiguous	1	lemma_2316|lemma_7283	heutigen tak Gefurt hab ich			
helen	ambiguous	1	lemma_2736|lemma_2753	vnd vor helen meyn antlicz			
gekose	ambiguous	1	lemma_18760|lemma_3386	taw mein gekose als ein			
Funden	ambiguous	1	lemma_7081|lemma_76280	seines erbis Funden hat her			
wusten	ambiguous	1	lemma_7672|lemma_7705	in der wusten erden an			
marcke	ambiguous	1	lemma_10010|lemma_38867|lemma_3990	mit dem marcke des weiczes			
pruen	ambiguous	1	lemma_26715|lemma_900	das wirt pruen vncz bis			
gallen	ambiguous	1	lemma_15516|lemma_15517|lemma_1878|lemma_1879|lemma_28409	weinper der gallen vnd allirherbiste			
gift	ambiguous	1	lemma_1961|lemma_2394	vnheiliche natern gift Sint die			
horden	ambiguous	1	lemma_2903|lemma_2908	in meinen horden Mein ist			
Trunken	ambiguous	1	lemma_21607|lemma_6207	wider gelden Trunken wil ich			
richet	ambiguous	1	lemma_4823|lemma_4875	seiner diener richet her vnd			
Legen	ambiguous	1	lemma_16149|lemma_3674|lemma_3770	e o Legen werden sie			
vorte	ambiguous	1	lemma_7201|lemma_7208	zu dem vorte des Und			
Lagen	ambiguous	1	lemma_15339|lemma_3770	die do Lagen vorholn Und			
melden	ambiguous	1	lemma_18428|lemma_4070	du vns melden wollest vnd			
red	ambiguous	1	lemma_4826|lemma_4830	vnd dise red brengen vnder			
reyne	ambiguous	1	lemma_4848|lemma_4881	die mitte reyne werde wir			
Vorgangen	ambiguous	1	lemma_67213|lemma_6851	in antworten Vorgangen waren die			
geporen	ambiguous	1	lemma_1953|lemma_1964	als sie geporen waren in			
geschicket	ambiguous	1	lemma_2203|lemma_5231	es was geschicket sibenstvnt Und			
welte	ambiguous	1	lemma_7474|lemma_7494	gegen Und welte ous dreissik			
wenen	ambiguous	1	lemma_7355|lemma_7480	sie vns wenen als vor			
scheine	ambiguous	1	lemma_5226|lemma_5229	zu einem scheine der voraldunge			
entrennet	ambiguous	1	lemma_13604|lemma_1465	czubrochen vnd entrennet Das gewant			
langen	ambiguous	1	lemma_3595|lemma_3602	lenge des langen wegis sint			
holden	ambiguous	1	lemma_2620|lemma_2629|lemma_2893	weren ire holden do vorchte			
lat	ambiguous	1	lemma_3567|lemma_3573	slahet Nicht lat sie ein			
gevellen	ambiguous	1	lemma_6741|lemma_6792	an den gevellen des pergis			
Iren	ambiguous	1	lemma_3066|lemma_3067|lemma_5454|lemma_56116	der angesichte Iren rossen wirstu			
truben	ambiguous	1	lemma_15282|lemma_6251|lemma_6252	Uon dem truben wasser das			
reichet	ambiguous	1	lemma_4842|lemma_4875	kinder vnd reichet bis zu			
beweren	ambiguous	1	lemma_653|lemma_661	die yn beweren vnschuldig Und			
rechen	ambiguous	1	lemma_21266|lemma_4822|lemma_4823|lemma_4824|lemma_4825|lemma_4872	blut zu rechen vncz bis			
wirs	ambiguous	1	lemma_7650|lemma_9087|lemma_9089	Und das wirs in der			
Bowe	ambiguous	1	lemma_910|lemma_917	vnd sprachen Bowe wir vns			
pogen	ambiguous	1	lemma_50841|lemma_790	in deinem pogen Und gegeben			
Erwelet	ambiguous	1	lemma_1699|lemma_57797	man euch Erwelet euch heute			
