buch;beginn_stelle;erste_wort_id;quelle
Buch I;1,1;PZ_101_0;"Bartsch (Hrsg.), Wolfram's von Eschenbach Parzival und Titurel, Deutsche Classiker des Mittelalters 9-11, Leipzig: Brockhaus 1875-77, Bd. 9 (2. Aufl. 1875), https://archive.org/details/wolframsvonesch01bartgoog, Buchueberschrift mit erstem Vers: Buch I beginnt bei 1,1; Martin (Hrsg.), Wolframs von Eschenbach Parzival und Titurel, Zweiter Teil: Kommentar, Halle: Waisenhaus 1903, https://archive.org/details/parzival00wolfuoft, Kommentar zu Buch I setzt bei 1,1 ein; die TEI-Zeile an dieser Stelle beginnt mit ""ist zwîvel herzen"""
Buch II;58,27;PZ_5827_0;"Bartsch (Hrsg.), Wolfram's von Eschenbach Parzival und Titurel, Deutsche Classiker des Mittelalters 9-11, Leipzig: Brockhaus 1875-77, Bd. 9 (2. Aufl. 1875), https://archive.org/details/wolframsvonesch01bartgoog, Buchueberschrift mit erstem Vers: Buch II beginnt bei 58,27; Martin (Hrsg.), Wolframs von Eschenbach Parzival und Titurel, Zweiter Teil: Kommentar, Halle: Waisenhaus 1903, https://archive.org/details/parzival00wolfuoft, Kommentar zu Buch II setzt bei 58,27 ein; die TEI-Zeile an dieser Stelle beginnt mit ""dâ ze spâne"""
Buch III;116,5;PZ_11605_0;"Bartsch (Hrsg.), Wolfram's von Eschenbach Parzival und Titurel, Deutsche Classiker des Mittelalters 9-11, Leipzig: Brockhaus 1875-77, Bd. 9 (2. Aufl. 1875), https://archive.org/details/wolframsvonesch01bartgoog, Buchueberschrift mit erstem Vers: Buch III beginnt bei 116,5; Martin (Hrsg.), Wolframs von Eschenbach Parzival und Titurel, Zweiter Teil: Kommentar, Halle: Waisenhaus 1903, https://archive.org/details/parzival00wolfuoft, Kommentar zu Buch III setzt bei 116,5 ein; die TEI-Zeile an dieser Stelle beginnt mit ""ez machet trûrec"""
Buch IV;179,13;PZ_17913_0;"Bartsch (Hrsg.), Wolfram's von Eschenbach Parzival und Titurel, Deutsche Classiker des Mittelalters 9-11, Leipzig: Brockhaus 1875-77, Bd. 9 (2. Aufl. 1875), https://archive.org/details/wolframsvonesch01bartgoog, Buchueberschrift mit erstem Vers: Buch IV beginnt bei 179,13; Martin (Hrsg.), Wolframs von Eschenbach Parzival und Titurel, Zweiter Teil: Kommentar, Halle: Waisenhaus 1903, https://archive.org/details/parzival00wolfuoft, Kommentar zu Buch IV setzt bei 179,14 ein; die TEI-Zeile an dieser Stelle beginnt mit ""dannen schiet sus"""
Buch V;224,1;PZ_22401_0;"Bartsch (Hrsg.), Wolfram's von Eschenbach Parzival und Titurel, Deutsche Classiker des Mittelalters 9-11, Leipzig: Brockhaus 1875-77, Bd. 9 (2. Aufl. 1875), https://archive.org/details/wolframsvonesch01bartgoog, Buchueberschrift mit erstem Vers: Buch V beginnt bei 224,1; Martin (Hrsg.), Wolframs von Eschenbach Parzival und Titurel, Zweiter Teil: Kommentar, Halle: Waisenhaus 1903, https://archive.org/details/parzival00wolfuoft, Kommentar zu Buch V setzt bei 224,2 ein; die TEI-Zeile an dieser Stelle beginnt mit ""swer ruochet hoeren"""
Buch VI;280,1;PZ_28001_0;"Bartsch (Hrsg.), Wolfram's von Eschenbach Parzival und Titurel, Deutsche Classiker des Mittelalters 9-11, Leipzig: Brockhaus 1875-77, Bd. 9 (2. Aufl. 1875), https://archive.org/details/wolframsvonesch01bartgoog, Buchueberschrift mit erstem Vers: Buch VI beginnt bei 280,1; Martin (Hrsg.), Wolframs von Eschenbach Parzival und Titurel, Zweiter Teil: Kommentar, Halle: Waisenhaus 1903, https://archive.org/details/parzival00wolfuoft, Kommentar zu Buch VI setzt bei 280,1 ein; die TEI-Zeile an dieser Stelle beginnt mit ""welt ir nû hoeren"""
Buch VII;338,1;PZ_33801_0;"Bartsch (Hrsg.), Wolfram's von Eschenbach Parzival und Titurel, Deutsche Classiker des Mittelalters 9-11, Leipzig: Brockhaus 1875-77, Bd. 10 (1876), https://archive.org/details/wolframsvonesch03bartgoog, Buchueberschrift mit erstem Vers: Buch VII beginnt bei 338,1; Martin (Hrsg.), Wolframs von Eschenbach Parzival und Titurel, Zweiter Teil: Kommentar, Halle: Waisenhaus 1903, https://archive.org/details/parzival00wolfuoft, Kommentar zu Buch VII setzt bei 338,1 ein; die TEI-Zeile an dieser Stelle beginnt mit ""der nie gewarp"""
Buch VIII;398,1;PZ_39801_0;"Bartsch (Hrsg.), Wolfram's von Eschenbach Parzival und Titurel, Deutsche Classiker des Mittelalters 9-11, Leipzig: Brockhaus 1875-77, Bd. 10 (1876), https://archive.org/details/wolframsvonesch03bartgoog, Buchueberschrift mit erstem Vers: Buch VIII beginnt bei 398,1; Martin (Hrsg.), Wolframs von Eschenbach Parzival und Titurel, Zweiter Teil: Kommentar, Halle: Waisenhaus 1903, https://archive.org/details/parzival00wolfuoft, Kommentar zu Buch VIII setzt bei 398,4 ein; die TEI-Zeile an dieser Stelle beginnt mit ""swer was ze bêârosche"""
Buch IX;433,1;PZ_43301_1;"Bartsch (Hrsg.), Wolfram's von Eschenbach Parzival und Titurel, Deutsche Classiker des Mittelalters 9-11, Leipzig: Brockhaus 1875-77, Bd. 10 (1876), https://archive.org/details/wolframsvonesch03bartgoog, Buchueberschrift mit erstem Vers: Buch IX beginnt bei 433,1; Martin (Hrsg.), Wolframs von Eschenbach Parzival und Titurel, Zweiter Teil: Kommentar, Halle: Waisenhaus 1903, https://archive.org/details/parzival00wolfuoft, Kommentar zu Buch IX setzt bei 433,1 ein; die TEI-Zeile an dieser Stelle beginnt mit ""tuot ûf wem"""
Buch X;503,1;PZ_50301_0;"Bartsch (Hrsg.), Wolfram's von Eschenbach Parzival und Titurel, Deutsche Classiker des Mittelalters 9-11, Leipzig: Brockhaus 1875-77, Bd. 10 (1876), https://archive.org/details/wolframsvonesch03bartgoog, Buchueberschrift mit erstem Vers: Buch X beginnt bei 503,1; Martin (Hrsg.), Wolframs von Eschenbach Parzival und Titurel, Zweiter Teil: Kommentar, Halle: Waisenhaus 1903, https://archive.org/details/parzival00wolfuoft, Kommentar zu Buch X setzt bei 503,1 ein; die TEI-Zeile an dieser Stelle beginnt mit ""ez naehet nû"""
Buch XI;553,1;PZ_55301_0;"Bartsch (Hrsg.), Wolfram's von Eschenbach Parzival und Titurel, Deutsche Classiker des Mittelalters 9-11, Leipzig: Brockhaus 1875-77, Bd. 10 (1876), https://archive.org/details/wolframsvonesch03bartgoog, Buchueberschrift mit erstem Vers: Buch XI beginnt bei 553,1; Martin (Hrsg.), Wolframs von Eschenbach Parzival und Titurel, Zweiter Teil: Kommentar, Halle: Waisenhaus 1903, https://archive.org/details/parzival00wolfuoft, Kommentar zu Buch XI setzt bei 553,5 ein; die TEI-Zeile an dieser Stelle beginnt mit ""grôz müede im"""
Buch XII;583,1;PZ_58301_0;"Bartsch (Hrsg.), Wolfram's von Eschenbach Parzival und Titurel, Deutsche Classiker des Mittelalters 9-11, Leipzig: Brockhaus 1875-77, Bd. 10 (1876), https://archive.org/details/wolframsvonesch03bartgoog, Buchueberschrift mit erstem Vers: Buch XII beginnt bei 583,1; Martin (Hrsg.), Wolframs von Eschenbach Parzival und Titurel, Zweiter Teil: Kommentar, Halle: Waisenhaus 1903, https://archive.org/details/parzival00wolfuoft, Kommentar zu Buch XII setzt bei 583,4 ein; die TEI-Zeile an dieser Stelle beginnt mit ""swer im nû ruowe"""
Buch XIII;627,1;PZ_62701_0;"Bartsch (Hrsg.), Wolfram's von Eschenbach Parzival und Titurel, Deutsche Classiker des Mittelalters 9-11, Leipzig: Brockhaus 1875-77, Bd. 11 (2. Aufl. 1877), https://archive.org/details/wolframsvonesch00bartgoog, Buchueberschrift mit erstem Vers: Buch XIII beginnt bei 627,1; Martin (Hrsg.), Wolframs von Eschenbach Parzival und Titurel, Zweiter Teil: Kommentar, Halle: Waisenhaus 1903, https://archive.org/details/parzival00wolfuoft, Kommentar zu Buch XIII setzt bei 627,1 ein; die TEI-Zeile an dieser Stelle beginnt mit ""arnîve zorn bejagete"""
Buch XIV;679,1;PZ_67901_0;"Bartsch (Hrsg.), Wolfram's von Eschenbach Parzival und Titurel, Deutsche Classiker des Mittelalters 9-11, Leipzig: Brockhaus 1875-77, Bd. 11 (2. Aufl. 1877), https://archive.org/details/wolframsvonesch00bartgoog, Buchueberschrift mit erstem Vers: Buch XIV beginnt bei 679,1; Martin (Hrsg.), Wolframs von Eschenbach Parzival und Titurel, Zweiter Teil: Kommentar, Halle: Waisenhaus 1903, https://archive.org/details/parzival00wolfuoft, Kommentar zu Buch XIV setzt bei 679,6 ein; die TEI-Zeile an dieser Stelle beginnt mit ""ob von dem werden"""
Buch XV;734,1;PZ_73401_0;"Bartsch (Hrsg.), Wolfram's von Eschenbach Parzival und Titurel, Deutsche Classiker des Mittelalters 9-11, Leipzig: Brockhaus 1875-77, Bd. 11 (2. Aufl. 1877), https://archive.org/details/wolframsvonesch00bartgoog, Buchueberschrift mit erstem Vers: Buch XV beginnt bei 734,1; Martin (Hrsg.), Wolframs von Eschenbach Parzival und Titurel, Zweiter Teil: Kommentar, Halle: Waisenhaus 1903, https://archive.org/details/parzival00wolfuoft, Kommentar zu Buch XV setzt bei 734,2 ein; die TEI-Zeile an dieser Stelle beginnt mit ""vil liute des hât"""
Buch XVI;787,1;PZ_78701_0;"Bartsch (Hrsg.), Wolfram's von Eschenbach Parzival und Titurel, Deutsche Classiker des Mittelalters 9-11, Leipzig: Brockhaus 1875-77, Bd. 11 (2. Aufl. 1877), https://archive.org/details/wolframsvonesch00bartgoog, Buchueberschrift mit erstem Vers: Buch XVI beginnt bei 787,1; Martin (Hrsg.), Wolframs von Eschenbach Parzival und Titurel, Zweiter Teil: Kommentar, Halle: Waisenhaus 1903, https://archive.org/details/parzival00wolfuoft, Kommentar zu Buch XVI setzt bei 787,3 ein; die TEI-Zeile an dieser Stelle beginnt mit ""amfortas und die"""
