file;xml_id;form;normalisiert;action;review_grund;neu_lemmaRef;neu_pos;ziel_lemma_form;lemma_kandidaten;lemma_pos_alle;vers_n;vorvers;vers;folgevers;umfeld
WZB.tei.xml;WZB_2vb_37_1;ŏpfeltragendes;oepfeltragendes;REVIEW;lemma-kein-treffer;;;;;;;Und got nante die trucken erde vnd die sammenunge der wasser nante her die mer Vnd got sach das es gut was;Und sprach Gebere die erde grunende wurcze vnd machende samen Und ein **ŏpfeltragendes** holcz vnd GENESIS mache frucht noch seinen geslechte des same in im selbir sei auf der erden Und es geschach allso;Und furbrachte die erde grunende wurcze die samen trug noch irem geslechte vnd holcz das do machte frucht vnd hette samen ein yecliches noch seinem geslechte Und got sach das es gut was;machende samen Und ein **ŏpfeltragendes** holcz vnd GENESIS mache
WZB.tei.xml;WZB_5ra_27_3;rŏkke;roekke;REVIEW;lemma-kein-treffer;;;;;;;Und nante sein hausvrowe do von das sie ein muter was aller lebendingen;Und got herre machte vnd seiner hausvrowen aus heuten **rŏkke** vnd tat in die an;vnd sprach Secht wie worden yst recht sam einer aus vns kunnende gutes vnd bŏses Dorvmbe nv das er icht lase sein hant vnd neme ouch von dem holcze des lebens vnd esse vnd lebe ewiclich;seiner hausvrowen aus heuten **rŏkke** vnd tat in die
WZB.tei.xml;WZB_7rb_21_1;hŏlczern;hoelczern;REVIEW;lemma-kein-treffer;;;;;;;Do sprach er zu Das ende alles vleisches ist komen vor mir Erfullet ist die erde in sunden von irr angesicht vnd ich wil sie vorterben mit der erden;Mache dir ein arche von gefugen **hŏlczern** wonunglein mache in die arche Und mit leime smier sie innewendick vnd auswendig;Und allso mache sie Dreihundert dovmelen sol haben die lenge der archen vnd funfczick dovmelen ir breite vnd dreissick dovm elen ir hohe;ein arche von gefugen **hŏlczern** wonunglein mache in die
WZB.tei.xml;WZB_7vb_20_4;gevŏggeln;gevoeggeln;REVIEW;lemma-kein-treffer;;;;;;;Und ein gienck vnd seine kinder sein hausvrow vnd seiner kinder hausvrowen mit im in die arche durch die wasser der flute;Und von allen tiren reinen vnd vnreinen Und aus allen **gevŏggeln** vnd aus allem dem das sich ruret auf der erden;czwei vnd czwei ein giengen zu in die archen knechtel vnd meidel als gepoten hett vnser herre;vnreinen Und aus allen **gevŏggeln** vnd aus allem dem
WZB.tei.xml;WZB_8rb_2_5;gevŏgils;gevoegils;REVIEW;lemma-kein-treffer;;;;;;;Funfczehen dovmelen was das wasser hŏher vber die perge die es hett bedackt;Und vortilget wart alles vleisch das sich rurte auf GENESIS der erden Des **gevŏgils** der tir der wilt vnd aller krichenden tir die do krichen auf der erden Alle menschen;vnd alles das in dem der geiste des lebens was in der erden die sturben;GENESIS der erden Des **gevŏgils** der tir der wilt
WZB.tei.xml;WZB_9ra_13_3;bŏzem;boezem;REVIEW;lemma-kein-treffer;;;;;;;dorumbe stifte einen alter vnserm herren vnd hube auff von allem reinem vihe vnd vogeln vnd opferte gancz enczvntes opfer auf den alter;Und vnser herre roch den ruch der susicheit vnd sprach zu im Mit nichte nicht vorrfluche ich furbas der erden durch die menschen wenne die sinne vnd die gedancken menschliches herczens zu **bŏzem** geneiget sint von irr iugent Dorvmbe wil ich nicht furbas slahen ein yecliche lebendige sele als ich habe getan;Alle tage der erden sehens vnd sneidens kelde vnd wirme svmer vnd winter nacht vnd tack nicht sullen ruen;gedancken menschliches herczens zu **bŏzem** geneiget sint von irr
WZB.tei.xml;WZB_11rb_21_2;grŏsen;groesen;REVIEW;pos-mehrdeutig;;;grôz;lemma_2534;ADJ ADV GRA NOM;;Aber vnser herre sprach zu Gee aus von deinem lande vnd von deiner mageschaft vnd von dem house deines vaters Und kvm in ein lant das ich dir czeige;vnd ich wil machen dich in ein gros geslechte vnd wil **grŏsen** deinen namen vnd wirst gesegent;vnd wil gesegen den die dich gesegen vnd wil fluchen den die dir fluchen vnd in dir werden gesegent alle geslechte der erden;gros geslechte vnd wil **grŏsen** deinen namen vnd wirst
WZB.tei.xml;WZB_12rb_27_4;gegnŏten;gegnoeten;REVIEW;lemma-kein-treffer;;;;;;;Und erwelte im das reich bei dem vnd czoch von Und wurden gescheiden von ein ander ýeclicher von seinem bruder;wonte in dem lande vnd was bleibende in den **gegnŏten** bei dem vnd wonte zu;Aber die waren bŏze vnd groze svnder vor vnserm herren;was bleibende in den **gegnŏten** bei dem vnd wonte
WZB.tei.xml;WZB_13va_31_7;vŏgil;voegil;REVIEW;lemma-kein-treffer;;;;;;;Und vnser herre antworte im Nim dir sprach er ein drei ierige ku vnd ein drei ierige czigen vnd einen wider der dreier iare alt sei ein turckel touben vnd auch ein touben;Und er hube auf dicz alles vnd teilte das in czwei vnd beide dise teil leite her gegen ein ander eines anders wenne das ander Aber die **vŏgil** teilte er nicht;Nu quame das gevŏgil auf die as vnd vorvleugte sie;das ander Aber die **vŏgil** teilte er nicht Nu
WZB.tei.xml;WZB_17rb_37_1;grŏsere;groesere;REVIEW;lemma-kein-treffer;;;;;;;Kume dan mache wir in truncken mit wein vnd slafen bei im so das wir mugen behalten den samen von vnserm vater;Und also gaben sie irem vater wein zu trincken die selbe nacht Vnd die **grŏsere** gienk ein czu dem GEN vater vnd slief mit im Und her enpfant des nicht weder do si sich zu im legte die tochter noch wenne sie von im ouf stund;Und dez andern tages sprach die grosere zu der mynnern Sich nechten hab ich geslafen mit meinem vater Gebe wir im wein czu trincken ouch dise nacht vnd slafe du mit im so das wir heil machen den samen von vnserm vater;selbe nacht Vnd die **grŏsere** gienk ein czu dem
WZB.tei.xml;WZB_20va_17_2;bŏvme;boevme;REVIEW;lemma-kein-treffer;;;;;;;Do das horte do hienk her an die wage das gelt das gevordert hette Das do horten die Uier hundert scoth silbereiner vnd vorsuchter offenbarr mvncze;Und bestetigt wart der acker der etwenne was in den do was ein czwiualdige gruft sehende gegen also wol der acker als die gruft vn̄ alle sein **bŏvme** in allen seinen enden in dem vmbringe;abraamen zu einer besiczunge das es sahen vnd alle die durch die pforten der stat giengen;gruft vn̄ alle sein **bŏvme** in allen seinen enden
WZB.tei.xml;WZB_26vb_34_5;tŏch;toech;REVIEW;pos-mehrdeutig;;;ziehen;lemma_7861;NOM VRB;;vnd dorumbe rufte seinem svne vnd gesegente im vnd gebot im vnd sprach Nicht nyme dir ein housvrow von dem geslechte;sunder gee vnd czeuch in das lant in die stat zu in das hous deiner muter vater Und nym dir ein housvrow von den **tŏch** XXVIII GENE tern deines ŏhems;Got aber der almechtige der gesegen dir vnd mache dich wachsende vnd mere dich also das du werdest zu vil scharen des volkkes;ein housvrow von den **tŏch** XXVIII GENE tern deines
WZB.tei.xml;WZB_28rb_34_12;gewŏnlichen;gewoenlichen;REVIEW;pos-mehrdeutig;;;gewonlich;lemma_2355;ADJ ADV;;Und des abendes sein tochter furte her im czu;vnd gab der ein mait die hies mit namen Und do bei der geslafen het als **gewŏnlichen** ist Und do es morgen wart do sach er das es was GENE;vnd sprach zu seinem sweher Hab ich dir nicht gedienet vmb worumbe hastu mir czu gelegt;der geslafen het als **gewŏnlichen** ist Und do es
WZB.tei.xml;WZB_34ra_16_2;gegnŏt;gegnoet;REVIEW;lemma-kein-treffer;;;;;;;vnd czoch in die stat der Die do ist in dem lande Noch dem do er wider kumen was von der stat vz dem lande;Und wonte bei der **gegnŏt** vnd koufte im ein teil eines ackers in dem er gestakt hette die geczelt von den kindern des vaters vmb hundert schaf;vnd richte do ouf einen alter Und rufte ouf dem an den starcken SIS got;Und wonte bei der **gegnŏt** vnd koufte im ein
WZB.tei.xml;WZB_35ra_17_1;czŏrniclichen;czoerniclichen;REVIEW;lemma-kein-treffer;;;;;;;Und ir kinder vnd ire weip furten sie hin gevangen;Do sie das volbrachten Do sprach **czŏrniclichen** czu vnd zu Betrubet habt ir mich vnd habt mich gehessick gemachet den SIS vnd den den lant leuten diser erden Unser ist wenick vnd gene werden sich sammen vnd werden mich slahen vnd werde vortilget ich vnd mein hous;Und sie antworten Nu wie sold her gebrouchen also sam einer hurn vnser swester;das volbrachten Do sprach **czŏrniclichen** czu vnd zu Betrubet
WZB.tei.xml;WZB_43ra_7_0;wŏsten;woesten;REVIEW;lemma-kein-treffer;;;;;;;vnd nam das vingerlein von seiner hant vnd gab im das an seine hant vnd cleidet in mit einem sneweissen seideinen gewande vnd vm GENE legte im ein guldein golnir vmb seinen hals;Und hies in steigen ouf seinen wagen vnd noch der gewonheit schreien einen butil das sie alle vor im knyten vnd **wŏsten** in einen probst vber alle;Und der kvnig sprach zu Ich bins An dein gepot sol nymant wegen sein hant noch seinen fuz in aller erden;vor im knyten vnd **wŏsten** in einen probst vber
WZB.tei.xml;WZB_46ra_33_1;bŏzes;boezes;REVIEW;lemma-kein-treffer;;;;;;;Und do sie ous der stat quamen vnd warn geczogen ein wenig furbas Do hies rufen dem schaffer seines houses vnd sprach Ste ouf vnd czeuch den mannen noch vnd vach sie vnd sprich Worumbe habt ir gegebn vbil vmb gut;Den kopf den ir habt gestoln der ist der kopf do mein herre ous trincket Und in dem er pfligt zu weissagen Gar ein **bŏzes** dinck habt ir getan;Und diser tat als er hies vnd vienk sie noch ein ander vnd sprach das;zu weissagen Gar ein **bŏzes** dinck habt ir getan
WZB.tei.xml;WZB_53ra_28_0;trŏste;troeste;REVIEW;lemma-mehrdeutig;;;;lemma_6221 lemma_6223;;;Ir habit gedacht von mir bŏses vnd got hat das vorkart in gut also das her mich erhube als irs gegenn orticlichen schowet das er heil machte vil volkis;Nicht vorchtet euch ich wil euch neren vnd ewer kindlein vnd **trŏste** sie vnd sprach in lindlichen vnd gutlichen zu;Vnd wonte in mit alles seines vaters hous Und lebte czehen iar vnd hundert iare vnd sach kinder bis in die dritte geperunge Und die kinder seines svnes wurden geborn ouf SIS den knien;vnd ewer kindlein vnd **trŏste** sie vnd sprach in
WZB.tei.xml;WZB_54vb_23_3;tŏch;toech;REVIEW;pos-mehrdeutig;;;ziehen;lemma_7861;NOM VRB;;vnd erhorte dise rede vnd suchte zu vorterben Der vloh von seiner angesicht vnd wonte in der erden vnd sas bei einem brvnne;Nu hatt der priester von siben **tŏch** EXO ter die quamen wasser schĕpfen vnd fulten die gerinne vnd begerten die schaf zu trenken ires vaters;Nu quamen vber sie die hierten vnd triben sie do von v vnd stund ouf vnd rett die iuncvrowen vnd trenkte in die schaf;der priester von siben **tŏch** EXO ter die quamen
WZB.tei.xml;WZB_55va_10_6;Lŏse;loese;REVIEW;lemma-mehrdeutig;;;;lemma_3818 lemma_3837;;;Nu sach vnser herre das er czoch zu sehen vnd rufte ous der mitte des pusches Der antworte Ich bin hie bei;Und vnser sprach N Nicht gee her czu **Lŏse** deine schuh von deinen fuzen wenne die stat an der du stest ist die heilige erde;Und sprach Ich bins der got deines vaters Got got vnd got vorbarge sein antlicz wenne er torste nicht sehen gegen gote;Nicht gee her czu **Lŏse** deine schuh von deinen
WZB.tei.xml;WZB_56vb_18_5;geschŏpfet;geschoepfet;REVIEW;lemma-kein-treffer;;;;;;;sprach Ich bite dich herre wenne ich bin nicht geredick von gestern vnd von egestern vnd sint dem male das du hast gesprochen zu deinem knechte ich bin gehinderter vnd tregir czungen;Und vnser herre sprach zu im Wer hat gemacht des menschen mvnt oder wer hat **geschŏpfet** den stvmmen vnd den touben den gesehenden vnd den blinden Uorwar ich;Czeuch hin dorumbe vnd ich wil sein in deinem mvnde vnd wil dich leren was du redist;mvnt oder wer hat **geschŏpfet** den stvmmen vnd den
WZB.tei.xml;WZB_58rb_4_6;gewŏnliche;gewoenliche;REVIEW;lemma-kein-treffer;;;;;;;Der sprach Ir geet musik vnd dorvmme sprechet ir Gee wir vnd opfer hic pharao facit n gere qui nt laborare ppter hoc Rex pharao con emp quod nox DUS wir vnserm herren;Geet dorvmbe vnd arbeitet Sprev gibt man euch nicht vnd die **gewŏnliche** czal der czigel die gebet;Nu sahen die prŏbste sich sein in vbel do von das man sprach zu in nichstesnicht sol gemynnert werden von den czigeln alle tage;euch nicht vnd die **gewŏnliche** czal der czigel die
WZB.tei.xml;WZB_58rb_6_3;prŏbste;proebste;REVIEW;lemma-kein-treffer;;;;;;;Geet dorvmbe vnd arbeitet Sprev gibt man euch nicht vnd die gewŏnliche czal der czigel die gebet;Nu sahen die **prŏbste** sich sein in vbel do von das man sprach zu in nichstesnicht sol gemynnert werden von den czigeln alle tage;Und giengen enkegen vnd die do stunden hinden gegen in do sie ous giengen von herren;gebet Nu sahen die **prŏbste** sich sein in vbel
WZB.tei.xml;WZB_60rb_10_5;crŏten;croeten;REVIEW;lemma-kein-treffer;;;;;;;Und vnser herre sprach zu Gee ein czu dem vnd sprich zu im Las mein volk das es mir opfer;Ist aber das du sie nicht wilt lasen sich so wil ich slahen alle deines landes ende mit **crŏten**;vnd quellen wirt das wasser crŏten die werden ouf steigen vnd werden krichen in dein hovz vnd in das leger deines bettis vnd ouf dein bette vnd in die heuser deiner knechte vnd in dein ouen vnd in die bleibelinge deiner speise;deines landes ende mit **crŏten** vnd quellen wirt das
WZB.tei.xml;WZB_60rb_12_0;crŏten;croeten;REVIEW;lemma-kein-treffer;;;;;;;Ist aber das du sie nicht wilt lasen sich so wil ich slahen alle deines landes ende mit crŏten;vnd quellen wirt das wasser **crŏten** die werden ouf steigen vnd werden krichen in dein hovz vnd in das leger deines bettis vnd ouf dein bette vnd in die heuser deiner knechte vnd in dein ouen vnd in die bleibelinge deiner speise;vnd czu dir vnd zu deinem volke vnd zu allen deinen knechten werden ein geen die krŏten;quellen wirt das wasser **crŏten** die werden ouf steigen
WZB.tei.xml;WZB_62va_34_3;knŏpil;knoepil;REVIEW;lemma-kein-treffer;;;;;;;Aber ich weis so das du vnd deine knechte noch nicht vorchten vnsern herren got;Aber der lein vnd die gersten was vorseret do von das die gerste grvne was vnd der lein nv **knŏpil** ous sproste;Aber der weicz vnd das DUS korn wurden nicht vorseret W wenne sie waren spetig;vnd der lein nv **knŏpil** ous sproste Aber der
WZB.tei.xml;WZB_64ra_2_4;vŏrdrist;voerdrist;REVIEW;lemma-kein-treffer;;;;;;;Und der sprach Opfer tyr vnd gancz enczuntes opfer wirstu vns geben die wir opfern sullen vnserm herren;Alle vnsere hert werden gen mit vns Ein kla bleibt nicht hie ous den das vns notdurft ist zu dem dienste vnsers herren EXO gotis vnd zu **vŏrdrist** wenne wir noch nicht en wissen was man sol opfern vncz bis wir zu der selben stat komen;Und vnser herre vorherte das hercze vnd her wolde sie nicht lasen;EXO gotis vnd zu **vŏrdrist** wenne wir noch nicht
WZB.tei.xml;WZB_68vb_30_5;gegrŏset;gegroeset;REVIEW;lemma-kein-treffer;;;;;;;vnd die grose hant die vnser herre gevbet hette wider sie Und das volk vorchte vnsern herren vnd geloubte vnserm herren vnd seinem diener etcetera;DO sanck einen newen gesanck vnd vnserm herren vnd sprachen Singe wir vnserm herren erlichen ist her **gegrŏset** das ros vnd den oufsteiger hat her geworffen in das mer;Mein stercke vnd mein lob ist mein herre vnd worden ist her mir zu heile Der ist meyn got vnd ich wil in eren got xv EXO meines vaters vnd ich wil in hoen;herren erlichen ist her **gegrŏset** das ros vnd den
WZB.tei.xml;WZB_69va_9_4;gegrŏset;gegroeset;REVIEW;lemma-kein-treffer;;;;;;;Nu nam dorumbe die weissaginne die swester in ir hant ein pouken vnd ous giengen alle vrowen noch ir scherecht mit pouken;den sank sie vor sprechende Singe wir dem herren wenne erlichn ist her **gegrŏset** Das ros vnd den oufsteiger hat her geworffen in das mer;Nu nam das volk ous dem vnd czogen in die wustenunge Und sie wanderten drei tage in der eynot vnd funden nichte wassers;wenne erlichn ist her **gegrŏset** Das ros vnd den
WZB.tei.xml;WZB_70ra_5_1;tŏpfen;toepfen;REVIEW;lemma-kein-treffer;;;;;;;Und alles volk von murmelte wider W xvi EXO vnd in der eynod;vnd zu in so sprachen O were wir tot von der hant vnsers herren in der do wir sasen ouf den **tŏpfen** vleisches vnd asen das brot in seticheit Worumb habt ir vns ein gefurt in dise wustenunge so das ir vorterbet alle dise menige hungers;Aber vnser herre sprach zu Secht ich wil euch brot regen von himel Gee ous das volk vnd cloub alle tage das sie genvk haben so das ich sie vor suche ob sie wandern in meiner e oder nicht;wir sasen ouf den **tŏpfen** vleisches vnd asen das
WZB.tei.xml;WZB_70va_16_1;stŏsil;stoesil;REVIEW;lemma-kein-treffer;;;;;;;Nu geschach das dorvmme des abendes vnd des kvniges vogil quamen gevlogen vnd bedakten ire purge vnd des morgens lag der taw in dem vmringe irr purge;vnd do her bedakt hette die gestalt der erden do erschein her in der eynode zu mulet vnd als mit einem **stŏsil** zu stosen gleich einem reif ouf der erden;Do das ersahen do sprachen sie wider ein ander Manhu das ist also vil gesprochen Was ist das Wenne sie wosten nicht was es were Czu den so sprache Das ist das brot das euch got vnser herre hat gegeben zu essen;vnd als mit einem **stŏsil** zu stosen gleich einem
WZB.tei.xml;WZB_70va_33_3;schŏffils;schoeffils;REVIEW;lemma-kein-treffer;;;;;;;Do das ersahen do sprachen sie wider ein ander Manhu das ist also vil gesprochen Was ist das Wenne sie wosten nicht was es were Czu den so sprache Das ist das brot das euch got vnser herre hat gegeben zu essen;Das ist die rede die euch gepoten hat vnser herre Cloube do von ein yeclicher also vil das her genvg habe zu essen besunderlich ein yeclich mensch die mase vol die do genant ist gomor das ist nicht vollen ein vierteil vnsers **schŏffils** noch der czal der selen die do wonen in ewern geczelten also sult ir ouf heben;Vnd DUS also taten vnd cloubten einer mere der ander mynner;vollen ein vierteil vnsers **schŏffils** noch der czal der
WZB.tei.xml;WZB_76ra_12_2;hŏrnern;hoernern;REVIEW;lemma-kein-treffer;;;;;;;Und eynen czan ist das ymant ous sleht seinem knechte oder seiner meide gleicher weise sol her sie frei lasen geen;Ist das ein ochse mit den **hŏrnern** stŏset einen man oder ein vrowe so das si sterben mit steinen sol man sie erwerfen vnd sein vleisch sol man nicht essen Und der herre des ochsens bleibt vnschuldig;Ist das ein ochse horn tobig ist von gestern vnd von egestern vnd man seinen herren dorvber besworn hat noch en hat in nicht vorslossen vnd her erstŏset einen man oder eine vrowe vnd den ochsen schol man mit steinen erwerfen vnd den herren tŏten;ein ochse mit den **hŏrnern** stŏset einen man oder
WZB.tei.xml;WZB_76ra_12_3;stŏset;stoeset;REVIEW;lemma-kein-treffer;;;;;;;Und eynen czan ist das ymant ous sleht seinem knechte oder seiner meide gleicher weise sol her sie frei lasen geen;Ist das ein ochse mit den hŏrnern **stŏset** einen man oder ein vrowe so das si sterben mit steinen sol man sie erwerfen vnd sein vleisch sol man nicht essen Und der herre des ochsens bleibt vnschuldig;Ist das ein ochse horn tobig ist von gestern vnd von egestern vnd man seinen herren dorvber besworn hat noch en hat in nicht vorslossen vnd her erstŏset einen man oder eine vrowe vnd den ochsen schol man mit steinen erwerfen vnd den herren tŏten;ochse mit den hŏrnern **stŏset** einen man oder ein
WZB.tei.xml;WZB_76ra_22_5;erstŏset;erstoeset;REVIEW;lemma-kein-treffer;;;;;;;Ist das ein ochse mit den hŏrnern stŏset einen man oder ein vrowe so das si sterben mit steinen sol man sie erwerfen vnd sein vleisch sol man nicht essen Und der herre des ochsens bleibt vnschuldig;Ist das ein ochse horn tobig ist von gestern vnd von egestern vnd man seinen herren dorvber besworn hat noch en hat in nicht vorslossen vnd her **erstŏset** einen man oder eine vrowe vnd den ochsen schol man mit steinen erwerfen vnd den herren tŏten;vnd ist das im pesserunge wirt gesaczt so geb her fur sein sele was er von im heischet;nicht vorslossen vnd her **erstŏset** einen man oder eine
WZB.tei.xml;WZB_76ra_31_3;stŏsset;stoesset;REVIEW;lemma-kein-treffer;;;;;;;vnd ist das im pesserunge wirt gesaczt so geb her fur sein sele was er von im heischet;Eines svn oder eines tochter ist das her das horn **stŏsset** gleich sulchem vrteil sol her vnderligen;Ist das her einen kneht oder ein mait vorterbet dreissig scot sol her geben seinem herren Den ochsen vorwar sol man mit steinen erwer DUS fen;das her das horn **stŏsset** gleich sulchem vrteil sol
WZB.tei.xml;WZB_77vb_3_4;ŏlgerten;oelgerten;REVIEW;lemma-kein-treffer;;;;;;;Sechs iar besee deinen acker vnd fure zu samen dein getreide;Aber in dem sibenden iare las in vnd rven las yn so das do von essen die armen deines volkes Und was des andern sei das essen die wilt DUS der ecker Also tu in deinen weingerten vnd in deinen **ŏlgerten**;Sechs tage wirke in dem sibenden tage hŏre ouf so das dein ochse rue vnd dein esil vnd das dirkule der svn deiner dierne vnd der fremde;weingerten vnd in deinen **ŏlgerten** Sechs tage wirke in
WZB.tei.xml;WZB_78rb_6_4;stŏre;stoere;REVIEW;lemma-mehrdeutig;;;;lemma_5786 lemma_78709;;;Und vor dir wirt czihen mein engil vnd wirt dich ein furen zu dem Und DUS zu dem vnd zu dem vnd zu dem zu dem vnd zu dem Die ich wil vorterben;Nicht bete an ir gŏte noch bowe ir nicht Nicht bow̆o ir werk svnder **stŏre** sie vnd zu brich ire seulen;vnd dienet ewerm herren gote so das ich gesegen deinen broten vnd deinen wassern vnd heb ouf den sichtum von deiner mitte;bow̆o ir werk svnder **stŏre** sie vnd zu brich
WZB.tei.xml;WZB_81ra_30_0;ŏrl;oerl;REVIEW;lemma-kein-treffer;;;;;;;Ous den fuge funf zu samen hinder sich Und die sechse saltu ouch gleich zu samen spannen also das du die sechste vbirdecke an der stirn des daches czwiualdigest;Mache ouch funfczig orn an dem savme einer vbirdecke das man sie mit der andern zu samen muge gefugen vnd funfczig **ŏrl** oder slingel an dem sovme der andern vbirdecke das man in mit dem andern zu samen muge gespannen;Und funfczig ereine heftel mit den man zu samen spanne die ŏrl oder die slingel so das ein vbirdecke werde ous DUS den allen;muge gefugen vnd funfczig **ŏrl** oder slingel an dem
WZB.tei.xml;WZB_81ra_36_1;ŏrl;oerl;REVIEW;lemma-kein-treffer;;;;;;;Mache ouch funfczig orn an dem savme einer vbirdecke das man sie mit der andern zu samen muge gefugen vnd funfczig ŏrl oder slingel an dem sovme der andern vbirdecke das man in mit dem andern zu samen muge gespannen;Und funfczig ereine heftel mit den man zu samen spanne die **ŏrl** oder die slingel so das ein vbirdecke werde ous DUS den allen;Das aber vbrig ist in den vbirdecken die do werden gemachet dem vbirdache das ist ein vbirdecke der do mer ist;zu samen spanne die **ŏrl** oder die slingel so
WZB.tei.xml;WZB_82vb_26_3;stŏseln;stoeseln;REVIEW;lemma-kein-treffer;;;;;;;Alle vas des geczeldis zu allem seinem dienste vnd recht also wol sein pflokke als seine grunde;Gepeut das sie dir brengen gar clares ŏl von ŏl bovmen mit **stŏseln** zu stosen das steticlich die lucerne brinne;in dem geczelde des geczeuknusses ouserthalbe des vorhanges der do vberal ist vorgespannen dem geczeuknusse Und seczen werden sie vnd seine kinder das sie leuchten vncz bis fru vor vnserm herren Ewig wirt vbunge in ir nochkumlinge von etcetera;von ŏl bovmen mit **stŏseln** zu stosen das steticlich
WZB.tei.xml;WZB_83rb_17_4;hŏen;hoeen;REVIEW;lemma-kein-treffer;;;;;;;Aber das humeral sullen sie machen von golde vnd von seidein iacincten von purpur vnd von rotem czwir geverbet vnd von pfelle anderweit gebleichet mit mancher hande varbe geworchter kunst;Czwei zu houfgefugte seumel sol das haben in irn **hŏen** czu beiden seiten so das es zu samen kvme;Und das gewurchte vnd alles des werkis mancher hande varbe sol sein von golde vnd von seydein iacincten vnd purpur vnd von rotem czwir geverbet vnd mit czwir gebleichter pfelle;das haben in irn **hŏen** czu beiden seiten so
WZB.tei.xml;WZB_87rb_20_4;ŏlpoumen;oelpoumen;REVIEW;lemma-kein-treffer;;;;;;;sprechende Nim dir der besten smirnischen wurcze vnd ousderwelter funf hundert scot vnd cynomin halb also vil das ist czweihundert vnd funfczig scot vnd calamisch wurcze gleich also vil czweihundert vnd funfczig scot;Und cassische pfeifen funf hundert scot noch der wage des heiligtumes Und ŏl von **ŏlpoumen** ein mase die do heisset hin;Und mache heiliges ŏl der salbunge Und ein czu houfgelegte salbe noch dem wercke der salben;heiligtumes Und ŏl von **ŏlpoumen** ein mase die do
WZB.tei.xml;WZB_87va_16_1;vorstŏret;vorstoeret;REVIEW;lemma-kein-treffer;;;;;;;Menschen vleisch sol do mit nicht gesalbet werden vnd noch seiner zu houf legunge machet kein andre;Unde welcher mensch zu houfe leget ein semeliche vnd gibt do von einem fremden der wirt **vorstŏret** ous seinem volke volke;Und vnser herre sprach zu Nim dir wurcze mirre vnd oniknien wurcze v vnd galbanum des susen ruches vnd gar liechten wĭrouch gleicher wage ei DUS nes also vil als des andern;einem fremden der wirt **vorstŏret** ous seinem volke volke
WZB.tei.xml;WZB_91vb_19_2;lŏse;loese;REVIEW;lemma-mehrdeutig;;;;lemma_3818 lemma_3837;;;Alle knechtils geslechte das do entsleusset den bouch wirt mein ous allen tiren also wol von ochsen als von schafen alles wirt es mein;Die erste gepurt des esils lose mit einem schafe Ist aber das du nicht lones dorumme gibst so sol man es tŏten Die erst geburt deiner svne **lŏse** noch erschein in meiner angesicht nicht ler;Sechs tage soltu arbeiten an dem sibenden tage soltu ouf hŏren von ackern vnd von sneiden;erst geburt deiner svne **lŏse** noch erschein in meiner
WZB.tei.xml;WZB_92vb_25_2;Pflŏcke;pfloecke;REVIEW;lemma-kein-treffer;;;;;;;Umbhenge die turn des geczeldis mit seulen vnd seinen grunden ein vorhank zu den turn der vorlouben;**Pflŏcke** zu dem geczelde mit iren seilen;Gewant des man bedarf zu dem dienste der heilicheit Gewant des bischofs vnd seiner kinder so das sie mir der pfafheit gebrouchen;den turn der vorlouben **Pflŏcke** zu dem geczelde mit
WZB.tei.xml;WZB_93vb_24_0;ŏrl;oerl;REVIEW;lemma-kein-treffer;;;;;;;Und ouch die andern machte her zu ein ander;Ouch machte her iacintische **ŏrl** an dem sovme eines vmmehanges zu beiden seiten Und an dem sovme des andern vmmehanges gleycher weise machte her also so das die clingel gegen ein ander quamen vnd glich zu sammen wurden gefuget;D Dorvmme gos her ouch funfczig guldeine ringel die her heste in die ŏrl der vmhenge vnd wurde ein geczelt;Ouch machte her iacintische **ŏrl** an dem sovme eines
WZB.tei.xml;WZB_93vb_34_3;ŏrl;oerl;REVIEW;lemma-kein-treffer;;;;;;;Ouch machte her iacintische ŏrl an dem sovme eines vmmehanges zu beiden seiten Und an dem sovme des andern vmmehanges gleycher weise machte her also so das die clingel gegen ein ander quamen vnd glich zu sammen wurden gefuget;D Dorvmme gos her ouch funfczig guldeine ringel die her heste in die **ŏrl** der vmhenge vnd wurde ein geczelt;Ouch machte her eilf vberdecken von czigen har zu decken das EXO dach des geczeldis;her heste in die **ŏrl** der vmhenge vnd wurde
WZB.tei.xml;WZB_94ra_11_0;ŏrl;oerl;REVIEW;lemma-kein-treffer;;;;;;;der her funf fugte zu sammen hinder sich vnd die andern sechse machte her ouch zu sammen besvnderlich;Und machte funfczig **ŏrl** an dem sovme einer vbirdecken vnd funfczig an dem seumil der andern vbirdecke so das man sie zu samen nestilte;Und funfczig ereyne heftil do mit man das dach nestilte so das ein mantil ous allen vbirdecken wurde;besvnderlich Und machte funfczig **ŏrl** an dem sovme einer
WZB.tei.xml;WZB_95ra_8_2;hŏen;hoeen;REVIEW;lemma-kein-treffer;;;;;;;Ouch machte her czwen EXO cherubin ous gehemertem golde die saczte her zu beiden seiten der gnaden tafeln;Einen cherub in der hŏe eines teiles Den andern cherub in der hŏe des andern teiles Czwen cherubin in beiden **hŏen** der gnaden tafeln;ous reckende ire flugel vnd bedeckende die genaden tafel sich selber an ein ander vnd die bet tafel an sehende;Czwen cherubin in beiden **hŏen** der gnaden tafeln ous
WZB.tei.xml;WZB_95va_11_2;hŏrnern;hoernern;REVIEW;lemma-kein-treffer;;;;;;;Ouch EXO machte her einen alter des thimiamischen puluers von sethimischem holcze der in seyner virunge zu yclicher seyten hette ein dovm elen vnd in die hŏe czwu Uon des winkeln giengen hŏrner;vnd̄ vmmelegte den mit reinem golde mit seinem roste Vnd mit wenden vnd **hŏrnern** Vnd machte im ouch ein guldein crone vm vnd vmme;vnd czwen guldeine ringe czu yclicher seiten das man do durch lase rigel das man den alter muge getragen;Vnd mit wenden vnd **hŏrnern** Vnd machte im ouch
WZB.tei.xml;WZB_96vb_33_3;hŏen;hoeen;REVIEW;lemma-kein-treffer;;;;;;;Und czu sneit guldeine blech vnd zu dvnte sie in vedem so das man sie mochte gedringen oder gewirken oder geneen mit der vorigen varb wenil;Und czwei sevmel die zu beiden seiten in iren **hŏen** zu sammen waren gefuget;Und einen gurtel ous den selben varben als vnser herre gepoten hette;beiden seiten in iren **hŏen** zu sammen waren gefuget
WZB.tei.xml;WZB_98vb_8_5;vŏr;voer;REVIEW;pos-mehrdeutig;;;vor;lemma_7194;ADV GRA PRP;;wenne sie ein giengen in das geczelt des frides vnd zu traten zu dem alter als vnser herre gepoten hete;Ouch richte her ouf das groze geczelt in dem vmringe dicz geczeldis vnd des alters czihende **vŏr** in dem ein gange einen vorhang Aber do alle dink volkomen wurden;do bedakte ein gewulken das geczelt des geczeuknusses Und gotis ere erfulte das;vnd des alters czihende **vŏr** in dem ein gange
WZB.tei.xml;WZB_102vb_7_0;schŏpfe;schoepfe;REVIEW;lemma-kein-treffer;;;;;;;Und ist das sein hant nicht mag geopfern czwu turkiltouben oder die czwei touben keuchel so opfer her vor die svnde semýl das czehende teil einer mase die do heisset eph Nicht tu her dor ein ŏl noch nichtesnicht w weirouches lege her dor eyn wenne es ist vmme die svnde;vnd gebe sie dem priester Der **schŏpfe** do von ein hant vol vnd vorbru das ouf dem alter zu seinem gedechtnusse;der das hat geopfert bitende vor in vnd reinigende in das vberige teil vorwar habe her zu gabe;sie dem priester Der **schŏpfe** do von ein hant
WZB.tei.xml;WZB_107ra_34_1;getŏtest;getoetest;REVIEW;lemma-kein-treffer;;;;;;;sprach Das ist die rede die vnser herre gepoten hat Tut das so wirt euch erscheinen sein ere;Vnd zu sprach her Trit zu zu dem alter vnd opfer vor die svnde Opfer gancz enczvntes opfer vnd bite vor dich vnd vor das volk Vnd wenne du **getŏtest** das opfertir des volkes so bite vor sie als vnser herre hat gepoten;U Und zu hant trat zu zu dem alter vnd tŏtte das kalp vmme seine svnde;volk Vnd wenne du **getŏtest** das opfertir des volkes
WZB.tei.xml;WZB_108ra_13_4;entplŏssen;entploessen;REVIEW;lemma-kein-treffer;;;;;;;Und endlich giengen sie vnd trugen si als sie lagen gecleidet mit leineinen rŏcken vnd wurfen sie hin fur als in was gepoten;Und redte zu vnd zu vnd czu seinen svnen Ewer houbt sult ir nicht **entplŏssen** vnd ewer gewant sult ir nicht zu reissen das ir leichte icht sterbet vnd vber alle dise schar ouf gee der czorn Ew̆er bruder vnd alles ysrahelischs hous sullen clagen das anczvnden das vnser herre hat erwekt;Aber ir sult nicht ous gen vor die tur des geczeldis oder ir vorterbit Wenne das ŏl der salbunge ist ouf euch Die taten das alles noch dem gepote;houbt sult ir nicht **entplŏssen** vnd ewer gewant sult
WZB.tei.xml;WZB_110va_11_0;turkiltŏubil;turkiltoeubil;REVIEW;lemma-kein-treffer;;;;;;;Der e W LEVITICUS opfert die vor vnserm herren vnd bitet vor sie vnd also so wirt sie gereinigt von dem vlusse ires blutes Das ist die der geperenden vrowen Ein knechtil oder ein meidel;Vnd ist das nicht vindet ir hant noch en mag nicht geopfern ein lamp so neme sie czwei **turkiltŏubil** oder czwei touben keuchel eines yn gancz enczuntes opfer vnd das ander vor die svnde Und biten sol vor sie der priester vnd also wirt sie gereinigt etcetera;Und XIII vnser herre redte czu vnd zu sprechende;so neme sie czwei **turkiltŏubil** oder czwei touben keuchel
WZB.tei.xml;WZB_113ra_27_0;turtiltŏubel;turtiltoeubel;REVIEW;lemma-kein-treffer;;;;;;;Und ist das her arme ist vnd sein hant nicht vinden mag das das do gesprochen so neme her ein lamp vor die vorlasenheit zu einem opfer so das vor in bite der priester vnd einen czehenden semil besprengt mit ole zu der heilicheit opfer vnd einen sechster oles;vnd czwei **turtiltŏubel** oder czwei touben keuchel Der eines sol werden vmme die svnde vnd das ander zu gancz enczuntem opfer;das opfer her an dem achten tage seiner reinigunge dem priester zu der tur des geczeldis des geczeuknusse vor vnserm herren;sechster oles vnd czwei **turtiltŏubel** oder czwei touben keuchel
WZB.tei.xml;WZB_113rb_19_3;ŏlis;oelis;REVIEW;lemma-kein-treffer;;;;;;;Und ruret das endliste teil seines rechten orn des den man reinigt vnd di rechten dovmen der hant vnd des fuzes an die stat des blutis das do vorgossen ist vmme die vorlasenheit;Aber das ander teil des **ŏlis** das do ist in der linken hant las er ouf das houbt des gereinigten LEUITICUS so das her bite vor in vnsern herren;Und das turtiltoubil oder das toubenkeuchil;das ander teil des **ŏlis** das do ist in
WZB.tei.xml;WZB_116rb_16_2;wŭste;wueste;REVIEW;lemma-mehrdeutig;;;;lemma_7672 lemma_7704;;;vnd lege seine peide hende ouf sein houbt vnd peichtige alle die missetat vnd alle ire vorlasenheit vnd ire svnde Die wŭnschet her seinem houbte vnd sendet in bei einem menschen der do zu ist bereit in die wustenunge;Und wenne der czigen pok getregt alle ire missetat in eine **wŭste** erde Und wirt gelasen in der wŭstenunge;so keret wider in das geczelt des geczeuknusses V e LEUITICUS Und leget abe das gewant mit dem her vor was an getan do her ein gienk in das heiligtum vnd lest die aldo;ire missetat in eine **wŭste** erde Und wirt gelasen
WZB.tei.xml;WZB_119rb_6_1;lŏblich;loeblich;REVIEW;pos-mehrdeutig;;;lobelich;lemma_3829;ADJ ADV GRA NOM;;Wenne ir ein seit geczogen in die erde vnd pelczet dor ein ŏpfil bovme so sullit ir hin tvn ire vordristen Die ŏpfil die sie euch tragen werden euch vnrein noch sult do von nicht essen;Aber in dem vierden iare alle ire fruchte sullen werden geheiligt **lŏblich** vnserm herren;Aber in dem funften iare sult ir essen die frucht vnd sammen die ŏpfil die sie tragen Ich ewer herre got;fruchte sullen werden geheiligt **lŏblich** vnserm herren Aber in
WZB.tei.xml;WZB_119va_28_0;schŏffil;schoeffil;REVIEW;lemma-kein-treffer;;;;;;;Keinerlei vngleicheit sult ir nicht tvn an den rechten an dem gewichte an der mas;Gerechte wage vnd gleich gewichte sullen sein ein gerechter **schŏffil** vnd ein gerechter sechster Ich ewer herre got der euch gefurt hat von;Behutet meyne gepot vnd meine gerichte alle vnd tut die Ich herre etcetera;sullen sein ein gerechter **schŏffil** vnd ein gerechter sechster
WZB.tei.xml;WZB_120va_2_1;enplŏset;enploeset;REVIEW;lemma-kein-treffer;;;;;;;"Wer do preutet mit seines vettern oder mit seines ŏhems h housvrowe vnd enplecket die schemde seiner magschaft tragen sullen sie beide ire svnde; an kinder sullen sie sterben";Wer do seines bruders housvrowe nymet vnczimlich dink tut der die schemde seines bruders hat LEUITICUS her **enplŏset** ane kinder bleibn sie;Behutet meine recht vnd meine gerichte vnd tut die das euch icht ous werfe die erde in die ir werdet czihen vnd dorinne wonen;bruders hat LEUITICUS her **enplŏset** ane kinder bleibn sie
WZB.tei.xml;WZB_121ra_4_1;pŏze;poeze;REVIEW;lemma-kein-treffer;;;;;;;Heilig sullen sie werden irem gote vnd nicht sullen sie meiligen seinen namen Wenne den weirouch W thohe bzde thoho xxi levitici LEUITICUS des herren vnd das brot ires gotes opfern sie;Kein hure noch kein **pŏze** zu hurheit ousgesaczet sol her nicht nemen czu einer housvrowen noch die die vortriben ist von irem manne wenne her ist geweihet seinem gote;Und die brot des vorsaczes opferte her Heilig dorvmme sol her sein Wenne ich bin ouch ein heiliger herre Der euch heiligt;Kein hure noch kein **pŏze** zu hurheit ousgesaczet sol
WZB.tei.xml;WZB_121va_2_3;hŏkrecht;hoekrecht;REVIEW;lemma-kein-treffer;;;;;;;oder eines zu brochen fuzes oder einer hant;oder mit tri LEUITICUS fenden ougen oder **hŏkrecht** Ist das her hat ein vel in den ougen oder steten grint oder den trucken grint oder er sei zu rissen;Ein yclicher der do gebrechen habe von dem samen des priesters der sol nicht zu treten zu opfern opfertir vnserm herren noch die brot seinem gote;LEUITICUS fenden ougen oder **hŏkrecht** Ist das her hat
WZB.tei.xml;WZB_129ra_6_6;fŭnfczig;fuenfczig;REVIEW;lemma-kein-treffer;;;;;;;Rede czu vnd sprich zu in Ein yclicher der do gelubde tut vnd gelobit xxvii levitici LEUITICUS got seine sele vnder der achte gebe her das lon;Ist das das ein knechtil ist von dem czweinczigisten iare vncz bis czu dem sechczigsten iare gebe er **fŭnfczig** scot silbers an die mase des heiligtumes;Ist es aber ein vrowe so geb sie dreissik;sechczigsten iare gebe er **fŭnfczig** scot silbers an die
WZB.tei.xml;WZB_129rb_27_6;schŏffeln;schoeffeln;REVIEW;lemma-kein-treffer;;;;;;;Ist aber das der der das gelobet hat wolle das losen der gebe das funfte teil der achtvnge hin vber vnd wirt haben das hous;Und ist das her den acker seiner besiczunge gelobt vnd heiligt den vnserm herren noch der mas der sat sol man achten das lon Ist das man mit dreissik **schŏffeln** beseet die erde vmb funfczig scot silbers wirt her vorkouft;Ist das her zu hant von dem gnaden reichen iare anhebende gelobt seinen acker also vil als her gegelden mag als vil achte her in;das man mit dreissik **schŏffeln** beseet die erde vmb
WZB.tei.xml;WZB_134va_4_1;geczeuknŭsse;geczeuknuesse;REVIEW;lemma-kein-treffer;;;;;;;Und die svne durch die gesinde vnd heuser irr vetir sult ir czelen;von dreissig iaren vnd hin vber vncz bis zu funfczig iaren alle die do ein geen zu NUMERI dem ampte ires dienstes czu dem gepeude des gelubdes des **geczeuknŭsse**;Das sint ire purden Tragen sullen sie tafeln des geczeldis vnd ire rigel die seulen vnd ir grunde;gepeude des gelubdes des **geczeuknŭsse** Das sint ire purden
WZB.tei.xml;WZB_135rb_9_1;vorsavmnŭsse;vorsavmnuesse;REVIEW;lemma-kein-treffer;;;;;;;Und vnser herre redte zu sprechende;Rede zu Ein man oder vrowe wenne sie tvn ous allen svnden die den leuten phlegen zu kvmen vnd mit **vorsavmnŭsse** vbir treten habn die gepot vnsers herren vnd vorlasen peichtigen;sullen sie ire svnde vnd geben wider das selbe houbt vnd das funfte teil hin vber dem in den sie habn gesundet;zu kvmen vnd mit **vorsavmnŭsse** vbir treten habn die
WZB.tei.xml;WZB_135vb_16_3;vlŭchen;vluechen;REVIEW;lemma-kein-treffer;;;;;;;Ist aber das du dich geneigt hast von deinem manne vnd bist vormeiligt vnd hast mit gelegen mit einem andern manne;den **vlŭchen** w wirstu vnder ligen Gebe dich vnser herre in den vluch vnd zu einem beispild einem yclichen in seinem volke Voulende mache her deine bruste vnd geswellende deinen bouch zu reise;Ein geen die vorvluchten wasser in deinen bouch Und dein bouch geswellende vorvoule deine brust Und antworten sol das wip amen amen;einem andern manne den **vlŭchen** w wirstu vnder ligen
WZB.tei.xml;WZB_135vb_29_3;pŭchil;puechil;REVIEW;lemma-kein-treffer;;;;;;;Ein geen die vorvluchten wasser in deinen bouch Und dein bouch geswellende vorvoule deine brust Und antworten sol das wip amen amen;Und schreiben sol der priester in ein **pŭchil** die vorvluchten vnd sol sie abtilgen mit den pittern wassern in die her die vorfluchten hat gehoufent;vnd geb ir das zu trinken Und wenne sie die getrinket;der priester in ein **pŭchil** die vorvluchten vnd sol
WZB.tei.xml;WZB_136ra_7_0;enczŭnde;enczuende;REVIEW;lemma-kein-treffer;;;;;;;so heb ouf der priester von irr hant der heilicheit opfer des hasses vi Numeri NUM vnd heb das ouf vor vnserm herren;Und also doch so das her zu dem ersten die hant vol von der heilicheit opfer ouf hebe von dem das man opfert vnd **enczŭnde** das ouf dem alter Und also gebe her dem weibe die pittern wasser;Und wenne sie die getrincket ist das sie gemeiligt ist vnd vorsmehende den man des ebrechens schuldig so durch geen sie die wasser des vluches Und mit czu blasnem bouche vorvoulet ir die brust Und werden wirt das weip in einen vluch vnd zu einem beispild allem volke;das man opfert vnd **enczŭnde** das ouf dem alter
WZB.tei.xml;WZB_136rb_19_5;weinhŭlsen;weinhuelsen;REVIEW;lemma-kein-treffer;;;;;;;von weine vnd von allem dem das do truncken mag werden vnd machen sullen sie sich enthalden Essik von weine vnd von welcherlei anders trankes vnd was ous der weintrouben gedrukt wirt sullen sie nicht trinken;"Urische weintrouben vnd trukne sullen sie nicht essen alle die tage in den sie von gelubde vnserm herren werden geheiliget; was von dem weingarten mag gesein von der welschen weinber vncz bis an die **weinhŭlsen** sullen sie das nicht essen";Alle czeit irr abscheidunge sol kein schermesser nicht geen ouf sein houbet vncz bis ouf den erfulten tak als her sich vnserm herren hat geheiligt Heilig wirt her wachsende das gehere seines houbtes alle die czeit seiner heiligunge;vncz bis an die **weinhŭlsen** sullen sie das nicht
WZB.tei.xml;WZB_138ra_14_0;mŏrserl;moerserl;REVIEW;lemma-kein-treffer;;;;;;;ein silbereine schussel von dreissig vnd hundert scoten ein silberein trinkvas das do hatte sibenczig scot noch dem gewichte der heilicheit beide voller semil besprengt mit ŏl zu der heilicheit opfer;ein guldein **mŏrserl** das do hatte czehen scot voller weihrouches;ein ochsen von den rindern vnd ein wider vnd ein ierigs lamp zu ganczenczuntem opfer;heilicheit opfer ein guldein **mŏrserl** das do hatte czehen
WZB.tei.xml;WZB_143vb_12_4;geŏltis;geoeltis;REVIEW;lemma-kein-treffer;;;;;;;Aber das man was rechte als der same corianders in der varbe als bedellisch harcz;Und das volk gienk vmme vnd cloubte das vnd zu brach das mit der mule vnd sties das in einen morser vnd cochte das ī einem topfe vnd machte dorous k kuchelin des smackes sam **geŏltis** brot;Und des nachtes wenne ouf die purge vil der taw so vil ous gleich mite das man;kuchelin des smackes sam **geŏltis** brot Und des nachtes
WZB.tei.xml;WZB_148va_17_2;pŏcke;poecke;ANNOTATE;;lexicon.xml#lemma_784;NOM;boc;lemma_784;NOM;;Also sult ir tvn;czu einem yclichen ochsen vnd wider vnd lemmer vnd **pŏcke**;also wol die in lendigen als die pilgereime;wider vnd lemmer vnd **pŏcke** also wol die in
WZB.tei.xml;WZB_149ra_15_7;wŭstnunge;wuestnunge;REVIEW;lemma-kein-treffer;;;;;;;"wenne das wort vnsers herren hat her vorsmehet vnd sein gepot hat her irre gemachet; dorvmme wirt her vortilgt vnd wirt tragen seine svnde";Und es geschach do waren in der **wŭstnunge** vnd heten funden einen menschen cloubende holcz an dem heiligen tage;vnd brachten den zu vnd zu v vnd zu aller menige;do waren in der **wŭstnunge** vnd heten funden einen
WZB.tei.xml;WZB_149vb_12_4;rŭfte;ruefte;REVIEW;lemma-kein-treffer;;;;;;;vnd alle deine sammenunge stet wider vnsern herren Wenne was ist so das ir murmelt wider in;Nu sante dorvmme so das her **rŭfte** vnd die svne Die antworten Wir wollen nicht kvmen;Ist nv dir das ein cleines das du vns ousgefurt hast von der erden die do vleuset mit milch vnd mit honigseim so das du vns tŏttest in der wŭstenunge vnd wurdest vber vns herschen NUM;dorvmme so das her **rŭfte** vnd die svne Die
WZB.tei.xml;WZB_150ra_4_0;vleŭset;vleueset;REVIEW;lemma-kein-treffer;;;;;;;Ist nv dir das ein cleines das du vns ousgefurt hast von der erden die do vleuset mit milch vnd mit honigseim so das du vns tŏttest in der wŭstenunge vnd wurdest vber vns herschen NUM;Werlicher dinge ein gefuret hastu vns in die erde die do **vleŭset** mit pechen milch vnd honigseimes vnd hast vns gegeben erbe ecker vnd weingerten oder wiltu vns ouch die ous graben Wir wollen nicht komen;Und gar czornig wart vnd sprach zu vnserm herren Nicht sich zu irr heilicheit opfer du weisest das ich noch kein esil ny von in hab genomen Noch hab gepflaget ir ny keinen;die erde die do **vleŭset** mit pechen milch vnd
WZB.tei.xml;WZB_150vb_15_2;tŏden;toeden;REVIEW;lemma-mehrdeutig;;;;lemma_6118 lemma_6133;;;Gepeut dem svne des priesters so das her ouf heb die rouchvas die do ligen in der brunst vnd das fewer zu strewe hin vnd her wenne sie sint geheiligt;in den **tŏden** der svnder vnd zu hemer sie in blech vnd hefte sie an den alter do von das in in geopfert ist weirouch vnserm herren vnd geheiligt sint so das sie sie an schowen zu einem czeichen vnd zu einem gedechtnusse;Nu brachte dorvmme der priester die ereine rouchvas in den sie geopfert heten die die das anczunden hette vressen Und zu hemerte die in blech vnd hefte sie an den alter;sint geheiligt in den **tŏden** der svnder vnd zu
WZB.tei.xml;WZB_151ra_20_1;schŏpfe;schoepfe;REVIEW;lemma-kein-treffer;;;;;;;Czihet wek ous der mitte diser menige ouch nv wil ich sie vortilgen Und sie lagen ouf der erden;Do sprach czu Heb ouf das rouchvas vnd **schŏpfe** fewer von dem alter vnd lege weirouch dorouf vnd czeuch endlichen zu dem volke so das du bitest vor sie wenne yczunt ist ous gegangen der czorn von vnserm herren vnd sein pflage hat ergremset;Und do das getan hette vnd was geloufen in die mitte der menige die nv vorwuste das fewer do opferte her thimiamischen weirouch;ouf das rouchvas vnd **schŏpfe** fewer von dem alter
WZB.tei.xml;WZB_151va_25_0;Uŏr;uoer;REVIEW;lemma-kein-treffer;;;;;;;des andern tagis quam her wider vnd vant das gegrunet hett die rute in dem house vnd het gewunnen knopfel vnd ousgesprosset blute vnd ire pletir breite sie vnd entwarf sich in mandil kern;**Uŏr** trug dorvmme alle ruten von der angesichte vnsers herren zu allen k vnd sie sahen es vnd namen ycliche ire ruten;Und vnser herre sprach zu Trag wider die rute in das geczelt des geczeuknusses so das sie behalden werde zu einem czeichen der widertraczenden ERI vnd ouf horen ire clage von mir das sie icht sterben;sich in mandil kern **Uŏr** trug dorvmme alle ruten
WZB.tei.xml;WZB_152va_16_3;sŭzen;suezen;REVIEW;lemma-mehrdeutig;;;;lemma_5864 lemma_5865;;;Des lŏsunge sol werden noch einem mened funf scot silbers an dem gewichte des heiligtumes Eyn scot hat czweinczig helblinge;Aber die erste gepurt des ochsens vnd des schafes soltu nicht heissen lŏsen wenne geheiligt sint sie vnserm herren Ir blut geusse nvr ouf den alter Und die veistikeit enczunde in einem **sŭzen** ruche vnserm herren;Das vleisch vorwar an dein notdurft sol gevallen als die heilige brust vnd die rechte schulder werden sie dein;veistikeit enczunde in einem **sŭzen** ruche vnserm herren Das
WZB.tei.xml;WZB_157rb_9_4;vlŭche;vlueche;REVIEW;lemma-kein-treffer;;;;;;;Nv sante her dorvmme poten zu dem czouberer dem svne der do was wonhaft ouf dem wasser der erden so das sie im ruften vnd sprechen Sich ousgeczogen ist das volk von das bedeckit die angesicht der erden siczenden wider mich;Kvme dorvmme vnd vluche ERI dem volke das sterker ist wenne ich ob ich sie mit keinerlei siten muge geslahen vnd das ousgetreiben muge ous meinem lande Wenne ich weis das her gesegent ist wem du gesegenst vnd vorvluchet in den du **vlŭche** h houfenst;Nu czogen die alden von vnd die grosen der gepurt des landes habende der weissagunge lon in den henden Und do sie quamen zu vnd hatten im gekvndigt alle wort;vorvluchet in den du **vlŭche** h houfenst Nu czogen
WZB.tei.xml;WZB_158va_14_5;fŭrt;fuert;REVIEW;lemma-mehrdeutig;;;;lemma_7283 lemma_7324;;;Und do der kvnig geslagen hette schaf vnd rinder do sante er gabe zu vnd den fursten die mit im waren;vnd do es morgen wart do **fŭrt** er in zu Und her blickte an das eusriste teil des volkis etcetera;Und sprach zu Stifte mir siben alter vnd bereite als manch kalp vnd wider in der selben czal;es morgen wart do **fŭrt** er in zu Und
WZB.tei.xml;WZB_161rb_2_6;getŏtit;getoetit;REVIEW;lemma-kein-treffer;;;;;;;vnd wirt also wol im als seinem samen fride der ewigen priesterschaft wenne her hat geczurnet vmme seinen got vnd hat gereiniget die svnde;Aber der name des israhelisch ERI en mannes der do wart **getŏtit** mit der madianitinne was der svn furste von der magschaft vnd von dem geslechte;Vorwar das madianitische wip die mit im vorterbet wart hies die tochter des edilsten fursten von;mannes der do wart **getŏtit** mit der madianitinne was
WZB.tei.xml;WZB_173ra_5_3;vlŭchtigen;vluechtigen;REVIEW;lemma-kein-treffer;;;;;;;Gegen orient czwei tousent dovm elen werden vnd gegen mittem tage ouch czwei tovsent Vnd gegen dem mere das do sicht gegen westen wirt die selbe mas vnd das norden teil semliches cziles wirt Und die stete werden in der mitte vnd NUM ouswendig die vorstat;"Aber von den steten die ir gebt den werden sechs gesundert zu freivnge den **vlŭchtigen** so das vlihe dorczu der do vorgeuset blut Und ous gemenlich der anderr czwuvnd virczig stete;";das ist mit ein ander acht vnd vierczik mit iren vorsteten;gesundert zu freivnge den **vlŭchtigen** so das vlihe dorczu
WZB.tei.xml;WZB_173va_37_2;vlŭchtige;vluechtige;REVIEW;lemma-kein-treffer;;;;;;;vnd wirt do geslagen von dem der do recher ist des blutes an schuld wirt der der in vorterbit;Wenne es solde der **vlŭchtige** vncz bis ERI an den tot des bischoues in der stat sein gesessen Aber wenne der selbe stirbet so sol der man slechtige wider keren in sein erde;Dise werden ewige vnd eliche recht in allen ewern wonungen;Wenne es solde der **vlŭchtige** vncz bis ERI an
WZB.tei.xml;WZB_178ra_10_1;enpflŭhe;enpfluehe;REVIEW;lemma-kein-treffer;;;;;;;an das vich DEUTRO das zu teile wart den roubenden vnd die schindunge der stete die wir viengen;Uon der gegent die do ist ouf dem vber der bach das in dem tal ist gestiftet vncz bis zu was kein dorf noch kein stat die vnsern henden **enpflŭhe** Unser herregot gab sie vns alle;an die erde der zu der czoge wir nicht vnd zu allem dem das do leit vmme die bach vnd steten vnd pergen vnd zu allen enden von den vns werte vnser herre got etcetera͛;stat die vnsern henden **enpflŭhe** Unser herregot gab sie
WZB.tei.xml;WZB_179ra_13_2;grŏse;groese;REVIEW;pos-mehrdeutig;;;grôz;lemma_2534;ADJ ADV GRA NOM;;Und vnsern herren bat ich in den selben czeiten sprechende;Herre got du hast an gehaben deinem knechte zv czeigen deine **grŏse** vnd deine gar starcke hant Wenne kein ander got ist weder in dem himel noch in der erden der do muge getvn deine werck vnd sich gegleichen deiner sterke;Dorvmme czihe ich vnd sehe dise gar gute erde vber den vnd edlen perck vnd den libanischen perck;knechte zv czeigen deine **grŏse** vnd deine gar starcke
WZB.tei.xml;WZB_179ra_22_1;czŭrnte;czuernte;REVIEW;lemma-kein-treffer;;;;;;;Dorvmme czihe ich vnd sehe dise gar gute erde vber den vnd edlen perck vnd den libanischen perck;Und der herre **czŭrnte** mir durch euch noch enhorte mich svnder er sprach zu mir Genvg sei dir mit nichte furbas rede mit mir von disem dinge;Steig ouf die hŏe des pergis vnd deine ougen fure vmme gegen westen vnd gegen norden vnd gegen zuden vnd gegen ŏsten sich wenne nicht czihen wirstu vber disen;perck Und der herre **czŭrnte** mir durch euch noch
WZB.tei.xml;WZB_179ra_31_0;ŏsten;oesten;REVIEW;pos-mehrdeutig;;;ôsten;lemma_4449;ADV NOM;;Und der herre czŭrnte mir durch euch noch enhorte mich svnder er sprach zu mir Genvg sei dir mit nichte furbas rede mit mir von disem dinge;Steig ouf die hŏe des pergis vnd deine ougen fure vmme gegen westen vnd gegen norden vnd gegen zuden vnd gegen **ŏsten** sich wenne nicht czihen wirstu vber disen;Svnder gepent vnd creftige in vnd sterck in Wenne her wirt vorczihen disem volke vnd wirt in tei NOMIUS len die erde die du wirst sehen;gegen zuden vnd gegen **ŏsten** sich wenne nicht czihen
WZB.tei.xml;WZB_179vb_18_2;gleichnŭsse;gleichnuesse;REVIEW;lemma-kein-treffer;;;;;;;das ir leicht icht euch betrogen machet ein gesnicztes gleichnusse oder eines mannes pilde oder eines weibes;oder allirlei **gleichnŭsse** des vihes die do sint ouf der erden oder vogel vnder dem himel des gevŏgels;oder krichender tir die sich ruren in der erden oder vische die do wonen vnder der erden in den wassern;eines weibes oder allirlei **gleichnŭsse** des vihes die do
WZB.tei.xml;WZB_179vb_21_2;gevŏgels;gevoegels;REVIEW;lemma-kein-treffer;;;;;;;das ir leicht icht euch betrogen machet ein gesnicztes gleichnusse oder eines mannes pilde oder eines weibes;oder allirlei gleichnŭsse des vihes die do sint ouf der erden oder vogel vnder dem himel des **gevŏgels**;oder krichender tir die sich ruren in der erden oder vische die do wonen vnder der erden in den wassern;vnder dem himel des **gevŏgels** oder krichender tir die
WZB.tei.xml;WZB_180ra_8_5;czŭge;czuege;REVIEW;lemma-kein-treffer;;;;;;;Aber euch hat genvmen der herre vnd hat euch ous gefurt ous dem eisereinen ofen DEUTRO der so das hette ein erblich volk als es ist in dem gegenwortigen tage;Und czornig ist der herre gegen mir durch ewer rede vnd hat gesworn so das ich nicht czihe vber den noch ein **czŭge** in die gar gute erde die her euch wil geben;Secht ich sterbe in diser erden nicht werde ich czihen vber den Ir werdet dor vberczihen vnd werdet besiczen die ersame erde;vber den noch ein **czŭge** in die gar gute
WZB.tei.xml;WZB_180va_33_2;wŏstest;woestest;REVIEW;lemma-kein-treffer;;;;;;;abgot gemachet habe so das es ein czihe Und hub ouf eyn geslechte von den heiden mit vorsuchunge vnd mit czeichen vnd mit wundern vnd mit streite vnd mit starcker hant vnd ouf gerackten armen vnd vorchtlichen gesichten noch allem dem das getan hat vmme euch vnser herre got in das es gesehen haben deine ougen;so das du **wŏstest** wenne der herre der ist got vnd kein anderr ist wenne der eine;von himel hat her gemacht dich horen seine stimme so das NOMIUS er dich lerte Und in der erden hat her dir geczeiget sein gar groses gut Und hast gehort seine wort ous der mitte des fewers;ougen so das du **wŏstest** wenne der herre der
WZB.tei.xml;WZB_180vb_29_6;ŏstenischen;oestenischen;REVIEW;lemma-kein-treffer;;;;;;;Behute sein gepot vnd seine potschaft die ich dir gepite so das dir wol sei vnd deinen kindern noch dir vnd bleibest vil czeit ouf der erden die dein herre gote dir wirt geben;Do svnderte drei stete vber den gegen dem **ŏstenischen** teile;so das zu vluhe der do nicht wŏllende der sluge seinen nehsten noch sein veint nicht wer gewesen so das her eines tages oder des andern zu einer diser stete mochte enpflihen;vber den gegen dem **ŏstenischen** teile so das zu
WZB.tei.xml;WZB_180vb_31_0;wŏllende;woellende;REVIEW;lemma-kein-treffer;;;;;;;Do svnderte drei stete vber den gegen dem ŏstenischen teile;so das zu vluhe der do nicht **wŏllende** der sluge seinen nehsten noch sein veint nicht wer gewesen so das her eines tages oder des andern zu einer diser stete mochte enpflihen;in der wustenunge die DEUTRO do ist gestiftet in der veldunge erden von dem geslechte Und in dem lande die do ist in dem geslechte Und in dem lande die do ist in dem geslechte;vluhe der do nicht **wŏllende** der sluge seinen nehsten
WZB.tei.xml;WZB_181ra_9_3;geczeuknŭsse;geczeuknuesse;REVIEW;lemma-kein-treffer;;;;;;;Das ist die e die vorgelegt hat vor;Und das die **geczeuknŭsse** vnd die elichen recht vnd ouch die gerichte die er hat gesprochen zu do sie ous czogen von;vber den in dem tal gegen dem tempel in der erden des kvnigs der der do wonte zu den do slug Und die ous geczogen waren von;vor Und das die **geczeuknŭsse** vnd die elichen recht
WZB.tei.xml;WZB_181va_37_0;rŭ;rue;REVIEW;lemma-mehrdeutig;;;;lemma_4937 lemma_5034;;;Sechs tage soltu wirken vnd tvn alle deine werck;Der sibende ist der tag der veier das ist **rŭ** deines herren gotes N NOMIUS Nichtesnicht werkis tu an im du vnd deine svne vnd deine tochter vnd deine knechte vnd deine meid vnd dein ochse vnd dein esil vnd alle dein vich vnd der pilgereim der do ist czwischen deinen pforten Und dein knecht rŭ vnd dein mait also wol als du;Gedenke das du ouch selbir gedienet hast in Und das dich ous gefurt hat von danne dein herre got in starcker hant vnd in ouf geraktem arme Dorvmme hat her dir gepoten das du behieldest den veier tak;der veier das ist **rŭ** deines herren gotes N
WZB.tei.xml;WZB_181vb_9_3;rŭ;rue;REVIEW;lemma-mehrdeutig;;;;lemma_4937 lemma_5034;;;Sechs tage soltu wirken vnd tvn alle deine werck;Der sibende ist der tag der veier das ist rŭ deines herren gotes N NOMIUS Nichtesnicht werkis tu an im du vnd deine svne vnd deine tochter vnd deine knechte vnd deine meid vnd dein ochse vnd dein esil vnd alle dein vich vnd der pilgereim der do ist czwischen deinen pforten Und dein knecht **rŭ** vnd dein mait also wol als du;Gedenke das du ouch selbir gedienet hast in Und das dich ous gefurt hat von danne dein herre got in starcker hant vnd in ouf geraktem arme Dorvmme hat her dir gepoten das du behieldest den veier tak;pforten Und dein knecht **rŭ** vnd dein mait also
WZB.tei.xml;WZB_182vb_27_6;hŭte;huete;REVIEW;lemma-mehrdeutig;;;;lemma_2863 lemma_2939 lemma_2942 lemma_2962 lemma_2963;;;vnd wirst essen vnd wirst gesetet;so **hŭte** d dich vleissiclich das du icht vorgessest deines herren gotis der dich ous gefurt hat ous der von dem house des dienstes Deinen herren got soltu vorchten vnd im alleine dienen Und bei seinem namen soltu sweren;Nicht sult ir geen noch den DEUTRO vremden goten aller heiden die in ewerm vmmeringe sint;vnd wirst gesetet so **hŭte** d dich vleissiclich das
WZB.tei.xml;WZB_183ra_36_2;pŏse;poese;REVIEW;pos-mehrdeutig;;;bœse;lemma_788;ADJ ADV GRA NOM;;sprich zu im knechte ware wir zu vnd ous gefurt hat vns vnser herre von in starcker hant;V Und tat czeichen vnd grose wunder vnd **pŏse** zu NOMIUS gegen vnd allem seinem house in vnser angesicht;Und furte vns von danne so das her vns ein furte vnd gebe vns die erde vber die her gesworn hat vnsern vetern;vnd grose wunder vnd **pŏse** zu NOMIUS gegen vnd
WZB.tei.xml;WZB_183va_12_3;vorbrŭet;vorbrueet;REVIEW;lemma-kein-treffer;;;;;;;wenne sie betrenget deinen svn das her mir icht noch volge vnd das mer diene vremden goten vnd erczurnet w wirt der grimme des herren vnd vortilget dich endlichn;Svnder vil lieber sult ir yn das tvn Ire alter die kere vmme Und zu brich ire seulen vnd ire welde vorhowe vnd ire pilde **vorbrŭet**;wenne du bist ein heiliges volk deinem herren gote Dich hat erwelt dein herre gote so das du im seist ein erblich volk ous allen volken die do sint ouf der erden;vorhowe vnd ire pilde **vorbrŭet** wenne du bist ein
WZB.tei.xml;WZB_184vb_12_0;ŏlgerten;oelgerten;REVIEW;lemma-kein-treffer;;;;;;;wenne dein herre got wirt dich ein furen in die gute erde die erde der vlusse vnd der wasser vnd der brvnne in der velden vnd pergen ous dringen die wasser;erde getreides vnd gersten vnd der weingerten in der veigen vnd granat opfel vnd **ŏlgerten** wachsen erde des oles vnd des honigs;do du an allen gebrechen issest dein brot vnd aller dinge vbervlussicheit gebrouchest des steine eisen sint vnd ous des pergen eres ein man grebt;vnd granat opfel vnd **ŏlgerten** wachsen erde des oles
WZB.tei.xml;WZB_185ra_29_5;wŏsten;woesten;REVIEW;lemma-kein-treffer;;;;;;;vnd dein furer ist gewesen in der wustenunge vnd vorchtlicher in der natern waren bruende mit blasen vnd scorpion vnd durst necerl Vnd gar nichtesnicht wassers Der do ous furte gar clare wasser ous den steinen;vnd speiste euch mit himel brote in der wustenunge das nicht **wŏsten** deine veter Und do her dich gepflagte vnd vorsuchte zu leczte erbarmte er sich dein;das du icht sprechest in deinem herczen meine k craft vnd die stercke meiner hant haben mir das alles NOMIUS gereichet;der wustenunge das nicht **wŏsten** deine veter Und do
WZB.tei.xml;WZB_186va_3_7;vorstŏre;vorstoere;REVIEW;lemma-kein-treffer;;;;;;;Und ich lage vor dem herren virczig tag vnd virczig nacht in den ich in vlehelichen bat das er euch icht vortilgte als her hette DEUTRO gedroet;Und betende sprach ich Herre got nicht **vorstŏre** dein volk vnd dein erbe das du hast erledigt in deiner grose die du hast ous gefurt in starcker hant;Gedenke deiner diener vnd Nicht sich an die hertikeit dicz volkes vnd ir posheit vnd ir svnde;ich Herre got nicht **vorstŏre** dein volk vnd dein
WZB.tei.xml;WZB_188vb_33_6;Czustŏret;czustoeret;REVIEW;lemma-kein-treffer;;;;;;;Keret vmme alle stete der erden die ir besiczen werdet in der die heiden haben angepetet ire gote ouf den hoen pergen vnd hubeln vnd vnder allem czweigechten holcze;Czu reisset ire alter v vnd zu brechet ire seulen vnd die welde mit fewer vorbruet vnd ire abtgote zu slahet **Czustŏret** ire namen von ienen steten;Nicht wert ir tvn also ewerm gote;ire abtgote zu slahet **Czustŏret** ire namen von ienen
WZB.tei.xml;WZB_190ra_10_3;vorstŏret;vorstoeret;REVIEW;lemma-kein-treffer;;;;;;;Behalt vnd hŏre alles das ich dir gepite so das dir wol sei vnd deinen kindern noch dir ewiclichen Wenne du tust das gut vnd beheglich ist in der deines herren gotes;Wenne dein herre got **vorstŏret** vor deinen ougen die heiden zu den du ein czeuhest sie zu besiczen vnd besiczest sie vnd ouch wonest in irr erden;hute das du in icht noch volgst dor nach wenne du ein czihende sie werden vmme gekart Und suchest ire elichen recht sprechende Recht als gedienet haben die heiden irn gŏten vnd also wil ich dienen;Wenne dein herre got **vorstŏret** vor deinen ougen die
WZB.tei.xml;WZB_191va_13_6;tŏdlink;toedlink;REVIEW;lemma-kein-treffer;;;;;;;alles das reine ist das esset;welches ein **tŏdlink** ist von dem sult ir nicht essen Dem pilgereime gib das der do ist czwischen deinen pforten so das her das esse oder vorkoufe yms wenne du bist deines herren heiliges volk Nicht koche das czickel in der milch seiner muter;Das czehende teil soltu svndern von allen deinen fruchten die do wachsen in der erden durch ycliche iare;das esset welches ein **tŏdlink** ist von dem sult
WZB.tei.xml;WZB_197va_32_2;grŏsern;groesern;REVIEW;lemma-kein-treffer;;;;;;;enne funden wirt in deiner erden die dein herre got dir wirt geben eines erslagen menschen leichnam vnd vnbekant ist der schuldige des mordes;so sullen ous geen die **grŏsern** der gepurt vnd deine richter vnd suln die verre tragen von der stat des toten yclicher stete vm vnd vmme;vnd welche sie die nehste vor den andern NOMIUS sehen sein der selben stat eldisten sullen ouf heben ein kalp von den rindern die noch nicht hat geczogen das ioch noch die erde zu rissen mit der pflukschar;sullen ous geen die **grŏsern** der gepurt vnd deine
WZB.tei.xml;WZB_202rb_8_2;grŏsers;groesers;REVIEW;pos-mehrdeutig;;;grôz;lemma_2534;ADJ ADV GRA NOM;;zu hant sneide ir abe die hant noch hab kein barmherczikeit vber sie;Nicht soltu haben in dem sacke mancherlei gewichte ein **grŏsers** vnd ein minners;Noch nicht schol sein ein grŏserr schŏffil vnd ein minnerr in deinem house;sacke mancherlei gewichte ein **grŏsers** vnd ein minners Noch
WZB.tei.xml;WZB_202rb_10_2;grŏserr;groeserr;REVIEW;lemma-kein-treffer;;;;;;;Nicht soltu haben in dem sacke mancherlei gewichte ein grŏsers vnd ein minners;Noch nicht schol sein ein **grŏserr** schŏffil vnd ein minnerr in deinem house;Gewichte soltu haben gerechtis vnd warhaftis vnd ein gleicher schŏffil sol dir sein vnd ein warhaftir so das du lebist vil czeit in der erden die dein herre got dir wirt geben;nicht schol sein ein **grŏserr** schŏffil vnd ein minnerr
WZB.tei.xml;WZB_202rb_10_3;schŏffil;schoeffil;REVIEW;lemma-kein-treffer;;;;;;;Nicht soltu haben in dem sacke mancherlei gewichte ein grŏsers vnd ein minners;Noch nicht schol sein ein grŏserr **schŏffil** vnd ein minnerr in deinem house;Gewichte soltu haben gerechtis vnd warhaftis vnd ein gleicher schŏffil sol dir sein vnd ein warhaftir so das du lebist vil czeit in der erden die dein herre got dir wirt geben;schol sein ein grŏserr **schŏffil** vnd ein minnerr in
WZB.tei.xml;WZB_202rb_14_1;schŏffil;schoeffil;REVIEW;lemma-kein-treffer;;;;;;;Noch nicht schol sein ein grŏserr schŏffil vnd ein minnerr in deinem house;Gewichte soltu haben gerechtis vnd warhaftis vnd ein gleicher **schŏffil** sol dir sein vnd ein warhaftir so das du lebist vil czeit in der erden die dein herre got dir wirt geben;wenne vnser herre vor vnmenschet den der das tut Und hasset alle vngerechtikeit;warhaftis vnd ein gleicher **schŏffil** sol dir sein vnd
WZB.tei.xml;WZB_205va_19_4;Ŏlgerten;oelgerten;REVIEW;lemma-kein-treffer;;;;;;;W weingerten wirstu pflanczen vnd graben vnd den weyn wirstu nicht trinken noch wirst von im nichtesnicht lesen wenne her wirt vorwustet mit wurmet;**Ŏlgerten** wirstu haben in alle deinen creissen vnd wirst dich nicht salben do mite wenne sie werden ab nemen vnd vorterben;Svne wirstu gepern vnd tŏchter vnd wirst ir keinen vrumen nemen wenne sie werden gefurt in die gevenknusse;wirt vorwustet mit wurmet **Ŏlgerten** wirstu haben in alle
WZB.tei.xml;WZB_206vb_2_5;hŏlczern;hoelczern;REVIEW;lemma-kein-treffer;;;;;;;Und als vor vnser herre gesprochen hat vber euch wol tuende euch vnd euch merende also wirt her sich vrewen zu strewende euch vnd vmmekerende so das ir ouf gehaben werdet von der erden zu der du ein czeuhest sie zu besiczen;Czu strewen wirt dich vnser herre in alle volk von der hŏe der erden vncz bis an ir ende Und dienen wirstu den fremden goten die ouch du nicht NOMIUS en weist vnd deine vetir **hŏlczern** vnd steinen;Und in den selben heiden wirstu nicht rasten noch wirt keine rue deinen fuztriten wenne geben wirt dir do vnser herre got ein vorchtsames hercze vnd ab nemende ougen vnd ein sele mit betrubsal vorczeret;weist vnd deine vetir **hŏlczern** vnd steinen Und in
WZB.tei.xml;WZB_207ra_22_0;wŏstet;woestet;REVIEW;lemma-kein-treffer;;;;;;;Gefurt hab ich euch durch die wustenunge vierczig iar nicht sint vortorben ewer gewant noch die schu ewerr fuze vor alder sint nicht vorczert;Brot habt ir nicht gessen Wein vnd gemachten trank habt ir nicht getrunken so das ir **wŏstet** wenne her ist ewer herre got;Und ir quamet an dise stat Und ous czoch der kvnig von vnd der kvnig von fuz loufende enkegen zu streit Und slugen sie;getrunken so das ir **wŏstet** wenne her ist ewer
WZB.tei.xml;WZB_210va_6_0;Ŏret;oeret;REVIEW;lemma-kein-treffer;;;;;;;Nu redte dorvmme DEUTRO moyses horende aller sammenunge di wort dicz gesanges vncz bis zu dem ende volbracht er das;**Ŏret** ir himel was ich rede hŏre die erde die wort meines mvndes;Wachse in einen regen mein lere vliesse als der taw mein gekose als ein gerigen ouf die wurcz vnd als die tropfen ouf das gras;ende volbracht er das **Ŏret** ir himel was ich
WZB.tei.xml;WZB_210va_30_4;geschŏpfet;geschoepfet;REVIEW;lemma-kein-treffer;;;;;;;Gesvndigt haben sie im vnd nicht sint sie seine kinder die do sint in svnden Die pose geperunge vnd die vorkarte;was wider gibstu vnserm herren du torechtis volk vnd du vnweises Ist her nv nicht dein vater der dich besessen hat vnd gemacht vnd **geschŏpfet**;Gedenke der alden tage vnd betrachte ein ycliche geperunge Urage deinen vater vnd der wirt dir kvndigen deine grosern vnd die werden sprechen zu dir;hat vnd gemacht vnd **geschŏpfet** Gedenke der alden tage
WZB.tei.xml;WZB_210vb_27_5;czigenpŏcke;czigenpoecke;REVIEW;lemma-kein-treffer;;;;;;;In saczte her ouf die hoe erde so das her eese die fruchte der ekker vnd suge das honik ous dem steine vnd ol von dem herten velse;die putter von dem rinde vnd die milch von den schafen mit der veistikeit der lemmer vnd der wider der kinder Und die **czigenpŏcke** mit dem marcke des weiczes vnd trvnken das allir cleriste blut der weintrouben;Gemestet ist mein leber vnd hat wider kalczet gemestet geveistet vnd geweitet Vorlasen hat her got seinen schepfer vnd ist wek geczogen von DEUTRO gote seinem heile;der kinder Und die **czigenpŏcke** mit dem marcke des
WZB.tei.xml;WZB_211va_28_3;nŏten;noeten;REVIEW;lemma-mehrdeutig;;;;lemma_4400 lemma_4416;;;Und werden sprechen Wo sint ire gote in die sie hoffenunge hatten;von der opfertiren sie assen die veistikeit vnd trvnken irn opfer wein Ouf steen si vnd helfen euch vnd beschirmen euch in ewern **nŏten**;Sehet das ich bin alleine vnd kein ander got ist an mich Ich tote vnd mache wider leben ich slahe vnd heile vnd keiner ist der ous meiner hant muge werden erledigt;beschirmen euch in ewern **nŏten** Sehet das ich bin
WZB.tei.xml;WZB_212vb_16_7;ŏpfiln;oepfiln;REVIEW;lemma-kein-treffer;;;;;;;von den opfiln der fruchte der svnnen vnd des manen;vnd von dem wirbel der alden perge Uon den **ŏpfiln** der ewigen hubel;vnd von den fruchten der erden vnd von irr volkumenheit des selben segens der in dem fewereinen pusche erschein kvm ouf houbt vnd ouf den wirbel des nazareers vnder seinen brudern;alden perge Uon den **ŏpfiln** der ewigen hubel vnd
WZB.tei.xml;WZB_213ra_5_0;hŏrde;hoerde;REVIEW;pos-mehrdeutig;;;hœren;lemma_2885;INJ NOM VRB;;Und zu sprach her Vrewe dich in deiner ousvart vnd in deinen geczelden;Die volk werden sie rufen zu dem perge vnd aldo werden sie opfern opfer DEUTRO tir der gerechticheit die den vbergus des meres als milch werden sougen vnd die vorporgin **hŏrde** des sandes;Und zu sprach her Gesegent sei in der breite als ein lebe hat her gerast Gevangen hat stercke vnd hoe;sougen vnd die vorporgin **hŏrde** des sandes Und zu
WZB.tei.xml;WZB_215ra_11_4;sŏler;soeler;REVIEW;lemma-kein-treffer;;;;;;;Und do man die pforten zu slos in der vinster vnd iene die giengen mit ein ander ous nicht weis ich wo sie hin sein gegangen Czihet in noch endlich vnd ir wert sie begreifen;Sie aber hies die man ouf steigen in den **sŏler** ires houses vnd bedakte sie mit stuppeln die aldo waren;Die aber die do gesant waren czogen in noch durch den wek der do geet zu dem vorte des Und do iene ous quamen zu hant wart die pforte vorslossen;ouf steigen in den **sŏler** ires houses vnd bedakte
WZB.tei.xml;WZB_216ra_22_5;hŏen;hoeen;REVIEW;lemma-kein-treffer;;;;;;;vnd sprach zu den priestern Hebet ouf die arche des frides vnsers herren vnd geet vor vor dem volke;Und vnser her re sprach zu Heute wil ich an heben dich zu **hŏen** vor allem volke von so das sie wissen als ich mit bin gewesen vnd also bin ich mit dir;Du aber gepeute den priestern die do tragen di arche des frides vnd sprich zu yn Wenne ir ein gegeet ein teil in das wasser des so steet dorinne;an heben dich zu **hŏen** vor allem volke von
WZB.tei.xml;WZB_217ra_17_0;vŏrchten;voerchten;REVIEW;lemma-mehrdeutig;;;;lemma_7201 lemma_7298;;;Und vierczig tousent streitender durch ire scharen vnd spiczen czugen sie ouff der ebenunge vnd velden der stat;An dem selben tage groste vnser herre vor allem so das si in **vŏrchten** als sie vorchten IOSUE do her dennoch lebte;vnd sprach zu im;so das si in **vŏrchten** als sie vorchten IOSUE
WZB.tei.xml;WZB_217rb_20_3;ŏstnischen;oestnischen;REVIEW;lemma-kein-treffer;;;;;;;Und do si ouf waren gestigen ous dem tragende die arche des frides vnsers herren Und die trukken erde begonden zu treten do karten die wasser wider in iren stram vnd vlussen als sie vor heten gepflogen;Aber das volk steige von dem an dem czehenden tage des ersten menedis vnd legerten sich zu gegen dem **ŏstnischen** teile der stat;Und die czwelf steine die sie ous dem vlusse des heten genvmen die legte zu;sich zu gegen dem **ŏstnischen** teile der stat Und
WZB.tei.xml;WZB_221va_15_5;vŏrchtende;voerchtende;REVIEW;lemma-kein-treffer;;;;;;;Do das ersach der kvnig do eilte her vru vnd czoch ous mit allem here der stat vnd furt die spicze gegen der wuftenunge Und woste nicht das hinder im vorholn lag die hute;vorwar vnd alles wichen von der stat vnd erczeigten sich **vŏrchtende** vnd vlohen durch den wek der wustenunge;Und dise schreiende mit ein ander vnd sich an ein ander reiczende volgten in nach Und do sie geczogen von der stat;stat vnd erczeigten sich **vŏrchtende** vnd vlohen durch den
WZB.tei.xml;WZB_225vb_14_0;nŏrdnischen;noerdnischen;REVIEW;lemma-kein-treffer;;;;;;;O dise dink horte der kvnic do sante her zu dem kvnige vnd dem kvnige vnd czu dem kvnige;vnd zu den **nŏrdnischen** kvnigen die do wonten in den gepirgen vnd in der ebenunge gegen mittem tage ceneroth vnd in den veldungen vnd in den reichen bei dem mer;Und von ŏsten vnd von westin Und den vnd den vnd den vnd den ouf den pergen vnd den der do wonte an den gevellen des pergis in der erden;kvnige vnd zu den **nŏrdnischen** kvnigen die do wonten
WZB.tei.xml;WZB_226ra_14_4;ŏstnischen;oestnischen;REVIEW;lemma-kein-treffer;;;;;;;Und quame vnd alles her mit im wider iene zu den wassern endlich vnd vil vber sie;Und vnser herre gab die in die hende Die slugen sie vnd noch volgten yn bis czu der grosen stat vnd czu den wassern zu vnd zu dem velde das do ist in seinem **ŏstnischen** teile Also slug her sie alle so das her ous yn keine bleiblinge lies;Und tat als im vnser herre hette gepoten Ire ros entedir IOSUE te her vnd ire wegen vorbrante her;do ist in seinem **ŏstnischen** teile Also slug her
WZB.tei.xml;WZB_226vb_14_0;ŏstnisches;oestnisches;REVIEW;lemma-kein-treffer;;;;;;;dorvmme vienk alle die erde als vnser herre het geredt zu IOSUE vnd gab sie zu einer besiczvnge noch iren geslechten vnd noch iren teilen Und die erde wart geruet von streiten etcetera;as sint die kvnige vnd die geslechte die geslagen habn vnd haben besessen ire erden vber den gegen der svnnen ouf gank Uon der bach vncz bis zu dem perge Und alles **ŏstnisches** teil das do sicht gegen der wustenunge;der kvnic der der do wonte zu hat geherschit von die do gestiftet ist ouf dem vber der pach e IOSUE vnd des halben teiles in dem tal vnd halp des pergis galaad v vncz bis zu der bach der do ist ein creis der kinder;dem perge Und alles **ŏstnisches** teil das do sicht
WZB.tei.xml;WZB_234vb_2_1;ŏstnischen;oestnischen;REVIEW;lemma-kein-treffer;;;;;;;Und si saczten die stat czu ouf dem perge vnd ouf dem perge Und das ist ouf dem perge;v Und vber den gegen IOSUE dem **ŏstnischen** teile saczten sie die do gelegen ist in der veltlichen wustenunge von dem geslechte Und zu von dem geslechte Und indem lande von dem geslechte;Dise stete sint gesaczt vnd den nevkvmen die do wonten vnder yn so das vluhe zu in welcher do vnwissende het geslagen einen menschen vnd nicht sturbe in der hant des nehsten begerende das vorgossen blut zu rechen vncz bis her gestunde vor dem volke ouslegende seine sache etcetera;den gegen IOSUE dem **ŏstnischen** teile saczten sie die
WZB.tei.xml;WZB_239ra_18_0;pŏze;poeze;REVIEW;lemma-kein-treffer;;;;;;;Nu dorvmme vorchtet den herren vnd dienet im mit volkumenem vnd warhaftigem herczen vnd tut hin die gote den do gedienet haben ewer veter zu vnd in vnd dient dem herren;Ist aber das euch das **pŏze** dunket so das ir dem herren dienet willekur gibt man euch Erwelet euch heute wem ir allerliebste dienen sullet entweder den goten den ewer veter gedienet haben zu oder den gŏten der in der erden ir wonet Aber ich vnd mein hous wollen dienem dem herren;Und das volk antworte vnd sprach Ab sei von vns so das wir lasen den herren vnd dienen fremden goten;aber das euch das **pŏze** dunket so das ir
