schreibung;lemma;tokens;vorgeschlagenes_ziel;befund;beleg;quelle
erstlinge;lemma_2;19;;[klar] 'die erstlinge der gaben', 'erstlinge irr fruchte': ein Wort mit eigener Bedeutung (Erstlinge). lemma_2 abc ist kein Lemma dafür. Im Bestand fehlt ein Lemma êrstelinc/erstling (Suche nach erstel, erstlin: keine Treffer), ein neues Lemma wäre nötig (Weg wie #115).;'m rechten • von , wenne es sint die [erstlinge] vnd die anevenge | von den geduldig' (WZB_85vb_16_4);WZB-Belege, Lexikonsuche in lexicon.xml
humeral;lemma_2;13;;[klar] 'das humeral vnd das racional': priesterliches Schulterkleid. lemma_2 abc ist kein Lemma dafür, im Bestand fehlt ein Lemma humeral (Suche: keine Treffer).;'vnd oniknien steine , zu cziren das [humeral] | vnd das racional vnd machen mir e' (WZB_79va_12_0);WZB-Belege, Lexikonsuche in lexicon.xml
numeri;lemma_2;11;;[klar] Buchtitel 'Numeri' (4. Mosebuch) in Kapitelverweisen. lemma_2 abc ist kein Lemma dafür, ein Lemma Numeri (NAM) fehlt, lemma_46299 numerus ist das lateinische Gemeinwort und kein Name.;'rde buch der bucher , das gnant ist [Numeri] vnd ist also vil gesprochen zu deut' (WZB_130ra_32_1);WZB-Belege, Lexikonsuche in lexicon.xml
hebreer;lemma_2;9;;[klar] 'den hebreer', 'czwen hebreer': Volksname. lemma_2 abc ist kein Lemma dafür, ein passendes Lemma ist im Bestand nicht gefunden (Suche: hebre, ebrê, ebræ ohne Treffer).;'der entran vnd kundigte ł das , dem [hebreer] , der do wonte in dem tal des amorr' (WZB_13ra_7_3);WZB-Belege, Lexikonsuche in lexicon.xml
keuchel;lemma_2;9;;[klar] 'czwu turkiltouben oder czwei touben keuchel': junge Tauben. lemma_2 abc ist kein Lemma dafür, ein Lemma kiuchel fehlt (lemma_34189 Kuchel ist ein Name).;'• Bindende an den wein garten sein [keuchel] | vnd an den weinstok , o mein svn' (WZB_51vb_13_2);WZB-Belege, Lexikonsuche in lexicon.xml
ber;lemma_2;7;;[klar] Die 7 Belege sind Satzteile oder Namensfragmente ('etcetera ber hin zu giengen' = a-ber mit abgesetztem Anfangsbuchstaben, 'GEN ber lebte' = Eber): Fehlsegmentierung unter dem Sammellemma abc, kein eigenes Wort.;'e W W W W W W W W GEN [ber] lebte , noch dem vnd er geperte , d' (WZB_11ra_2_0);WZB-Belege, Lexikonsuche in lexicon.xml
ostnischen;lemma_2;7;;[klar] 'dem ostnischen teile': östlich. lemma_2 abc ist kein Lemma dafür. Im Bestand fehlt ein Lemma ôstenisch, lemma_4449 ôsten ist das Orts-Adverb.;'er die stat , die do ist bei in dem [ostnischen] teile der gegent , vnd sprach zu yn' (WZB_219va_33_2);WZB-Belege, Lexikonsuche in lexicon.xml
be;lemma_2;6;;[klar] Abgetrenntes Präfix ('be suchet', 'be huten', 'be geet'): Getrenntschreibung des Handschriftentexts, kein eigenes Wort. Das Token gehört mit seinem Folgetoken zusammen, die Fehlsegmentierung ist ein Fall für die Tokenkorrektur (#235), nicht für einen Variantentyp.;'ubte | vnd horten , das vnser herre [be] suchet hette vnd hette an gesehen i' (WZB_57va_11_5);WZB-Belege, Lexikonsuche in lexicon.xml
nichtenicht;lemma_2;6;;[klar] 'Mit nichtenicht gebt in furbas spreu': 'auf keinen Fall'. lemma_2 abc ist kein Lemma dafür, ein Lemma nihtesniht fehlt im Bestand (Suche: keine Treffer).;'hern des volkes vnd sprecht : • Mit [nichtenicht] gebt in furbas spreu zu machen die' (WZB_57vb_11_7);WZB-Belege, Lexikonsuche in lexicon.xml
leuitischen;lemma_2;6;;[klar] 'des leuitischen geslechtes': Adjektiv zu Levit. lemma_2 abc ist kein Lemma dafür, ein Lemma für 'levitisch' fehlt im Bestand.;'erte im . • Das sint di fursten des [leuitischen] gesindes durch ire geslechte . • Da' (WZB_59ra_22_2);WZB-Belege, Lexikonsuche in lexicon.xml
abscheidunge;lemma_2;6;;[klar] 'in den tagen irr abscheidunge': Absonderung (Menstruation). lemma_2 abc ist kein Lemma dafür, ein Lemma abescheidunge fehlt im Bestand, lemma_21371 abescheiden ist das Verb und ändert die Wortart.;'uf erhebunge | vnd die schulder der [abscheidunge] habe ich genomen von von iren frids' (WZB_105rb_5_2);WZB-Belege, Lexikonsuche in lexicon.xml
schupen;lemma_2;6;lemma_11597;[klar] 'vlossen vnd schupen' (WZB_109ra_6_0) sind Flossen und Schuppen der Fische nach Lev 11: schuope. lemma_2 abc ist das Sammellemma für nicht lemmatisierte Wörter. lemma_11597 schuope führt die Form ausserhalb der WZB einmal.;"'n; alles das do hat vlossen | vnd ł [schupen] , | also wol in dem mere als in den' (WZB_109ra_6_0)";WZB-Belege, Lexikonsuche in lexicon.xml
stakten;lemma_2;6;lemma_5738;[wahrscheinlich] 'stakten ire geczelt' (WZB_155vb_34_2): sie schlugen ihre Zelte auf, Präteritum zu stecken. lemma_5738 stecken steht im Bestand.;"'purge; noch dem wort vnsers herren [stakten] sie die geczelt | vnd noch seinem w' (WZB_142ra_19_1)";WZB-Belege, Lexikonsuche in lexicon.xml
nen;lemma_2;5;;[klar] Wortfragment aus Zeilenumbruch ('ei¬ nen holczweig' = einen, 'zu wei - SIS nen' = weinen): kein eigenes Wort.;'IS czu im an dem abent tragende ei¬ [nen] holczweig mit grunen bletern in dem' (WZB_8vb_3_0);WZB-Belege, Lexikonsuche in lexicon.xml
ner;lemma_2;5;;[klar] Wortfragment aus Zeilenumbruch ('mey e e GENE ner stymme' = meiner, 'dei ner knechte' = deiner): kein eigenes Wort.;'bist gehorsam gewesen mey e e GENE [ner] stymme . • Und karte wider zu seine' (WZB_20ra_2_0);WZB-Belege, Lexikonsuche in lexicon.xml
dei;lemma_2;5;;[klar] Wortfragment aus Zeilenumbruch ('dei ner knechte', 'dei SIS nes vaters' = deines, deiner): kein eigenes Wort.;'huldigen ? Got hat funden die sunde [dei] ner knechte . • Sich alle sei wir k' (WZB_46va_23_5);WZB-Belege, Lexikonsuche in lexicon.xml
wanczen;lemma_2;5;;[klar] 'secht, do wurden wanczen an dem vihe': Wanzen. lemma_2 abc ist kein Lemma dafür, ein Lemma wanze fehlt im Bestand (lemma_9028 wanz ist ein Pronomen).;'h den stoup der erden | vnd so sint [wanczen] in aller . • Und sie taten also • U' (WZB_60vb_18_0);WZB-Belege, Lexikonsuche in lexicon.xml
sowerteig;lemma_2;5;;[klar] 'sol nicht sowerteig sein in ewern heusern': Sauerteig. lemma_2 abc ist kein Lemma dafür, ein Lemma sûrteic fehlt im Bestand.;'. • An dem ersten tage so sol nicht [sowerteig] sein in ewern heusern . • Welcher g' (WZB_65ra_17_2);WZB-Belege, Lexikonsuche in lexicon.xml
pilgereimet;lemma_2;5;;[klar] 'der do bei euch pilgereimet': Verb 'als Fremder weilen'. lemma_2 abc ist kein Lemma dafür, ein Verblemma bilgerîmen fehlt (lemma_706 bilgerîm ist das Substantiv).;'vnd dem bovman , | der do bei euch [pilgereimet] . • Und die kinder W W W W W' (WZB_66rb_35_0);WZB-Belege, Lexikonsuche in lexicon.xml
gepitunge;lemma_2;5;lemma_45356;[klar] 'die gepitunge vnsers herren', 'vorsmehte die gepitunge ewers herren': Gebot, Befehl. lemma_45356 gebietunge steht im Bestand.;'das tust , so wirstu volbrengen die [gepitunge] vnsers herren | vnd sein gepot mach' (WZB_73ra_35_3);WZB-Belege, Lexikonsuche in lexicon.xml
vbirdecken;lemma_2;5;lemma_46787;[klar] 'in den vbirdecken, die do werden gemachet dem geczelt': Zeltdecken. Das Singular vbirdecke steht in der WZB bei lemma_46787 überdecke.;'allen . • Das aber vbrig ist in den [vbirdecken] , die do werden gemachet dem vbirda' (WZB_81rb_3_2);WZB-Belege, Lexikonsuche in lexicon.xml
henge;lemma_2;5;lemma_2758;[klar] Alle 5 Belege sind Imperative von hengen ('henge an die vingerlein', 'henge vor die arche', 'henge sie an gelgen'). lemma_2 abc trägt kein Wort, lemma_2758 hengen steht im Bestand.;'schŏne mancherlei geworcht . | den [henge] vor vier seulen von sethimischen ho' (WZB_81vb_12_4);WZB-Belege, Lexikonsuche in lexicon.xml
gegossens;lemma_2;5;lemma_2392;[klar] 'ein gegossens kalp': Partizip zu giezen. lemma_2392 giezen steht im Bestand.;'iessendem werke | vnd machte in ein [gegossens] kalp . • Und sie sprachen : • Das s' (WZB_88va_12_1);WZB-Belege, Lexikonsuche in lexicon.xml
vorsaczes;lemma_2;5;;[klar] 'mit broten des vorsaczes': Schaubrote. lemma_2 abc ist kein Lemma dafür, ein Lemma vürsaz fehlt im Bestand.;'n vnd mit gevese , | mit broten des [vorsaczes] , • Ein leuchter , liecht zu tragen' (WZB_92vb_7_7);WZB-Belege, Lexikonsuche in lexicon.xml
gewurmeltem;lemma_2;5;;[klar] 'von purpir vnd von gewurmeltem': Scharlach. lemma_2 abc ist kein Lemma dafür, ein Lemma gewürmelt fehlt im Bestand.;'iacincten vnd von purpir v vnd von [gewurmeltem] vnd von pfelle czwir gebleichet • m' (WZB_94va_13_2);WZB-Belege, Lexikonsuche in lexicon.xml
vlossen;lemma_2;5;lemma_33284;[klar] 'alles das do hat vlossen vnd schupen' (WZB_109ra_5_4): Flossen. lemma_33284 vlozze ist das Lemma für 'Flosse'.;"'czimlich zu essen; alles das do hat [vlossen] | vnd ł schupen , | also wol in dem' (WZB_109ra_5_4)";WZB-Belege, Lexikonsuche in lexicon.xml
levitici;lemma_2;5;lemma_27649;[wahrscheinlich] 'xii levitici LEUITICUS': Genitiv des Buchtitels Leviticus in Kapitelverweisen. lemma_27649 Leviticus (NAM) steht im Bestand.;'das do kreuchet ouf der erden , xii [levitici] LEUITICUS wirt euch vnrein , | noch' (WZB_110ra_2_0);WZB-Belege, Lexikonsuche in lexicon.xml
vorgebunge;lemma_2;5;lemma_44185;[klar] 'ewerr svnden vorgebunge vnd reinigunge': Vergebung. lemma_44185 vergebunge steht im Bestand.;'. • An dem tage ł wirt ewerr svnden [vorgebunge] vnd reinigunge . • Uon allen ł ewer' (WZB_116vb_4_3);WZB-Belege, Lexikonsuche in lexicon.xml
iacincteinen;lemma_2;5;lemma_3088;[wahrscheinlich] 'iacincteinen mantil': hyazinthfarben, Adjektiv auf -ein zum Stoff iacint (dieselbe Bildung wie silberein und seideinen). lemma_3088 jâchant steht im Bestand und führt iacincten.;'e | vnd spannen dorvber den ganczen [iacincteinen] mantil vnd stosen ein die rigel vnd' (WZB_133sva_6_0);WZB-Belege, Lexikonsuche in lexicon.xml
vorvluchten;lemma_2;5;lemma_7007;[klar] 'die vorvluchten wasser': Partizip zu vervluochen. lemma_7007 steht im Bestand.;'n bouch , zu reise . • Ein geen die [vorvluchten] wasser in deinen bouch • Und dein b' (WZB_135vb_23_7);WZB-Belege, Lexikonsuche in lexicon.xml
silbereines;lemma_2;5;lemma_5476;[wahrscheinlich] 'ein silbereines trinkvas': Adjektiv 'silbern'. lemma_2 abc trägt kein Wort, nächstes Lemma ist lemma_5476 silber (ADJ,NOM), wie bei silbereine und silberein.;'dreissig • vnd hundert scot , • ein [silbereines] trinkvas behaldende siben - ERI czi' (WZB_138va_20_5);WZB-Belege, Lexikonsuche in lexicon.xml
gepowet;lemma_2;5;lemma_917;[klar] 'gepowet werde die stat', 'die du nicht hast gepowet': Partizip zu bûwen. lemma_917 bûwen steht im Bestand.;'em sprichworte : • Kvmet dan zu ! | [gepowet] werde die stat . • Vewer ist komen' (WZB_156va_24_4);WZB-Belege, Lexikonsuche in lexicon.xml
richticlichen;lemma_2;5;lemma_67230;[wahrscheinlich] 'sult ir richticlichen halden', 'richticlichen veiern': Adverb 'ordnungsgemäss'. lemma_67230 rihtec führt ADV. Ein eigenes Lemma rihtecliche gibt es nicht.;'kelber , wider vnd schaf | sult ir [richticlichen] halden | vnd einen czigen pock vor' (WZB_166ra_9_1);WZB-Belege, Lexikonsuche in lexicon.xml
gemowerten;lemma_2;5;lemma_4221;[klar] 'die gemowerten stete': ummauerte Städte, Partizip zu mûren. lemma_4221 mûren steht im Bestand.;'rosen vihe • Und vnsern kindern die [gemowerten] stete . • Wir aber selber gewapent' (WZB_169vb_8_1);WZB-Belege, Lexikonsuche in lexicon.xml
poslich;lemma_2;5;lemma_788;[wahrscheinlich] 'tvn poslich in der angesichte deines herren gotis': Adverb zu bœse. lemma_788 bœse führt ADV. Ein eigenes Lemma bœslîche gibt es nicht.;'czest ire erden , svnder wenne iene [poslich] haben getan , | du ein czihende sin' (WZB_185va_15_3);WZB-Belege, Lexikonsuche in lexicon.xml
westnischen;lemma_2;5;;[klar] 'dem westnischen mer': westlich. lemma_2 abc ist kein Lemma dafür, ein Lemma westenisch fehlt im Bestand.;'dem grosen wasser | vncz bis zu dem [westnischen] mer werden di creisse ewer . • Niem' (WZB_188va_12_9);WZB-Belege, Lexikonsuche in lexicon.xml
nordnischen;lemma_2;5;;[klar] 'dem nordnischen teile': nördlich. lemma_2 abc ist kein Lemma dafür, ein Lemma nordenisch fehlt im Bestand.;'o stvnden sie gegen der stat in dem [nordnischen] teile der stat . • Und czwischen yn' (WZB_221rb_27_4);WZB-Belege, Lexikonsuche in lexicon.xml
mageschefte;lemma_2;5;lemma_22720;[klar] 'durch ire mageschefte, stete vnd ire dorfer': Sippen. Die Schwesterform mageschaft steht in der WZB bei lemma_22720 mâcschaft.;'des geslechtis der kinder durch ire [mageschefte] , stete vnd ire dorfer . • ous gega' (WZB_233rb_24_2);WZB-Belege, Lexikonsuche in lexicon.xml
te;lemma_2;4;;[klar] Wortfragment ('gewich NUM te des heiligtumes' = gewichte): kein eigenes Wort.;'vnd hundert scot an dem gewich NUM [te] des heiligtumes , beide voller semi' (WZB_138va_2_0);WZB-Belege, Lexikonsuche in lexicon.xml
st;lemma_2;4;;[klar] Wortfragment ('. st , das ein mensch'): kein eigenes Wort.;'m hout , fuz vmme fuz soltu nemen . [st] , • • das du ous czeuhest zu streit' (WZB_196va_8_0);WZB-Belege, Lexikonsuche in lexicon.xml
uii;lemma_2;3;lemma_13826;[klar] Römische Zahl VII in Kapitelzählung ('• • UII • ist die'). lemma_13826 'I' (DIG) trägt die römischen Zahlen im Korpus (884 Formen), darunter die Schwesterformen xui und xuii.;'- den mut • vnd . • • XX • [UII] aber was nv alt worden | vnd sein o' (WZB_25rb_26_9);WZB-Belege, Lexikonsuche in lexicon.xml
