schreibung;lemma;tokens;entscheidung;begruendung;quellen
tŏte;lemma_6133;10;ANLEGEN;"[klar] Entschieden an den Belegen: Lemma lemma_6133 tœten (NOM,VRB) passt in 'em du deine SIS gŏte vindest , den [tŏte] man vor ł vnsern brudern . • Suche' (WZB_31rb_2_4) und in '| der fure sie ous den purgen | vnd [tŏte] die in alles volkes angesicht vnd E' (WZB_153ra_35_4). Nächste vorhandene Variante desselben Lemmas: 'töte' (Unterschied ŏ/ö). Die normalisierte Form löst heute schon auf dieses Lemma auf; der Typ hält die Schreibung fest.";WZB-Belege (insgesamt 10): WZB_31rb_2_4, WZB_38ra_4_2, WZB_44va_20_10 | authority-files/variants.xml und lexicon.xml (Stand des Laufs)
bŏsen;lemma_788;3;ANLEGEN;"[klar] Entschieden an den Belegen: Lemma lemma_788 bœse (ADJ,ADV,GRA,NOM) passt in 'olde aber | mit nichte gehengen den [bŏsen] vnczimlichen wercken • Und sprach z' (WZB_40ra_24_4) und in 't wirt sehen keiner von leuten dicz [bŏsen] geslechtes die gute erde , | die ic' (WZB_176ra_11_1). Nächste vorhandene Variante desselben Lemmas: 'bösen' (Unterschied ŏ/ö). Die normalisierte Form löst heute schon auf dieses Lemma auf; der Typ hält die Schreibung fest.";WZB-Belege (insgesamt 3): WZB_40ra_24_4, WZB_127rb_15_6, WZB_176ra_11_1 | authority-files/variants.xml und lexicon.xml (Stand des Laufs)
in;lemma_3028;3;VERKNUEPFEN;"Der Typ existiert schon: type_10369 unter lemma_3028 in (PRP) (variants.xml). Kein neuer Typ; die Tokens ohne @corresp sind mit diesem Typ zu verknüpfen (Punkt 1). Kontext: '• Aber czogen durch EXO die trucken [in] seiner mitte . • N Nu nam dorumbe d' (WZB_69va_2_2).";WZB-Belege (insgesamt 3): WZB_69va_2_2, WZB_119rb_13_4, WZB_227ra_19_1 | authority-files/variants.xml und lexicon.xml (Stand des Laufs)
vŏr;lemma_7194;3;ANLEGEN;"[klar] Entschieden an den Belegen: Lemma lemma_7194 vor (ADV,GRA,PRP) passt in 'des meres • Und die wasser waren in [vŏr] ein mawer czu der rechten hant vnd' (WZB_68vb_14_2) und in 'den mvnt des holes | vnd furet her [vŏr] zu mir die funf kvni IOSUE ge , die' (WZB_224va_36_1). Nächste vorhandene Variante desselben Lemmas: 'vör' (Unterschied ŏ/ö). Die normalisierte Form löst heute schon auf dieses Lemma auf; der Typ hält die Schreibung fest.";WZB-Belege (insgesamt 3): WZB_68vb_14_2, WZB_129ra_15_6, WZB_224va_36_1 | authority-files/variants.xml und lexicon.xml (Stand des Laufs)
ŭmb;lemma_6422;3;ANLEGEN;"[klar] Entschieden an den Belegen: Lemma lemma_6422 umbe (ADV,PRP) passt in 'gekochte , wenne ich bin gar mude . [Ŭmb] dise geschicht wart sein GEN name g' (WZB_23vb_37_0) und in 'vorwar huffalczte mit dem fuze . • [Ŭmb] dise sache essen nicht die adern ,' (WZB_33rb_31_4). Nächste vorhandene Variante desselben Lemmas: 'ümb' (Unterschied ŭ/ü). Die normalisierte Form löst heute schon auf dieses Lemma auf; der Typ hält die Schreibung fest.";WZB-Belege (insgesamt 3): WZB_23vb_37_0, WZB_31va_3_5, WZB_33rb_31_4 | authority-files/variants.xml und lexicon.xml (Stand des Laufs)
ŭmme;lemma_6422;3;ANLEGEN;"[klar] Entschieden an den Belegen: Lemma lemma_6422 umbe (ADV,PRP) passt in 'rben vnd wirt ewer selen vorczern . [Ŭmme] sust werdet ir seen ewren samen , d' (WZB_127vb_5_0) und in 'vnd irn kvnig vnd alle starke man . [Ŭmme] geet die stat alle streitende man d' (WZB_218rb_16_0). Nächste vorhandene Variante desselben Lemmas: 'ümme' (Unterschied ŭ/ü). Die normalisierte Form löst heute schon auf dieses Lemma auf; der Typ hält die Schreibung fest.";WZB-Belege (insgesamt 3): WZB_127vb_5_0, WZB_164ra_5_4, WZB_218rb_16_0 | authority-files/variants.xml und lexicon.xml (Stand des Laufs)
bŏse;lemma_788;2;ANLEGEN;"[klar] Entschieden an den Belegen: Lemma lemma_788 bœse (ADJ,ADV,GRA,NOM) passt in 'sick vnd hundert iare vnd wenig vnd [bŏse] • Und sint nicht komen bis zu den t' (WZB_49vb_11_1) und in 'von dir allen wetagen | vnd die gar [bŏse] seuchen der , die du kennest , wirt' (WZB_184ra_14_0). Nächste vorhandene Variante desselben Lemmas: 'böse' (Unterschied ŏ/ö). Die normalisierte Form löst heute schon auf dieses Lemma auf; der Typ hält die Schreibung fest.";WZB-Belege (insgesamt 2): WZB_49vb_11_1, WZB_184ra_14_0 | authority-files/variants.xml und lexicon.xml (Stand des Laufs)
gefŭret;lemma_7283;2;ANLEGEN;"[klar] Entschieden an den Belegen: Lemma lemma_7283 vüeren (NOM,VRB) passt in 'eines houses . • Und wenne dich ein [gefŭret] dein herre got in die erde , vmme d' (WZB_182vb_15_6) und in 'r vns hat gepoten . enne • dich ein [gefŭret] dein herre got in die erde , die du' (WZB_183rb_19_2). Nächste vorhandene Variante desselben Lemmas: 'gefüret' (Unterschied ŭ/ü). Die normalisierte Form löst heute schon auf dieses Lemma auf; der Typ hält die Schreibung fest.";WZB-Belege (insgesamt 2): WZB_182vb_15_6, WZB_183rb_19_2 | authority-files/variants.xml und lexicon.xml (Stand des Laufs)
gehŏrn;lemma_2885;2;ANLEGEN;"[klar] Entschieden an den Belegen: Lemma lemma_2885 hœren (INJ,NOM,VRB) passt in 'orsein in den dingen , | die got an [gehŏrn] . | Und dise rute nim in deine hant' (WZB_57ra_6_1) und in 'nicht enwissen , | sodas sie mugen [gehŏrn] vnd vorchten iren herren gote • all' (WZB_209va_13_2). Nächste vorhandene Variante desselben Lemmas: 'gehörn' (Unterschied ŏ/ö). Die normalisierte Form löst heute schon auf dieses Lemma auf; der Typ hält die Schreibung fest.";WZB-Belege (insgesamt 2): WZB_57ra_6_1, WZB_209va_13_2 | authority-files/variants.xml und lexicon.xml (Stand des Laufs)
hŏchste;lemma_2866;2;ANLEGEN;"[klar] Entschieden an den Belegen: Lemma lemma_2866 hôch (ADJ,ADV,GRA,NOM) passt in 'vnd erden . • Und gesegent sei der [hŏchste] , der do beschirmet , wenne die vei' (WZB_13rb_3_2) und in 'e werden sprechen zu dir . • Do der [hŏchste] teilte die heiden NOMIUS vnd svnder' (WZB_210va_37_1). Nächste vorhandene Variante desselben Lemmas: 'höchste' (Unterschied ŏ/ö). Die normalisierte Form löst heute schon auf dieses Lemma auf; der Typ hält die Schreibung fest.";WZB-Belege (insgesamt 2): WZB_13rb_3_2, WZB_210va_37_1 | authority-files/variants.xml und lexicon.xml (Stand des Laufs)
hŏhsten;lemma_2866;2;ANLEGEN;"[klar] Entschieden an den Belegen: Lemma lemma_2866 hôch (ADJ,ADV,GRA,NOM) passt in 'wein , | wenne er was priester des [hŏhsten] gotis vnd gesegent im vnd sprach :' (WZB_13ra_32_4) und in 'vnd sprach : Gesegent sei von dem ł [hŏhsten] gote , der do hat geschep ESIS fet' (WZB_13ra_35_0). Nächste vorhandene Variante desselben Lemmas: 'hœhsten' (Unterschied ŏ/œ). Die normalisierte Form löst heute schon auf dieses Lemma auf; der Typ hält die Schreibung fest.";WZB-Belege (insgesamt 2): WZB_13ra_32_4, WZB_13ra_35_0 | authority-files/variants.xml und lexicon.xml (Stand des Laufs)
hŏrende;lemma_2885;2;ANLEGEN;"[klar] Entschieden an den Belegen: Lemma lemma_2885 hœren (INJ,NOM,VRB) passt in 'nd aber GENE sprach sie : • Welcher [hŏrende] geloubte des , | das seugte einen s' (WZB_18va_2_5) und in 'e von deiner mitte , | so das | das [hŏrende] die andern haben vorchte • DEUTRO v' (WZB_196rb_36_7). Nächste vorhandene Variante desselben Lemmas: 'hörende' (Unterschied ŏ/ö). Die normalisierte Form löst heute schon auf dieses Lemma auf; der Typ hält die Schreibung fest.";WZB-Belege (insgesamt 2): WZB_18va_2_5, WZB_196rb_36_7 | authority-files/variants.xml und lexicon.xml (Stand des Laufs)
hŏrn;lemma_2885;2;ANLEGEN;"[klar] Entschieden an den Belegen: Lemma lemma_2885 hœren (INJ,NOM,VRB) passt in 'ogen von diser stat . • Ich hab sie [hŏrn] sprechende : • Gee wir gegen . • cz' (WZB_37vb_30_6) und in 'Und secht , do begonde man doner zu [hŏrn] vnd plicczen begonden erschĭnen |' (WZB_74ra_6_4). Nächste vorhandene Variante desselben Lemmas: 'hörn' (Unterschied ŏ/ö). Die normalisierte Form löst heute schon auf dieses Lemma auf; der Typ hält die Schreibung fest.";WZB-Belege (insgesamt 2): WZB_37vb_30_6, WZB_74ra_6_4 | authority-files/variants.xml und lexicon.xml (Stand des Laufs)
mŏcht;lemma_4240;2;ANLEGEN;"[klar] Entschieden an den Belegen: Lemma lemma_4240 mügen (VEM,VRB) passt in 't geschehen , daz du sichst , | wie [mŏcht] ich sie gessen oder behagen gote in' (WZB_108vb_7_5) und in 'iden wirt es nicht geachtet . • Wer [mŏcht] geczelen den stoup vnd wissen die c' (WZB_159ra_11_3). Nächste vorhandene Variante desselben Lemmas: 'mücht' (Unterschied ŏ/ü). Die normalisierte Form löst heute schon auf dieses Lemma auf; der Typ hält die Schreibung fest.";WZB-Belege (insgesamt 2): WZB_108vb_7_5, WZB_159ra_11_3 | authority-files/variants.xml und lexicon.xml (Stand des Laufs)
mŏchte;lemma_4240;2;ANLEGEN;"[klar] Entschieden an den Belegen: Lemma lemma_4240 mügen (VEM,VRB) passt in '• v Worumb hastu vns das getan ? Es [mŏchte] yemant ous dem volke mit deinem wib' (WZB_24va_12_1) und in 'te , die ouf der erden nicht gegeen [mŏchte] noch ein fuztrit nicht geseczen dur' (WZB_206rb_16_3). Nächste vorhandene Variante desselben Lemmas: 'möchte' (Unterschied ŏ/ö). Die normalisierte Form löst heute schon auf dieses Lemma auf; der Typ hält die Schreibung fest.";WZB-Belege (insgesamt 2): WZB_24va_12_1, WZB_206rb_16_3 | authority-files/variants.xml und lexicon.xml (Stand des Laufs)
mŭge;lemma_4240;2;ANLEGEN;"[klar] Entschieden an den Belegen: Lemma lemma_4240 mügen (VEM,VRB) passt in 'geloubigen , • wenne ous dem steine [mŭge] wir euch ousgefuren wasser . • Und' (WZB_154va_17_4) und in 'det • vnd als wir haben gesehen vnd [mŭge] geleben . • Du mer gee hin czu | vn' (WZB_182rb_10_0). Nächste vorhandene Variante desselben Lemmas: 'müge' (Unterschied ŭ/ü). Die normalisierte Form löst heute schon auf dieses Lemma auf; der Typ hält die Schreibung fest.";WZB-Belege (insgesamt 2): WZB_154va_17_4, WZB_182rb_10_0 | authority-files/variants.xml und lexicon.xml (Stand des Laufs)
rŏte;lemma_10840;2;ANLEGEN;"[klar] Entschieden an den Belegen: Lemma lemma_10840 roete (ADJ,NOM) passt in '| wenne yczunt geet ouf die morgen [rŏte] . • Und antworte : • Ich las dich n' (WZB_33rb_9_3) und in 'die fruchte deiner erden wirt toube [rŏte] vorczeren . • Der fremde , der mit' (WZB_205va_30_2). Nächste vorhandene Variante desselben Lemmas: 'rœte' (Unterschied ŏ/œ). Die normalisierte Form löst heute schon auf dieses Lemma auf; der Typ hält die Schreibung fest.";WZB-Belege (insgesamt 2): WZB_33rb_9_3, WZB_205va_30_2 | authority-files/variants.xml und lexicon.xml (Stand des Laufs)
tŏrlichen;lemma_6117;2;ANLEGEN;"[klar] Entschieden an den Belegen: Lemma lemma_6117 tôrlich (ADJ,ADV,GRA) passt in 'meine kinder vnd meine tochter , • [Tŏrlichen] hastu getan . Und nv mag dir mein h' (WZB_31ra_22_3) und in 't sache vns zu die svnde , | di wir [tŏrlichen] habn begangen , das icht die werde' (WZB_145va_5_0). Nächste vorhandene Variante desselben Lemmas: 'törlichen' (Unterschied ŏ/ö). Die normalisierte Form löst heute schon auf dieses Lemma auf; der Typ hält die Schreibung fest.";WZB-Belege (insgesamt 2): WZB_31ra_22_3, WZB_145va_5_0 | authority-files/variants.xml und lexicon.xml (Stand des Laufs)
tŭ;lemma_6301;2;ANLEGEN;"[klar] Entschieden an den Belegen: Lemma lemma_6301 tuon (NOM,VRB) passt in 'it dem herczen gelobet hat , | also [tŭ] her zu der volkvmenheit seiner heil' (WZB_137ra_29_4) und in 'das ich sie in gebe . • Und nv , [tŭ] , das dein herre got von dir bitet' (WZB_187ra_30_8). Nächste vorhandene Variante desselben Lemmas: 'tü' (Unterschied ŭ/ü). Die normalisierte Form löst heute schon auf dieses Lemma auf; der Typ hält die Schreibung fest.";WZB-Belege (insgesamt 2): WZB_137ra_29_4, WZB_187ra_30_8 | authority-files/variants.xml und lexicon.xml (Stand des Laufs)
vor;lemma_7194;2;VERKNUEPFEN;"Der Typ existiert schon: type_25545 unter lemma_7194 vor (ADV,GRA,PRP) (variants.xml). Kein neuer Typ; die Tokens ohne @corresp sind mit diesem Typ zu verknüpfen (Punkt 1). Kontext: 'rt ir ewer veinde vnd werden vallen [vor] euch . • Jagen wer xxvi LEUITICUS d' (WZB_127rb_20_1).";WZB-Belege (insgesamt 2): WZB_127rb_20_1, WZB_135va_15_0 | authority-files/variants.xml und lexicon.xml (Stand des Laufs)
vŏrchtet;lemma_7298;2;ANLEGEN;"[klar] Entschieden an den Belegen: Lemma lemma_7298 vürhten (NOM,VRB) passt in 'de thoho EXO zu dem volke : • Nicht [vŏrchtet] euch ! • Wenne dorumbe , das euch g' (WZB_75ra_2_6) und in 'toho ? ? ? DEUTRO wort , • wenne ir [vŏrchtet] das fewer vnd stigt nicht ouf den p' (WZB_181va_2_5). Nächste vorhandene Variante desselben Lemmas: 'vruchtet' (Unterschied ŏ/-, -/u). Die normalisierte Form löst heute schon auf dieses Lemma auf; der Typ hält die Schreibung fest.";WZB-Belege (insgesamt 2): WZB_75ra_2_6, WZB_181va_2_5 | authority-files/variants.xml und lexicon.xml (Stand des Laufs)
zu;lemma_7770;2;VERKNUEPFEN;"Der Typ existiert schon: type_31260 unter lemma_7770 zuo (CNJ,PRP) (variants.xml). Kein neuer Typ; die Tokens ohne @corresp sind mit diesem Typ zu verknüpfen (Punkt 1). Kontext: 'erde noch der czal der benentnusse [zu] iren erben . • D Den meisten soltu' (WZB_162vb_9_1).";WZB-Belege (insgesamt 2): WZB_162vb_9_1, WZB_165vb_33_1 | authority-files/variants.xml und lexicon.xml (Stand des Laufs)
allen;lemma_106;1;VERKNUEPFEN;"Der Typ existiert schon: type_260 unter lemma_106 al (ADJ,ADV) (variants.xml). Kein neuer Typ; die Tokens ohne @corresp sind mit diesem Typ zu verknüpfen (Punkt 1). Kontext: 't getan disen kvnigen , also tu her [allen] reichen , zu den du czihen wirdest' (WZB_179ra_5_5b).";WZB-Belege (insgesamt 1): WZB_179ra_5_5b | authority-files/variants.xml und lexicon.xml (Stand des Laufs)
blŏde;lemma_764;1;ANLEGEN;"[klar] Entschieden an den Belegen: Lemma lemma_764 blœde (ADJ,ADV,GRA,NOM) passt in 'die minner was genant . • hete aber [blŏde] vnd trifende ougen . • was aber sch' (WZB_28rb_12_4). Nächste vorhandene Variante desselben Lemmas: 'blöde' (Unterschied ŏ/ö). Die normalisierte Form löst heute schon auf dieses Lemma auf; der Typ hält die Schreibung fest.";WZB-Belege (insgesamt 1): WZB_28rb_12_4 | authority-files/variants.xml und lexicon.xml (Stand des Laufs)
bŏser;lemma_788;1;ANLEGEN;"[klar] Entschieden an den Belegen: Lemma lemma_788 bœse (ADJ,ADV,GRA,NOM) passt in 'as leichte dir icht velschlich rate [bŏser] gedancke vnd sprechest in deinem he' (WZB_192rb_5_0). Nächste vorhandene Variante desselben Lemmas: 'bœser' (Unterschied ŏ/œ). Die normalisierte Form löst heute schon auf dieses Lemma auf; der Typ hält die Schreibung fest.";WZB-Belege (insgesamt 1): WZB_192rb_5_0 | authority-files/variants.xml und lexicon.xml (Stand des Laufs)
bŏsten;lemma_788;1;ANLEGEN;"[klar] Entschieden an den Belegen: Lemma lemma_788 bœse (ADJ,ADV,GRA,NOM) passt in 'des herczens geneiget waren zu dem [bŏsten] alle czeit • vnd berawe in , das er' (WZB_7ra_27_3). Nächste vorhandene Variante desselben Lemmas: 'bösten' (Unterschied ŏ/ö). Die normalisierte Form löst heute schon auf dieses Lemma auf; der Typ hält die Schreibung fest.";WZB-Belege (insgesamt 1): WZB_7ra_27_3 | authority-files/variants.xml und lexicon.xml (Stand des Laufs)
bŏzen;lemma_788;1;ANLEGEN;"[klar] Entschieden an den Belegen: Lemma lemma_788 bœse (ADJ,ADV,GRA,NOM) passt in 'tŏten , | wenne ich wider sage dem [bŏzen] . • Nicht nim gabe , • wenne gabe v' (WZB_77va_23_1). Nächste vorhandene Variante desselben Lemmas: 'bozen' (Unterschied ŏ/o). Die normalisierte Form löst heute schon auf dieses Lemma auf; der Typ hält die Schreibung fest.";WZB-Belege (insgesamt 1): WZB_77va_23_1 | authority-files/variants.xml und lexicon.xml (Stand des Laufs)
cetera;lemma_33125;1;VERKNUEPFEN;"Der Typ existiert schon: type_172354 unter lemma_33125 ceterus (ADJ,ADV) (variants.xml). Kein neuer Typ; die Tokens ohne @corresp sind mit diesem Typ zu verknüpfen (Punkt 1). Kontext: 'vnd erloste sie . • et cetera • et [cetera] • • • • aber hute der schaf , seine' (WZB_55rb_23_13b).";WZB-Belege (insgesamt 1): WZB_55rb_23_13b | authority-files/variants.xml und lexicon.xml (Stand des Laufs)
czoch;lemma_7861;1;VERKNUEPFEN;"Der Typ existiert schon: type_95154 unter lemma_7861 ziehen (NOM,VRB) (variants.xml). Kein neuer Typ; die Tokens ohne @corresp sind mit diesem Typ zu verknüpfen (Punkt 1). Kontext: 'nt mensch aller der stat . • vorwar [czoch] nicht zu im die hant , die her in d' (WZB_222ra_19_2b).";WZB-Belege (insgesamt 1): WZB_222ra_19_2b | authority-files/variants.xml und lexicon.xml (Stand des Laufs)
czŭgen;lemma_7861;1;ANLEGEN;"[klar] Entschieden an den Belegen: Lemma lemma_7861 ziehen (NOM,VRB) passt in 'f stunde wir dorvmme , | so das wir [czŭgen] vber die bach vnd quamen dor czu .' (WZB_177ra_5_7). Nächste vorhandene Variante desselben Lemmas: 'czügen' (Unterschied ŭ/ü). Die normalisierte Form löst heute schon auf dieses Lemma auf; der Typ hält die Schreibung fest.";WZB-Belege (insgesamt 1): WZB_177ra_5_7 | authority-files/variants.xml und lexicon.xml (Stand des Laufs)
den;lemma_1119;1;VERKNUEPFEN;"Der Typ existiert schon: type_3506 unter lemma_1119 der (ART) (variants.xml). Kein neuer Typ; die Tokens ohne @corresp sind mit diesem Typ zu verknüpfen (Punkt 1). Kontext: 'en kelbern vnd zu den widern vnd zu [den] schafen sult ir halden . • Und eine' (WZB_165vb_33_1b).";WZB-Belege (insgesamt 1): WZB_165vb_33_1b | authority-files/variants.xml und lexicon.xml (Stand des Laufs)
einem;lemma_1331;1;VERKNUEPFEN;"Der Typ existiert schon: type_4321 unter lemma_1331 ein (ART,NUM) (variants.xml). Kein neuer Typ; die Tokens ohne @corresp sind mit diesem Typ zu verknüpfen (Punkt 1). Kontext: 's in einen morser vnd cochte das ī [einem] topfe | vnd machte dorous k kucheli' (WZB_143vb_10_4b).";WZB-Belege (insgesamt 1): WZB_143vb_10_4b | authority-files/variants.xml und lexicon.xml (Stand des Laufs)
einfŭren;lemma_46217;1;ANLEGEN;"[klar] Entschieden an den Belegen: Lemma lemma_46217 învüeren (PRP,VRB) passt in 'r , die du kennest , wirt her nicht [einfŭren] dir , | svnder alle deinen veinden' (WZB_184ra_15_6). Nächste vorhandene Variante desselben Lemmas: 'einfüren' (Unterschied ŭ/ü). Die normalisierte Form löst heute schon auf dieses Lemma auf; der Typ hält die Schreibung fest.";WZB-Belege (insgesamt 1): WZB_184ra_15_6 | authority-files/variants.xml und lexicon.xml (Stand des Laufs)
er;lemma_1517;1;VERKNUEPFEN;"Der Typ existiert schon: type_4999 unter lemma_1517 er (POS,PRO) (variants.xml). Kein neuer Typ; die Tokens ohne @corresp sind mit diesem Typ zu verknüpfen (Punkt 1). Kontext: 'hette | schaf vnd rinder , do sante [er] gabe zu vnd den fursten , die mit i' (WZB_158va_11_5).";WZB-Belege (insgesamt 1): WZB_158va_11_5 | authority-files/variants.xml und lexicon.xml (Stand des Laufs)
euch;lemma_56117;1;VERKNUEPFEN;"Der Typ existiert schon: type_304773 unter lemma_56117 ir (POS,PRO) (variants.xml). Kein neuer Typ; die Tokens ohne @corresp sind mit diesem Typ zu verknüpfen (Punkt 1). Kontext: 'r ewer veinde vnd werden vallen vor [euch] . • Jagen wer xxvi LEUITICUS den fu' (WZB_127rb_20_1b).";WZB-Belege (insgesamt 1): WZB_127rb_20_1b | authority-files/variants.xml und lexicon.xml (Stand des Laufs)
gabe;lemma_1839;1;VERKNUEPFEN;"Der Typ existiert schon: type_81477 unter lemma_1839 gâbe (NOM) (variants.xml). Kein neuer Typ; die Tokens ohne @corresp sind mit diesem Typ zu verknüpfen (Punkt 1). Kontext: 'te | schaf vnd rinder , do sante er [gabe] zu vnd den fursten , die mit im war' (WZB_158va_11_5b).";WZB-Belege (insgesamt 1): WZB_158va_11_5b | authority-files/variants.xml und lexicon.xml (Stand des Laufs)
gehŏrt;lemma_2885;1;ANLEGEN;"[klar] Entschieden an den Belegen: Lemma lemma_2885 hœren (INJ,NOM,VRB) passt in ', | ous genomen des , das zu essen [gehŏrt] | vnd halden sult ir oster brot , •' (WZB_65ra_27_3). Nächste vorhandene Variante desselben Lemmas: 'gehört' (Unterschied ŏ/ö). Die normalisierte Form löst heute schon auf dieses Lemma auf; der Typ hält die Schreibung fest.";WZB-Belege (insgesamt 1): WZB_65ra_27_3 | authority-files/variants.xml und lexicon.xml (Stand des Laufs)
geprŭfet;lemma_4744;1;ANLEGEN;"[klar] Entschieden an den Belegen: Lemma lemma_4744 prüeven (NOM,VRB) passt in 'mitte des few̆ers | vnd haben heute [geprŭfet] , das redende got mit dem menschen' (WZB_182ra_17_4). Nächste vorhandene Variante desselben Lemmas: 'geprüfet' (Unterschied ŭ/ü). Die normalisierte Form löst heute schon auf dieses Lemma auf; der Typ hält die Schreibung fest.";WZB-Belege (insgesamt 1): WZB_182ra_17_4 | authority-files/variants.xml und lexicon.xml (Stand des Laufs)
getŏtten;lemma_6133;1;ANLEGEN;"[klar] Entschieden an den Belegen: Lemma lemma_6133 tœten (NOM,VRB) passt in 'vnd tvnke die alle in das blut des [getŏtten] sperlinges • Und in den lebendigen' (WZB_114ra_17_6). Nächste vorhandene Variante desselben Lemmas: 'getötten' (Unterschied ŏ/ö). Die normalisierte Form löst heute schon auf dieses Lemma auf; der Typ hält die Schreibung fest.";WZB-Belege (insgesamt 1): WZB_114ra_17_6 | authority-files/variants.xml und lexicon.xml (Stand des Laufs)
got;lemma_2465;1;VERKNUEPFEN;"Der Typ existiert schon: type_8253 unter lemma_2465 got (NOM) (variants.xml). Kein neuer Typ; die Tokens ohne @corresp sind mit diesem Typ zu verknüpfen (Punkt 1). Kontext: 'nserm herren vnd sprachen : • Herre [got] erhore das geschrei dicz volkis | v' (WZB_154rb_14_4b).";WZB-Belege (insgesamt 1): WZB_154rb_14_4b | authority-files/variants.xml und lexicon.xml (Stand des Laufs)
gote;lemma_2465;1;VERKNUEPFEN;"Der Typ existiert schon: type_8254 unter lemma_2465 got (NOM) (variants.xml). Kein neuer Typ; die Tokens ohne @corresp sind mit diesem Typ zu verknüpfen (Punkt 1). Kontext: '• Und vrewet euch vor ewerm herren [gote] . • Und veiern sult ir seine hochcz' (WZB_124rb_8_4b).";WZB-Belege (insgesamt 1): WZB_124rb_8_4b | authority-files/variants.xml und lexicon.xml (Stand des Laufs)
grŏslich;lemma_2536;1;ANLEGEN;"[klar] Entschieden an den Belegen: Lemma lemma_2536 grôzlich (ADJ,ADV) passt in '• Und ich wil machen dich wachsende [grŏslich] | vnd wil dich seczen in ge slechte' (WZB_14va_13_4). Nächste vorhandene Variante desselben Lemmas: 'gröslich' (Unterschied ŏ/ö). Die normalisierte Form löst heute schon auf dieses Lemma auf; der Typ hält die Schreibung fest.";WZB-Belege (insgesamt 1): WZB_14va_13_4 | authority-files/variants.xml und lexicon.xml (Stand des Laufs)
grŏsseren;lemma_2534;1;ANLEGEN;"[klar] Entschieden an den Belegen: Lemma lemma_2534 grôz (ADJ,ADV,GRA,NOM) passt in 'die veter aller kinder , bruder des [grŏsseren] . • Dicz sint die kinder : vnd vnd' (WZB_10rb_9_3). Nächste vorhandene Variante desselben Lemmas: 'grosseren' (Unterschied ŏ/o). Die normalisierte Form löst heute schon auf dieses Lemma auf; der Typ hält die Schreibung fest.";WZB-Belege (insgesamt 1): WZB_10rb_9_3 | authority-files/variants.xml und lexicon.xml (Stand des Laufs)
grŏze;lemma_2534;1;ANLEGEN;"[klar] Entschieden an den Belegen: Lemma lemma_2534 grôz (ADJ,ADV,GRA,NOM) passt in 'orchtet euch ! • Stet vnd secht die [grŏze] der wunder vnsers herren , | die he' (WZB_68ra_14_3). Nächste vorhandene Variante desselben Lemmas: 'grôze' (Unterschied ŏ/ô). Die normalisierte Form löst heute schon auf dieses Lemma auf; der Typ hält die Schreibung fest.";WZB-Belege (insgesamt 1): WZB_68ra_14_3 | authority-files/variants.xml und lexicon.xml (Stand des Laufs)
her;lemma_1517;1;VERKNUEPFEN;"Der Typ existiert schon: type_78594 unter lemma_1517 er (POS,PRO) (variants.xml). Kein neuer Typ; die Tokens ohne @corresp sind mit diesem Typ zu verknüpfen (Punkt 1). Kontext: 'e hat getan disen kvnigen , also tu [her] allen reichen , zu den du czihen wi' (WZB_179ra_5_5).";WZB-Belege (insgesamt 1): WZB_179ra_5_5 | authority-files/variants.xml und lexicon.xml (Stand des Laufs)
herre;lemma_2684;1;VERKNUEPFEN;"Der Typ existiert schon: type_9039 unter lemma_2684 herre (NOM) (variants.xml). Kein neuer Typ; die Tokens ohne @corresp sind mit diesem Typ zu verknüpfen (Punkt 1). Kontext: 'n zu vnserm herren vnd sprachen : • [Herre] got erhore das geschrei dicz volkis' (WZB_154rb_14_4).";WZB-Belege (insgesamt 1): WZB_154rb_14_4 | authority-files/variants.xml und lexicon.xml (Stand des Laufs)
herren;lemma_2684;1;VERKNUEPFEN;"Der Typ existiert schon: type_9040 unter lemma_2684 herre (NOM) (variants.xml). Kein neuer Typ; die Tokens ohne @corresp sind mit diesem Typ zu verknüpfen (Punkt 1). Kontext: 'pechen • Und vrewet euch vor ewerm [herren] gote . • Und veiern sult ir seine h' (WZB_124rb_8_4).";WZB-Belege (insgesamt 1): WZB_124rb_8_4 | authority-files/variants.xml und lexicon.xml (Stand des Laufs)
hŏher;lemma_2866;1;ANLEGEN;"[klar] Entschieden an den Belegen: Lemma lemma_2866 hôch (ADJ,ADV,GRA,NOM) passt in 'Funfczehen dovmelen was das wasser [hŏher] vber die perge , die es hett bedack' (WZB_8ra_35_0). Nächste vorhandene Variante desselben Lemmas: 'höher' (Unterschied ŏ/ö). Die normalisierte Form löst heute schon auf dieses Lemma auf; der Typ hält die Schreibung fest.";WZB-Belege (insgesamt 1): WZB_8ra_35_0 | authority-files/variants.xml und lexicon.xml (Stand des Laufs)
hŏrent;lemma_2885;1;ANLEGEN;"[klar] Entschieden an den Belegen: Lemma lemma_2885 hœren (INJ,NOM,VRB) passt in 't bekvmmert wesen , • Das sie gerne [hŏrent] lesen • Oder selber lesen , den wil' (WZB_1vb_25_3). Nächste vorhandene Variante desselben Lemmas: 'hörent' (Unterschied ŏ/ö). Die normalisierte Form löst heute schon auf dieses Lemma auf; der Typ hält die Schreibung fest.";WZB-Belege (insgesamt 1): WZB_1vb_25_3 | authority-files/variants.xml und lexicon.xml (Stand des Laufs)
ir;lemma_56117;1;VERKNUEPFEN;"Der Typ existiert schon: type_304747 unter lemma_56117 ir (POS,PRO) (variants.xml). Kein neuer Typ; die Tokens ohne @corresp sind mit diesem Typ zu verknüpfen (Punkt 1). Kontext: 't in liep als euch selber , | wenne [ir] seit ouch gewesen nev komen in . •' (WZB_119va_21_2b).";WZB-Belege (insgesamt 1): WZB_119va_21_2b | authority-files/variants.xml und lexicon.xml (Stand des Laufs)
ire;lemma_5454;1;VERKNUEPFEN;"Der Typ existiert schon: type_82542 unter lemma_5454 sie (POS,PRO) (variants.xml). Kein neuer Typ; die Tokens ohne @corresp sind mit diesem Typ zu verknüpfen (Punkt 1). Kontext: '• vnd in dem seiner kinder secze er [ire] teil . • Nu was dorv̆mme vnser herr' (WZB_219va_16_0).";WZB-Belege (insgesamt 1): WZB_219va_16_0 | authority-files/variants.xml und lexicon.xml (Stand des Laufs)
iren;lemma_5454;1;VERKNUEPFEN;"Der Typ existiert schon: type_82545 unter lemma_5454 sie (POS,PRO) (variants.xml). Kein neuer Typ; die Tokens ohne @corresp sind mit diesem Typ zu verknüpfen (Punkt 1). Kontext: 'de noch der czal der benentnusse zu [iren] erben . • D Den meisten soltu das g' (WZB_162vb_9_1b).";WZB-Belege (insgesamt 1): WZB_162vb_9_1b | authority-files/variants.xml und lexicon.xml (Stand des Laufs)
mŏrser;lemma_26724;1;ANLEGEN;"[klar] Entschieden an den Belegen: Lemma lemma_26724 morsære (NOM,VRB) passt in 'fer der heilikeit , • Einen guldein [mŏrser] von czehen scoten voller weihrouche' (WZB_137vb_12_4). Nächste vorhandene Variante desselben Lemmas: 'mörser' (Unterschied ŏ/ö). Die normalisierte Form löst heute schon auf dieses Lemma auf; der Typ hält die Schreibung fest.";WZB-Belege (insgesamt 1): WZB_137vb_12_4 | authority-files/variants.xml und lexicon.xml (Stand des Laufs)
mŭgen;lemma_4240;1;ANLEGEN;"[klar] Entschieden an den Belegen: Lemma lemma_4240 mügen (VEM,VRB) passt in 'r dem tode des bischofes mit nichte [mŭgen] gekeren wider in ir stete . • Nicht' (WZB_173vb_17_2). Nächste vorhandene Variante desselben Lemmas: 'mügen' (Unterschied ŭ/ü). Die normalisierte Form löst heute schon auf dieses Lemma auf; der Typ hält die Schreibung fest.";WZB-Belege (insgesamt 1): WZB_173vb_17_2 | authority-files/variants.xml und lexicon.xml (Stand des Laufs)
pŏsem;lemma_788;1;ANLEGEN;"[klar] Entschieden an den Belegen: Lemma lemma_788 bœse (ADJ,ADV,GRA,NOM) passt in 'inen ougen , | das ich mit also vil [pŏsem] icht werde gepeinigt . • Und vnser' (WZB_144ra_8_3). Nächste vorhandene Variante desselben Lemmas: 'pösem' (Unterschied ŏ/ö). Die normalisierte Form löst heute schon auf dieses Lemma auf; der Typ hält die Schreibung fest.";WZB-Belege (insgesamt 1): WZB_144ra_8_3 | authority-files/variants.xml und lexicon.xml (Stand des Laufs)
pŏser;lemma_788;1;ANLEGEN;"[klar] Entschieden an den Belegen: Lemma lemma_788 bœse (ADJ,ADV,GRA,NOM) passt in 's vnd dorrens vnd lechczens vnd mit [pŏser] luft | vnd mit touben sat | vnd die' (WZB_205ra_5_2). Nächste vorhandene Variante desselben Lemmas: 'pöser' (Unterschied ŏ/ö). Die normalisierte Form löst heute schon auf dieses Lemma auf; der Typ hält die Schreibung fest.";WZB-Belege (insgesamt 1): WZB_205ra_5_2 | authority-files/variants.xml und lexicon.xml (Stand des Laufs)
schŏnes;lemma_5280;1;ANLEGEN;"[klar] Entschieden an den Belegen: Lemma lemma_5280 schœne (ADJ,ADV,GRA,NOM) passt in 'gar hett er das bevoln . • aber was [schŏnes] antliczes vnd czirlicher angesicht' (WZB_40ra_19_2). Nächste vorhandene Variante desselben Lemmas: 'schœnes' (Unterschied ŏ/œ). Die normalisierte Form löst heute schon auf dieses Lemma auf; der Typ hält die Schreibung fest.";WZB-Belege (insgesamt 1): WZB_40ra_19_2 | authority-files/variants.xml und lexicon.xml (Stand des Laufs)
schŏnste;lemma_5280;1;ANLEGEN;"[klar] Entschieden an den Belegen: Lemma lemma_5280 schœne (ADJ,ADV,GRA,NOM) passt in 'sprich zu in : • Ist , das ir das [schŏnste] vnd das peste opfert , ous des czeh' (WZB_153ra_6_9). Nächste vorhandene Variante desselben Lemmas: 'schönste' (Unterschied ŏ/ö). Die normalisierte Form löst heute schon auf dieses Lemma auf; der Typ hält die Schreibung fest.";WZB-Belege (insgesamt 1): WZB_153ra_6_9 | authority-files/variants.xml und lexicon.xml (Stand des Laufs)
schŭten;lemma_5328;1;ANLEGEN;"[klar] Entschieden an den Belegen: Lemma lemma_5328 schüten (NOM,VRB) passt in 'n die aschen von der ku vnd sol sie [schŭten] ouserhalb den purgen an ein gar rei' (WZB_153va_5_4). Nächste vorhandene Variante desselben Lemmas: 'schüten' (Unterschied ŭ/ü). Die normalisierte Form löst heute schon auf dieses Lemma auf; der Typ hält die Schreibung fest.";WZB-Belege (insgesamt 1): WZB_153va_5_4 | authority-files/variants.xml und lexicon.xml (Stand des Laufs)
seiner;lemma_1517;1;VERKNUEPFEN;"Der Typ existiert schon: type_86291 unter lemma_1517 er (POS,PRO) (variants.xml). Kein neuer Typ; die Tokens ohne @corresp sind mit diesem Typ zu verknüpfen (Punkt 1). Kontext: 'ber czogen durch EXO die trucken in [seiner] mitte . • N Nu nam dorumbe die weis' (WZB_69va_2_2b).";WZB-Belege (insgesamt 1): WZB_69va_2_2b | authority-files/variants.xml und lexicon.xml (Stand des Laufs)
sie;lemma_5454;1;VERKNUEPFEN;"Der Typ existiert schon: type_19044 unter lemma_5454 sie (POS,PRO) (variants.xml). Kein neuer Typ; die Tokens ohne @corresp sind mit diesem Typ zu verknüpfen (Punkt 1). Kontext: 'sie zu dem priester • vnd opfer vor [sie] das czehende teil gersteines meles' (WZB_135va_15_0b).";WZB-Belege (insgesamt 1): WZB_135va_15_0b | authority-files/variants.xml und lexicon.xml (Stand des Laufs)
slŭgen;lemma_5525;1;ANLEGEN;"[klar] Entschieden an den Belegen: Lemma lemma_5525 slahen (NOM,VRB) passt in 'g von vnd alles sein volk | vnd wir [slŭgen] sie vncz bis in die vorderbnusse ,' (WZB_178ra_32_6). Nächste vorhandene Variante desselben Lemmas: 'slügen' (Unterschied ŭ/ü). Die normalisierte Form löst heute schon auf dieses Lemma auf; der Typ hält die Schreibung fest.";WZB-Belege (insgesamt 1): WZB_178ra_32_6 | authority-files/variants.xml und lexicon.xml (Stand des Laufs)
stŭrben;lemma_5752;1;ANLEGEN;"[klar] Entschieden an den Belegen: Lemma lemma_5752 sterben (NOM,VRB) passt in 'stu vns ous gefurt von , so das wir [stŭrben] in der wustenunge ? • Brotes ist ni' (WZB_155vb_8_0). Nächste vorhandene Variante desselben Lemmas: 'stürben' (Unterschied ŭ/ü). Die normalisierte Form löst heute schon auf dieses Lemma auf; der Typ hält die Schreibung fest.";WZB-Belege (insgesamt 1): WZB_155vb_8_0 | authority-files/variants.xml und lexicon.xml (Stand des Laufs)
sŭzem;lemma_5864;1;ANLEGEN;"[klar] Entschieden an den Belegen: Lemma lemma_5864 süeʒe (ADJ,ADV,GRA,NOM) passt in 'opfern • thoho bz de e NUM zu einem [sŭzem] ruche vnserm herren . • Wenne du ab' (WZB_148va_2_2). Nächste vorhandene Variante desselben Lemmas: 'süzem' (Unterschied ŭ/ü). Die normalisierte Form löst heute schon auf dieses Lemma auf; der Typ hält die Schreibung fest.";WZB-Belege (insgesamt 1): WZB_148va_2_2 | authority-files/variants.xml und lexicon.xml (Stand des Laufs)
teil;lemma_6041;1;VERKNUEPFEN;"Der Typ existiert schon: type_21278 unter lemma_6041 teil (NOM) (variants.xml). Kein neuer Typ; die Tokens ohne @corresp sind mit diesem Typ zu verknüpfen (Punkt 1). Kontext: 'd in dem seiner kinder secze er ire [teil] . • Nu was dorv̆mme vnser herre mit' (WZB_219va_16_0b).";WZB-Belege (insgesamt 1): WZB_219va_16_0b | authority-files/variants.xml und lexicon.xml (Stand des Laufs)
trovme;lemma_6239;1;VERKNUEPFEN;"Der Typ existiert schon: type_99490 unter lemma_6239 troum (NOM) (variants.xml). Kein neuer Typ; die Tokens ohne @corresp sind mit diesem Typ zu verknüpfen (Punkt 1). Kontext: 't ir in vogiln czoubern , | noch in [trovme] gelouben . • Ir sult nicht scheible' (WZB_119rb_13_4b).";WZB-Belege (insgesamt 1): WZB_119rb_13_4b | authority-files/variants.xml und lexicon.xml (Stand des Laufs)
tŏtest;lemma_6133;1;ANLEGEN;"[klar] Entschieden an den Belegen: Lemma lemma_6133 tœten (NOM,VRB) passt in '| das du das dink tust , | das du [tŏtest] den gerechten • ł mit dem vngerecht' (WZB_16ra_6_5). Nächste vorhandene Variante desselben Lemmas: 'totest' (Unterschied ŏ/o). Die normalisierte Form löst heute schon auf dieses Lemma auf; der Typ hält die Schreibung fest.";WZB-Belege (insgesamt 1): WZB_16ra_6_5 | authority-files/variants.xml und lexicon.xml (Stand des Laufs)
tŏttest;lemma_6133;1;ANLEGEN;"[klar] Entschieden an den Belegen: Lemma lemma_6133 tœten (NOM,VRB) passt in 'vnd mit honigseim , | so das du vns [tŏttest] in der wŭstenunge vnd wurdest vber' (WZB_149vb_17_7). Nächste vorhandene Variante desselben Lemmas: 'töttest' (Unterschied ŏ/ö). Die normalisierte Form löst heute schon auf dieses Lemma auf; der Typ hält die Schreibung fest.";WZB-Belege (insgesamt 1): WZB_149vb_17_7 | authority-files/variants.xml und lexicon.xml (Stand des Laufs)
vorwar;lemma_8989;1;VERKNUEPFEN;"Der Typ existiert schon: type_80294 unter lemma_8989 vürwâr (ADV) (variants.xml). Kein neuer Typ; die Tokens ohne @corresp sind mit diesem Typ zu verknüpfen (Punkt 1). Kontext: 'f tousent mensch aller der stat . • [vorwar] czoch nicht zu im die hant , die he' (WZB_222ra_19_2).";WZB-Belege (insgesamt 1): WZB_222ra_19_2 | authority-files/variants.xml und lexicon.xml (Stand des Laufs)
vŏrcht;lemma_7298;1;ANLEGEN;"[klar] Entschieden an den Belegen: Lemma lemma_7298 vürhten (NOM,VRB) passt in 'vorkouft xlv GENE habt in . • Nicht [vŏrcht] euch , | noch laset euch das nicht' (WZB_47va_2_5). Nächste vorhandene Variante desselben Lemmas: 'vürcht' (Unterschied ŏ/ü). Die normalisierte Form löst heute schon auf dieses Lemma auf; der Typ hält die Schreibung fest.";WZB-Belege (insgesamt 1): WZB_47va_2_5 | authority-files/variants.xml und lexicon.xml (Stand des Laufs)
wenne;lemma_7385;1;VERKNUEPFEN;"Der Typ existiert schon: type_31024 unter lemma_7385 wan (ADV,CNJ) (variants.xml). Kein neuer Typ; die Tokens ohne @corresp sind mit diesem Typ zu verknüpfen (Punkt 1). Kontext: 'nd habt in liep als euch selber , | [wenne] ir seit ouch gewesen nev komen in .' (WZB_119va_21_2).";WZB-Belege (insgesamt 1): WZB_119va_21_2 | authority-files/variants.xml und lexicon.xml (Stand des Laufs)
wŭrden;lemma_7489;1;ANLEGEN;"[klar] Entschieden an den Belegen: Lemma lemma_7489 werden (VEX,VRB) passt in 'rochen habt , | so das sie gevangen [wŭrden] gefurt , • vnd ew̆er svne , die heu' (WZB_176ra_31_0). Nächste vorhandene Variante desselben Lemmas: 'wrden' (Unterschied ŭ/-). Die normalisierte Form löst heute schon auf dieses Lemma auf; der Typ hält die Schreibung fest.";WZB-Belege (insgesamt 1): WZB_176ra_31_0 | authority-files/variants.xml und lexicon.xml (Stand des Laufs)
ŏrdenlich;lemma_4497;1;ANLEGEN;"[klar] Entschieden an den Belegen: Lemma lemma_4497 ordenlich (ADJ,ADV) passt in 'ntworten : • Der mensche vragte vns [ŏrdenlich] noch ein ander noch vnserm geslecht' (WZB_44vb_26_2). Nächste vorhandene Variante desselben Lemmas: 'ördenlich' (Unterschied ŏ/ö). Die normalisierte Form löst heute schon auf dieses Lemma auf; der Typ hält die Schreibung fest.";WZB-Belege (insgesamt 1): WZB_44vb_26_2 | authority-files/variants.xml und lexicon.xml (Stand des Laufs)
ŏsterlichen;lemma_4451;1;ANLEGEN;"[klar] Entschieden an den Belegen: Lemma lemma_4451 ôsterlîche (ADJ,ADV) passt in 'r friedsamen , • Und eynen korp mit [ŏsterlichen] broten , • die do besprenget sint m' (WZB_136vb_22_2). Nächste vorhandene Variante desselben Lemmas: 'österlichen' (Unterschied ŏ/ö). Die normalisierte Form löst heute schon auf dieses Lemma auf; der Typ hält die Schreibung fest.";WZB-Belege (insgesamt 1): WZB_136vb_22_2 | authority-files/variants.xml und lexicon.xml (Stand des Laufs)
