form_schluessel;lemma;tokens;grund;beispiele
tŏte;lemma_6133;10;seit dem 31.08.2026 dazugekommen, nicht in offene-faelle.csv;WZB_31rb_2_4 tŏte | WZB_38ra_4_2 tŏte | WZB_44va_20_10 tŏte
bŏsen;lemma_788;3;seit dem 31.08.2026 dazugekommen, nicht in offene-faelle.csv;WZB_40ra_24_4 bŏsen | WZB_127rb_15_6 bŏsen | WZB_176ra_11_1 bŏsen
in;lemma_3028;3;seit dem 31.08.2026 dazugekommen, nicht in offene-faelle.csv;WZB_69va_2_2 in | WZB_119rb_13_4 in | WZB_227ra_19_1 in
vŏr;lemma_7194;3;seit dem 31.08.2026 dazugekommen, nicht in offene-faelle.csv;WZB_68vb_14_2 vŏr | WZB_129ra_15_6 vŏr | WZB_224va_36_1 vŏr
ŭmb;lemma_6422;3;seit dem 31.08.2026 dazugekommen, nicht in offene-faelle.csv;WZB_23vb_37_0 ŭmb | WZB_31va_3_5 ŭmb | WZB_33rb_31_4 ŭmb
ŭmme;lemma_6422;3;seit dem 31.08.2026 dazugekommen, nicht in offene-faelle.csv;WZB_127vb_5_0 ŭmme | WZB_164ra_5_4 ŭmme | WZB_218rb_16_0 ŭmme
bŏse;lemma_788;2;seit dem 31.08.2026 dazugekommen, nicht in offene-faelle.csv;WZB_49vb_11_1 bŏse | WZB_184ra_14_0 bŏse
gefŭret;lemma_7283;2;seit dem 31.08.2026 dazugekommen, nicht in offene-faelle.csv;WZB_182vb_15_6 gefŭret | WZB_183rb_19_2 gefŭret
gehŏrn;lemma_2885;2;seit dem 31.08.2026 dazugekommen, nicht in offene-faelle.csv;WZB_57ra_6_1 gehŏrn | WZB_209va_13_2 gehŏrn
hŏchste;lemma_2866;2;seit dem 31.08.2026 dazugekommen, nicht in offene-faelle.csv;WZB_13rb_3_2 hŏchste | WZB_210va_37_1 hŏchste
hŏhsten;lemma_2866;2;seit dem 31.08.2026 dazugekommen, nicht in offene-faelle.csv;WZB_13ra_32_4 hŏhsten | WZB_13ra_35_0 hŏhsten
hŏrende;lemma_2885;2;seit dem 31.08.2026 dazugekommen, nicht in offene-faelle.csv;WZB_18va_2_5 hŏrende | WZB_196rb_36_7 hŏrende
hŏrn;lemma_2885;2;seit dem 31.08.2026 dazugekommen, nicht in offene-faelle.csv;WZB_37vb_30_6 hŏrn | WZB_74ra_6_4 hŏrn
mŏcht;lemma_4240;2;seit dem 31.08.2026 dazugekommen, nicht in offene-faelle.csv;WZB_108vb_7_5 mŏcht | WZB_159ra_11_3 mŏcht
mŏchte;lemma_4240;2;seit dem 31.08.2026 dazugekommen, nicht in offene-faelle.csv;WZB_24va_12_1 mŏchte | WZB_206rb_16_3 mŏchte
mŭge;lemma_4240;2;seit dem 31.08.2026 dazugekommen, nicht in offene-faelle.csv;WZB_154va_17_4 mŭge | WZB_182rb_10_0 mŭge
rŏte;lemma_10840;2;seit dem 31.08.2026 dazugekommen, nicht in offene-faelle.csv;WZB_33rb_9_3 rŏte | WZB_205va_30_2 rŏte
tŏrlichen;lemma_6117;2;seit dem 31.08.2026 dazugekommen, nicht in offene-faelle.csv;WZB_31ra_22_3 tŏrlichen | WZB_145va_5_0 tŏrlichen
tŭ;lemma_6301;2;seit dem 31.08.2026 dazugekommen, nicht in offene-faelle.csv;WZB_137ra_29_4 tŭ | WZB_187ra_30_8 tŭ
vor;lemma_7194;2;seit dem 31.08.2026 dazugekommen, nicht in offene-faelle.csv;WZB_127rb_20_1 vor | WZB_135va_15_0 vor
vŏrchtet;lemma_7298;2;seit dem 31.08.2026 dazugekommen, nicht in offene-faelle.csv;WZB_75ra_2_6 vŏrchtet | WZB_181va_2_5 vŏrchtet
zu;lemma_7770;2;seit dem 31.08.2026 dazugekommen, nicht in offene-faelle.csv;WZB_162vb_9_1 zu | WZB_165vb_33_1 zu
allen;lemma_106;1;seit dem 31.08.2026 dazugekommen, nicht in offene-faelle.csv;WZB_179ra_5_5b allen
blŏde;lemma_764;1;seit dem 31.08.2026 dazugekommen, nicht in offene-faelle.csv;WZB_28rb_12_4 blŏde
bŏser;lemma_788;1;seit dem 31.08.2026 dazugekommen, nicht in offene-faelle.csv;WZB_192rb_5_0 bŏser
bŏsten;lemma_788;1;seit dem 31.08.2026 dazugekommen, nicht in offene-faelle.csv;WZB_7ra_27_3 bŏsten
bŏzen;lemma_788;1;seit dem 31.08.2026 dazugekommen, nicht in offene-faelle.csv;WZB_77va_23_1 bŏzen
cetera;lemma_33125;1;seit dem 31.08.2026 dazugekommen, nicht in offene-faelle.csv;WZB_55rb_23_13b cetera
czoch;lemma_7861;1;seit dem 31.08.2026 dazugekommen, nicht in offene-faelle.csv;WZB_222ra_19_2b czoch
czŭgen;lemma_7861;1;seit dem 31.08.2026 dazugekommen, nicht in offene-faelle.csv;WZB_177ra_5_7 czŭgen
den;lemma_1119;1;seit dem 31.08.2026 dazugekommen, nicht in offene-faelle.csv;WZB_165vb_33_1b den
einem;lemma_1331;1;seit dem 31.08.2026 dazugekommen, nicht in offene-faelle.csv;WZB_143vb_10_4b einem
einfŭren;lemma_46217;1;seit dem 31.08.2026 dazugekommen, nicht in offene-faelle.csv;WZB_184ra_15_6 einfŭren
er;lemma_1517;1;seit dem 31.08.2026 dazugekommen, nicht in offene-faelle.csv;WZB_158va_11_5 er
euch;lemma_56117;1;seit dem 31.08.2026 dazugekommen, nicht in offene-faelle.csv;WZB_127rb_20_1b euch
gabe;lemma_1839;1;seit dem 31.08.2026 dazugekommen, nicht in offene-faelle.csv;WZB_158va_11_5b gabe
gehŏrt;lemma_2885;1;seit dem 31.08.2026 dazugekommen, nicht in offene-faelle.csv;WZB_65ra_27_3 gehŏrt
geprŭfet;lemma_4744;1;seit dem 31.08.2026 dazugekommen, nicht in offene-faelle.csv;WZB_182ra_17_4 geprŭfet
getŏtten;lemma_6133;1;seit dem 31.08.2026 dazugekommen, nicht in offene-faelle.csv;WZB_114ra_17_6 getŏtten
got;lemma_2465;1;seit dem 31.08.2026 dazugekommen, nicht in offene-faelle.csv;WZB_154rb_14_4b got
gote;lemma_2465;1;seit dem 31.08.2026 dazugekommen, nicht in offene-faelle.csv;WZB_124rb_8_4b gote
grŏslich;lemma_2536;1;seit dem 31.08.2026 dazugekommen, nicht in offene-faelle.csv;WZB_14va_13_4 grŏslich
grŏsseren;lemma_2534;1;seit dem 31.08.2026 dazugekommen, nicht in offene-faelle.csv;WZB_10rb_9_3 grŏsseren
grŏze;lemma_2534;1;seit dem 31.08.2026 dazugekommen, nicht in offene-faelle.csv;WZB_68ra_14_3 grŏze
her;lemma_1517;1;seit dem 31.08.2026 dazugekommen, nicht in offene-faelle.csv;WZB_179ra_5_5 her
herre;lemma_2684;1;seit dem 31.08.2026 dazugekommen, nicht in offene-faelle.csv;WZB_154rb_14_4 herre
herren;lemma_2684;1;seit dem 31.08.2026 dazugekommen, nicht in offene-faelle.csv;WZB_124rb_8_4 herren
hŏher;lemma_2866;1;seit dem 31.08.2026 dazugekommen, nicht in offene-faelle.csv;WZB_8ra_35_0 hŏher
hŏrent;lemma_2885;1;seit dem 31.08.2026 dazugekommen, nicht in offene-faelle.csv;WZB_1vb_25_3 hŏrent
ir;lemma_56117;1;seit dem 31.08.2026 dazugekommen, nicht in offene-faelle.csv;WZB_119va_21_2b ir
ire;lemma_5454;1;seit dem 31.08.2026 dazugekommen, nicht in offene-faelle.csv;WZB_219va_16_0 ire
iren;lemma_5454;1;seit dem 31.08.2026 dazugekommen, nicht in offene-faelle.csv;WZB_162vb_9_1b iren
mŏrser;lemma_26724;1;seit dem 31.08.2026 dazugekommen, nicht in offene-faelle.csv;WZB_137vb_12_4 mŏrser
mŭgen;lemma_4240;1;seit dem 31.08.2026 dazugekommen, nicht in offene-faelle.csv;WZB_173vb_17_2 mŭgen
pŏsem;lemma_788;1;seit dem 31.08.2026 dazugekommen, nicht in offene-faelle.csv;WZB_144ra_8_3 pŏsem
pŏser;lemma_788;1;seit dem 31.08.2026 dazugekommen, nicht in offene-faelle.csv;WZB_205ra_5_2 pŏser
schŏnes;lemma_5280;1;seit dem 31.08.2026 dazugekommen, nicht in offene-faelle.csv;WZB_40ra_19_2 schŏnes
schŏnste;lemma_5280;1;seit dem 31.08.2026 dazugekommen, nicht in offene-faelle.csv;WZB_153ra_6_9 schŏnste
schŭten;lemma_5328;1;seit dem 31.08.2026 dazugekommen, nicht in offene-faelle.csv;WZB_153va_5_4 schŭten
seiner;lemma_1517;1;seit dem 31.08.2026 dazugekommen, nicht in offene-faelle.csv;WZB_69va_2_2b seiner
sie;lemma_5454;1;seit dem 31.08.2026 dazugekommen, nicht in offene-faelle.csv;WZB_135va_15_0b sie
slŭgen;lemma_5525;1;seit dem 31.08.2026 dazugekommen, nicht in offene-faelle.csv;WZB_178ra_32_6 slŭgen
stŭrben;lemma_5752;1;seit dem 31.08.2026 dazugekommen, nicht in offene-faelle.csv;WZB_155vb_8_0 stŭrben
sŭzem;lemma_5864;1;seit dem 31.08.2026 dazugekommen, nicht in offene-faelle.csv;WZB_148va_2_2 sŭzem
teil;lemma_6041;1;seit dem 31.08.2026 dazugekommen, nicht in offene-faelle.csv;WZB_219va_16_0b teil
trovme;lemma_6239;1;seit dem 31.08.2026 dazugekommen, nicht in offene-faelle.csv;WZB_119rb_13_4b trovme
tŏtest;lemma_6133;1;seit dem 31.08.2026 dazugekommen, nicht in offene-faelle.csv;WZB_16ra_6_5 tŏtest
tŏttest;lemma_6133;1;seit dem 31.08.2026 dazugekommen, nicht in offene-faelle.csv;WZB_149vb_17_7 tŏttest
vorwar;lemma_8989;1;seit dem 31.08.2026 dazugekommen, nicht in offene-faelle.csv;WZB_222ra_19_2 vorwar
vŏrcht;lemma_7298;1;seit dem 31.08.2026 dazugekommen, nicht in offene-faelle.csv;WZB_47va_2_5 vŏrcht
wenne;lemma_7385;1;seit dem 31.08.2026 dazugekommen, nicht in offene-faelle.csv;WZB_119va_21_2 wenne
wŭrden;lemma_7489;1;seit dem 31.08.2026 dazugekommen, nicht in offene-faelle.csv;WZB_176ra_31_0 wŭrden
ŏrdenlich;lemma_4497;1;seit dem 31.08.2026 dazugekommen, nicht in offene-faelle.csv;WZB_44vb_26_2 ŏrdenlich
ŏsterlichen;lemma_4451;1;seit dem 31.08.2026 dazugekommen, nicht in offene-faelle.csv;WZB_136vb_22_2 ŏsterlichen
