form;lemma;entscheidung;vorschlag;unsicher_weil;begruendung;quellen_extra
gemeiligt;lemma_18886;ANDERE_ZUORDNUNG:lemma_15846;;;[klar] Alle 31 Belege meinen 'verunreinigt, befleckt' und nicht 'geweiht': 'der wirt gemeiligt bis zu abende' nach Berührung von Toten (WZB_109va_19_1), 'hast gemeiligt sein bette' (WZB_51va_20_1), 'das vnser hende nicht werden gemeiligt' (WZB_38rb_15_0). lemma_18886 heiligen sagt das Gegenteil. lemma_15846 meilen führt gemeiligt schon (13 Formen, darunter gemeiligt und gemailigt).;LEXER:meiligen
meiligt;lemma_18886;ANDERE_ZUORDNUNG:lemma_15846;;;[klar] 'Nicht meiligt ewer selen in allem krichenden' (WZB_110ra_12_5) und 'meiligt den namen ires vaters' (WZB_121ra_16_1) verlangen 'beflecken' (Verbot der Verunreinigung), nicht 'heiligen'. Lexer: meiligen swv. 'beflecken, beschmutzen'.;LEXER:meiligen
vormeiligt;lemma_18886;ANDERE_ZUORDNUNG:lemma_15846;;;[klar] 'vormeiligt was aber die erde vor got' (WZB_7rb_9_9) und 'bist vormeiligt vnd hast mit gelegen' (WZB_135vb_14_1): verunreinigt, das Präfix ver- ist bei Lexer unter meilen belegt ('mit be-, en-, ge-, ver-').;LEXER:meiligen
vngemeiligte;lemma_18886;ANDERE_ZUORDNUNG:lemma_15846;;;[klar] 'vngemeiligte lemmer' und 'vngemeiligte czige' sind makellose Opfertiere: Negation un- zu gemeilet 'befleckt'. Unter heiligen ('ungeheiligt') ergäbe der Opferbefund keinen Sinn.;LEXER:meiligen
vngemeiligtes;lemma_18886;ANDERE_ZUORDNUNG:lemma_15846;;;[klar] 'ein vngemeiligtes knechtil opfer', 'vngemeiligtes kalp': makelloses Opfertier, Negation zu gemeilet 'befleckt'.;LEXER:meiligen
vngemeiligter;lemma_18886;ANDERE_ZUORDNUNG:lemma_15846;;;[klar] 'vngemeiligter lemmer virczehen' (WZB Num, Opferliste): makellose Lämmer, Negation zu gemeilet 'befleckt'.;LEXER:meiligen
meilige;lemma_17858;ANDERE_ZUORDNUNG:lemma_15846;;;[klar] Die Belege sind Verbformen ('dich nicht meilige', 'noch meilige den namen deines gotis'), das zugewiesene lemma_17858 meilec ist ein Adjektiv. Lexer führt meiligen swv. 'beflecken'; lemma_15846 meilen steht dort als gleichbedeutendes swv. ('dasselbe').;LEXER:meiligen
tŏte;lemma_6118;ANDERE_ZUORDNUNG:lemma_6133;;;[klar] Einziger Beleg WZB_181vb_24_1 'Nicht tŏte, nicht brich dein [Ehe]' ist der Imperativ von töten; lemma_6118 tôt ist Adjektiv. lemma_6133 tœten führt tŏte bereits mit 43 Belegen.;
weiden;lemma_7449;PRUEFSEITE;ANDERE_ZUORDNUNG:lemma_7452;Gemischt: 4 der 5 Belege sind das Verb ('Deine bruder weiden die schaf zu' WZB_37vb_13_0, 'vich zu weiden' WZB_169rb_18_5), 1 ist das Substantiv Weide im Sinn von Weidenbaum ('este dicker czweige vnd weiden von den pechen' WZB_124rb_6_5).;lemma_7449 weide ist das Substantiv, lemma_7452 weiden/VRB führt die Form ausserhalb der WZB 12 mal. Ein Typ unter lemma_7449 stimmt nur für den Beleg WZB_124rb_6_5. Vorschlag: die 4 Verbbelege nach lemma_7452 umhängen, was nur auf Tokenebene geht.;
schupen;lemma_2;ANDERE_ZUORDNUNG:lemma_11597;;;[klar] 'vlossen vnd schupen' (WZB_109ra_6_0) sind Flossen und Schuppen der Fische nach Lev 11: schuope. lemma_2 abc ist das Sammellemma für nicht lemmatisierte Wörter. lemma_11597 schuope führt die Form ausserhalb der WZB einmal.;
vlossen;lemma_2;ANDERE_ZUORDNUNG:lemma_33284;;;[klar] 'alles das do hat vlossen vnd schupen' (WZB_109ra_5_4): Flossen. lemma_33284 vlozze ist das Lemma für 'Flosse'.;
guldeinen;lemma_68928;ANDERE_ZUORDNUNG:lemma_2567;;;[klar] Alle 12 Belege sind Adjektive ('guldeinen ŏrringe', 'guldeinen blechen', 'guldeinen alter'), lemma_68928 gulden ist das Substantiv (Münze). Die Schwesterform guldeine steht in der WZB schon unter lemma_2567 guldîn.;
weirouches;lemma_31613;ANDERE_ZUORDNUNG:lemma_7528;;;[wahrscheinlich] 'thimiamischen weirouches', 'wegende czehen scot voller weirouches': Weihrauch. Die Schwesterform weirouch steht in der WZB bei lemma_7528 wîhrouch, lemma_31613 rouch ist das einfache Wort.;
wechsilnde;lemma_7442;ANDERE_ZUORDNUNG:lemma_43002;;;[klar] 'sprachen wechsilnde', 'redten wechsilnde mit ein ander': Partizip 'wechselnd, abwechselnd' zum Verb. lemma_43002 wehseln/VRB steht im Bestand, lemma_7442 wehsel ist das Substantiv.;
gehere;lemma_2034;ANDERE_ZUORDNUNG:lemma_2590;;;[klar] Alle 9 Belege meinen Haar ('das gehere weislecht', 'alles seines leibes gehere', 'gehere seines houbtes'), lemma_2034 gehoerde hat mit Haar nichts zu tun. Lexer führt ge-hære stn. als Sammelbildung zu hâr; lemma_2590 hâr steht im Bestand.;LEXER:gehaere
enpfant;lemma_1436;ANDERE_ZUORDNUNG:lemma_1438;;;[wahrscheinlich] 'her enpfant des nicht' (WZB_17va_3_0) und 'do er enpfant des gewandes zusen ruch' (WZB_26ra_17_6): Präteritum von enphinden 'empfand, bemerkte', nicht enphâhen 'empfangen'. Der Korpus führt die normalisierte Form enpfant 80 mal unter lemma_1438 enphinden; ob dieselbe Schreibung ausserhalb der WZB je enphâhen meint, ist nicht gezählt, die 5 schon verknüpften WZB-Belege 'enpfant' unter lemma_1436 sind hier nicht gelesen.;LEXER:enphinden
henge;lemma_2;ANDERE_ZUORDNUNG:lemma_2758;;;[klar] Alle 5 Belege sind Imperative von hengen ('henge an die vingerlein', 'henge vor die arche', 'henge sie an gelgen'). lemma_2 abc trägt kein Wort, lemma_2758 hengen steht im Bestand.;
silbereine;lemma_75669;ANDERE_ZUORDNUNG:lemma_5476;;;[wahrscheinlich] 'silbereine vas', 'silbereine pfenninge': Adjektiv 'silbern'. lemma_75669 silbern ist als VRB geführt und trägt nur die Form gesilbert, lemma_5476 silber (ADJ,NOM) ist das tragfähigere Lemma. Parallel dazu steht guldeine bei guldîn.;
silberein;lemma_75669;ANDERE_ZUORDNUNG:lemma_5476;;;[wahrscheinlich] 'ir houbt silberein durch graben': Adjektiv 'silbern'. Gleiche Begründung wie bei silbereine.;
silbereines;lemma_2;ANDERE_ZUORDNUNG:lemma_5476;;;[wahrscheinlich] 'ein silbereines trinkvas': Adjektiv 'silbern'. lemma_2 abc trägt kein Wort, nächstes Lemma ist lemma_5476 silber (ADJ,NOM), wie bei silbereine und silberein.;
alders;lemma_156;ANDERE_ZUORDNUNG:lemma_155;;;[klar] 'wol volvarnes alders', 'ires alders das funfczigste iar': Lebensalter, nicht Altar. lemma_156 altar passt zur Schwesterform alters (38 Belege, alle Altar), lemma_155 alt führt NOM und die Form alders.;
volgende;lemma_74368;ANDERE_ZUORDNUNG:lemma_7173;;;[wahrscheinlich] 'noch volgende czogen ein', 'noch volgende ein geczogt was': Partizip Präsens zu volgen. lemma_74368 volgender ist ein flektiertes Stublemma mit einer Fremdform, lemma_7173 volgen führt volgende 19 mal ausserhalb der WZB.;
gepitunge;lemma_2;ANDERE_ZUORDNUNG:lemma_45356;;;[klar] 'die gepitunge vnsers herren', 'vorsmehte die gepitunge ewers herren': Gebot, Befehl. lemma_45356 gebietunge steht im Bestand.;
vorgebunge;lemma_2;ANDERE_ZUORDNUNG:lemma_44185;;;[klar] 'ewerr svnden vorgebunge vnd reinigunge': Vergebung. lemma_44185 vergebunge steht im Bestand.;
vbirdecken;lemma_2;ANDERE_ZUORDNUNG:lemma_46787;;;[klar] 'in den vbirdecken, die do werden gemachet dem geczelt': Zeltdecken. Das Singular vbirdecke steht in der WZB bei lemma_46787 überdecke.;
gegossens;lemma_2;ANDERE_ZUORDNUNG:lemma_2392;;;[klar] 'ein gegossens kalp': Partizip zu giezen. lemma_2392 giezen steht im Bestand.;
vorvluchten;lemma_2;ANDERE_ZUORDNUNG:lemma_7007;;;[klar] 'die vorvluchten wasser': Partizip zu vervluochen. lemma_7007 steht im Bestand.;
mageschefte;lemma_2;ANDERE_ZUORDNUNG:lemma_22720;;;[klar] 'durch ire mageschefte, stete vnd ire dorfer': Sippen. Die Schwesterform mageschaft steht in der WZB bei lemma_22720 mâcschaft.;
uii;lemma_2;ANDERE_ZUORDNUNG:lemma_13826;;;[klar] Römische Zahl VII in Kapitelzählung ('• • UII • ist die'). lemma_13826 'I' (DIG) trägt die römischen Zahlen im Korpus (884 Formen), darunter die Schwesterformen xui und xuii.;
levitici;lemma_2;ANDERE_ZUORDNUNG:lemma_27649;;;[wahrscheinlich] 'xii levitici LEUITICUS': Genitiv des Buchtitels Leviticus in Kapitelverweisen. lemma_27649 Leviticus (NAM) steht im Bestand.;
gepowet;lemma_2;ANDERE_ZUORDNUNG:lemma_917;;;[klar] 'gepowet werde die stat', 'die du nicht hast gepowet': Partizip zu bûwen. lemma_917 bûwen steht im Bestand.;
gemowerten;lemma_2;ANDERE_ZUORDNUNG:lemma_4221;;;[klar] 'die gemowerten stete': ummauerte Städte, Partizip zu mûren. lemma_4221 mûren steht im Bestand.;
richticlichen;lemma_2;ANDERE_ZUORDNUNG:lemma_67230;;;[wahrscheinlich] 'sult ir richticlichen halden', 'richticlichen veiern': Adverb 'ordnungsgemäss'. lemma_67230 rihtec führt ADV. Ein eigenes Lemma rihtecliche gibt es nicht.;
poslich;lemma_2;ANDERE_ZUORDNUNG:lemma_788;;;[wahrscheinlich] 'tvn poslich in der angesichte deines herren gotis': Adverb zu bœse. lemma_788 bœse führt ADV. Ein eigenes Lemma bœslîche gibt es nicht.;
stakten;lemma_2;ANDERE_ZUORDNUNG:lemma_5738;;;[wahrscheinlich] 'stakten ire geczelt' (WZB_155vb_34_2): sie schlugen ihre Zelte auf, Präteritum zu stecken. lemma_5738 stecken steht im Bestand.;
iacincteinen;lemma_2;ANDERE_ZUORDNUNG:lemma_3088;;;[wahrscheinlich] 'iacincteinen mantil': hyazinthfarben, Adjektiv auf -ein zum Stoff iacint (dieselbe Bildung wie silberein und seideinen). lemma_3088 jâchant steht im Bestand und führt iacincten.;
erstlinge;lemma_2;NICHT_ANLEGEN;;;[klar] 'die erstlinge der gaben', 'erstlinge irr fruchte': ein Wort mit eigener Bedeutung (Erstlinge). lemma_2 abc ist kein Lemma dafür. Im Bestand fehlt ein Lemma êrstelinc/erstling (Suche nach erstel, erstlin: keine Treffer), ein neues Lemma wäre nötig (Weg wie #115).;
humeral;lemma_2;NICHT_ANLEGEN;;;[klar] 'das humeral vnd das racional': priesterliches Schulterkleid. lemma_2 abc ist kein Lemma dafür, im Bestand fehlt ein Lemma humeral (Suche: keine Treffer).;
numeri;lemma_2;NICHT_ANLEGEN;;;[klar] Buchtitel 'Numeri' (4. Mosebuch) in Kapitelverweisen. lemma_2 abc ist kein Lemma dafür, ein Lemma Numeri (NAM) fehlt, lemma_46299 numerus ist das lateinische Gemeinwort und kein Name.;
hebreer;lemma_2;NICHT_ANLEGEN;;;[klar] 'den hebreer', 'czwen hebreer': Volksname. lemma_2 abc ist kein Lemma dafür, ein passendes Lemma ist im Bestand nicht gefunden (Suche: hebre, ebrê, ebræ ohne Treffer).;
keuchel;lemma_2;NICHT_ANLEGEN;;;[klar] 'czwu turkiltouben oder czwei touben keuchel': junge Tauben. lemma_2 abc ist kein Lemma dafür, ein Lemma kiuchel fehlt (lemma_34189 Kuchel ist ein Name).;
ber;lemma_2;NICHT_ANLEGEN;;;[klar] Die 7 Belege sind Satzteile oder Namensfragmente ('etcetera ber hin zu giengen' = a-ber mit abgesetztem Anfangsbuchstaben, 'GEN ber lebte' = Eber): Fehlsegmentierung unter dem Sammellemma abc, kein eigenes Wort.;
ostnischen;lemma_2;NICHT_ANLEGEN;;;[klar] 'dem ostnischen teile': östlich. lemma_2 abc ist kein Lemma dafür. Im Bestand fehlt ein Lemma ôstenisch, lemma_4449 ôsten ist das Orts-Adverb.;
westnischen;lemma_2;NICHT_ANLEGEN;;;[klar] 'dem westnischen mer': westlich. lemma_2 abc ist kein Lemma dafür, ein Lemma westenisch fehlt im Bestand.;
nordnischen;lemma_2;NICHT_ANLEGEN;;;[klar] 'dem nordnischen teile': nördlich. lemma_2 abc ist kein Lemma dafür, ein Lemma nordenisch fehlt im Bestand.;
be;lemma_2;NICHT_ANLEGEN;;;[klar] Abgetrenntes Präfix ('be suchet', 'be huten', 'be geet'): Getrenntschreibung des Handschriftentexts, kein eigenes Wort. Das Token gehört mit seinem Folgetoken zusammen, die Fehlsegmentierung ist ein Fall für die Tokenkorrektur (#235), nicht für einen Variantentyp.;
nichtenicht;lemma_2;NICHT_ANLEGEN;;;[klar] 'Mit nichtenicht gebt in furbas spreu': 'auf keinen Fall'. lemma_2 abc ist kein Lemma dafür, ein Lemma nihtesniht fehlt im Bestand (Suche: keine Treffer).;
leuitischen;lemma_2;NICHT_ANLEGEN;;;[klar] 'des leuitischen geslechtes': Adjektiv zu Levit. lemma_2 abc ist kein Lemma dafür, ein Lemma für 'levitisch' fehlt im Bestand.;
abscheidunge;lemma_2;NICHT_ANLEGEN;;;[klar] 'in den tagen irr abscheidunge': Absonderung (Menstruation). lemma_2 abc ist kein Lemma dafür, ein Lemma abescheidunge fehlt im Bestand, lemma_21371 abescheiden ist das Verb und ändert die Wortart.;
nen;lemma_2;NICHT_ANLEGEN;;;[klar] Wortfragment aus Zeilenumbruch ('ei¬ nen holczweig' = einen, 'zu wei - SIS nen' = weinen): kein eigenes Wort.;
ner;lemma_2;NICHT_ANLEGEN;;;[klar] Wortfragment aus Zeilenumbruch ('mey e e GENE ner stymme' = meiner, 'dei ner knechte' = deiner): kein eigenes Wort.;
dei;lemma_2;NICHT_ANLEGEN;;;[klar] Wortfragment aus Zeilenumbruch ('dei ner knechte', 'dei SIS nes vaters' = deines, deiner): kein eigenes Wort.;
te;lemma_2;NICHT_ANLEGEN;;;[klar] Wortfragment ('gewich NUM te des heiligtumes' = gewichte): kein eigenes Wort.;
st;lemma_2;NICHT_ANLEGEN;;;[klar] Wortfragment ('. st , das ein mensch'): kein eigenes Wort.;
wanczen;lemma_2;NICHT_ANLEGEN;;;[klar] 'secht, do wurden wanczen an dem vihe': Wanzen. lemma_2 abc ist kein Lemma dafür, ein Lemma wanze fehlt im Bestand (lemma_9028 wanz ist ein Pronomen).;
sowerteig;lemma_2;NICHT_ANLEGEN;;;[klar] 'sol nicht sowerteig sein in ewern heusern': Sauerteig. lemma_2 abc ist kein Lemma dafür, ein Lemma sûrteic fehlt im Bestand.;
pilgereimet;lemma_2;NICHT_ANLEGEN;;;[klar] 'der do bei euch pilgereimet': Verb 'als Fremder weilen'. lemma_2 abc ist kein Lemma dafür, ein Verblemma bilgerîmen fehlt (lemma_706 bilgerîm ist das Substantiv).;
vorsaczes;lemma_2;NICHT_ANLEGEN;;;[klar] 'mit broten des vorsaczes': Schaubrote. lemma_2 abc ist kein Lemma dafür, ein Lemma vürsaz fehlt im Bestand.;
gewurmeltem;lemma_2;NICHT_ANLEGEN;;;[klar] 'von purpir vnd von gewurmeltem': Scharlach. lemma_2 abc ist kein Lemma dafür, ein Lemma gewürmelt fehlt im Bestand.;
bleiblinge;lemma_504;NICHT_ANLEGEN;;;[wahrscheinlich] 'Uorbru die bleiblinge in dem fewer': das Übriggebliebene als Substantiv auf -linc. lemma_504 belîben ist ein Verb, die Ableitung ändert die Wortart; ein Lemma bleibelinc fehlt im Bestand.;
"geslechte;";lemma_2233;NICHT_ANLEGEN;;;[klar] Das Tokenende trägt ein Semikolon ('noch seinem geslechte;'): Tokenisierungsfehler (Satzzeichen im Wortelement), ein Typ mit Semikolon wäre Müll. Der Fall gehört in die Tokenkorrektur.;
et;lemma_78608;ANLEGEN;;;[klar] 15 der 17 Belege sind die Formel 'et cetera', 2 stehen in lateinischem Satzzusammenhang (WZB_2rb_32_2, WZB_2rb_32_4, 'inanis et vacua'). lemma_78608 et (ADV) hat keine Variante, das Paar ist eine Identität. Schaden entsteht nicht: Die Auflösung folgt weiter der Häufigkeit unter lemma_1732 et (1230 Belege).;
toho;lemma_78628;PRUEFSEITE;NICHT_ANLEGEN;lemma_78628 'cs' ist das Konzeptlemma 'Tschechisch' (concept_23123610), kein Wort: Ob tschechische Randglossen unter einem Sammellemma auffindbar sein sollen, ist eine Entwurfsfrage.;Die Tokens sind tschechische Randglossen ('toho', 'pzde', 'zde', 'ʒbohem' in Wiederholungsketten am Rand). Das Lemma cs trägt als Variante bisher nur 'uri'. Mein Vorschlag: nicht anlegen, weil die Form keine Schreibvariante eines Wortes cs ist.;
thoho;lemma_78628;PRUEFSEITE;NICHT_ANLEGEN;Wie bei toho: tschechische Randglosse unter dem Sammellemma cs.;Tschechische Randglosse (Wiederholungskette 'thoho pzde thoho').;
pzde;lemma_78628;PRUEFSEITE;NICHT_ANLEGEN;Wie bei toho: tschechische Randglosse unter dem Sammellemma cs.;Tschechische Randglosse (Wiederholungskette 'toho pzde toho').;
bzde;lemma_78628;PRUEFSEITE;NICHT_ANLEGEN;Wie bei toho: tschechische Randglosse unter dem Sammellemma cs.;Tschechische Randglosse ('thoho bzde thoho').;
zde;lemma_78628;PRUEFSEITE;NICHT_ANLEGEN;Wie bei toho: tschechische Randglosse unter dem Sammellemma cs.;Tschechische Randglosse ('W zde toho GENESIS').;
ʒbohem;lemma_78628;PRUEFSEITE;NICHT_ANLEGEN;Wie bei toho: tschechische Randglosse unter dem Sammellemma cs.;Tschechische Randglosse ('no • ʒbohem • nv').;
wirft;lemma_7489;PRUEFSEITE;ANDERE_ZUORDNUNG:lemma_7490;Die 7 Belege teilen sich: 5 sind werfen ('sein speichel wirft ouf den', 'do man wirft den samen'), 2 sind 'wirst' von werden ('du wirft geheissen', 'wenne du wirft ein furen').;Ein Typ unter werden stimmt nur für 2 von 7 Belegen. Vorschlag: die 5 werfen-Belege nach lemma_7490 umhängen und für die 2 werden-Belege den Typ wirft anlegen. Das geht nur auf Tokenebene.;
gereicht;lemma_4842;PRUEFSEITE;ANDERE_ZUORDNUNG:lemma_2157;Drei Belege meinen 'reich geworden' (gerîchen: 'ich hab gereicht', 'gereicht wart der mensche', 'er ist gereicht vnd ist worden edel'), bei den drei Belegen WZB_228ra_5_6, WZB_228ra_11_5 und WZB_228rb_13_1 ('der do gereicht hat zu') bleibt der Sinn für mich offen.;Vorschlag: lemma_2157 gereichen, das diese Form 6 mal ausserhalb der WZB führt. Weder die Bedeutung von lemma_4842 reichen ('hinreichen') noch gerîchen ist für die drei offenen Belege belegt.;
pilgereimen;lemma_706;PRUEFSEITE;ANLEGEN;Gemischt: 5 Belege sind das Substantiv ('den armen vnd den pilgereimen', 'zu pilgereimen in dein lant'), 4 sind das Verb ('die do pilgereimen bei euch').;Der Typ ist für die Substantivbelege richtig. Die 4 Verbbelege hätten kein Lemma im Bestand (bilgerîmen fehlt), sie müssten auf Tokenebene ausgenommen werden.;
vorheusern;lemma_33704;PRUEFSEITE;NICHT_ANLEGEN;'mit iren vorheusern' ist Vorstädte/Umland (Levitenstädte), lemma_33704 vorhof bedeutet Vorplatz. Die Schwesterform vorsteten steht bei vorstat.;Ein Lemma vorhûs fehlt im Bestand. Vorschlag: nicht unter vorhof anlegen, weil die Bedeutung nicht deckt, und auf ein neues Lemma warten.;
opfertir;lemma_6080;ANLEGEN;;;[klar] Kompositum 'opfertir' (Opfertier) in allen 41 Belegen ('opfert ous euch ein opfertir vnserm herren von dem vihe'). Im Bestand gibt es kein Lemma opfertier (Suche: keine Treffer), das Grundwort tier ist dasselbe Wort derselben Wortart. Zuordnung des Kompositums an das Grundwort, wie bei czigenpock und boc.;
opfertires;lemma_6080;ANLEGEN;;;[klar] Genitiv des Kompositums opfertir ('die hende ouf des opfertires houbet'): gleiche Begründung wie bei opfertir, Grundwort lemma_6080 tier.;
opfertiren;lemma_6080;ANLEGEN;;;[klar] Dativ Plural des Kompositums opfertir ('von den geduldigen opfertiren'): gleiche Begründung wie bei opfertir, Grundwort lemma_6080 tier.;
tires;lemma_6080;ANLEGEN;;;[klar] 'seines siges opfer tires': der zweite Teil des getrennt geschriebenen Kompositums Opfertier, Genitiv von tier. Grundwort lemma_6080.;
czigenpock;lemma_784;ANLEGEN;;;[klar] Kompositum 'czigenpock' (Ziegenbock, 'einen czigenpock vor die svnde'). Im Bestand kein Lemma ziegenboc, das Grundwort boc ist dasselbe Wort derselben Wortart.;
czigenpocke;lemma_784;ANLEGEN;;;[klar] Kompositum 'czigenpocke' (Ziegenböcke, 'funf czigenpocke'): wie czigenpock, Grundwort lemma_784 boc.;
lose;lemma_3818;PRUEFSEITE;ANDERE_ZUORDNUNG:lemma_3837;Gemischt: 6 Belege sind das Verb 'löse' (lœsen: 'lose alle erstegeburt', 'der dich lose'), 3 sind das Substantiv 'dem lose' = das Los (WZB_171vb_5_1, WZB_172ra_10_3, WZB_227va_19_2).;lemma_3818 lôs (frei) passt zu keiner der beiden Gruppen. Vorschlag: die 6 Verbbelege nach lemma_3837 lœsen, die 3 Belege 'Los' brauchen ein Lemma lôz (nicht geprüft).;
