file;xml_id;form;normalisiert;quelle_grund;lemma_kandidaten;vers;umfeld;action;review_grund;neu_lemmaRef;neu_pos;regel;begruendung;konfidenz;ziel_lemma_form
WZB.tei.xml;WZB_116rb_16_2;wŭste;wueste;lemma-mehrdeutig;lemma_7672 lemma_7704;Und wenne der czigen pok getregt alle ire missetat in eine **wŭste** erde Und wirt gelasen in der wŭstenunge;ire missetat in eine **wŭste** erde Und wirt gelasen;ANNOTATE;;lexicon.xml#lemma_7704;ADJ;R1;Adjektiv mit Bezugsnomen in der Phrase oder als Praedikat: in eine wŭste erde, wüeste statt wiʒʒen;hoch;wüeste
WZB.tei.xml;WZB_119rb_6_1;lŏblich;loeblich;pos-mehrdeutig;lemma_3829;Aber in dem vierden iare alle ire fruchte sullen werden geheiligt **lŏblich** vnserm herren;fruchte sullen werden geheiligt **lŏblich** vnserm herren Aber in;REVIEW;aus-389;;;;#389 Konfidenz mittel (ADJ vs. ADV);;
WZB.tei.xml;WZB_11rb_21_2;grŏsen;groesen;pos-mehrdeutig;lemma_2534;vnd ich wil machen dich in ein gros geslechte vnd wil **grŏsen** deinen namen vnd wirst gesegent;gros geslechte vnd wil **grŏsen** deinen namen vnd wirst;REVIEW;aus-389;;;;#389 Z1: Verb grôzen (lemma_2535), kein Kandidat;;
WZB.tei.xml;WZB_148va_17_2;pŏcke;poecke;ANNOTATE;lemma_784;czu einem yclichen ochsen vnd wider vnd lemmer vnd **pŏcke**;wider vnd lemmer vnd **pŏcke** also wol die in;ANNOTATE;;lexicon.xml#lemma_784;NOM;M;mechanisch eindeutig (ein Lemma, eine Wortart): wider vnd lemmer vnd pŏcke;hoch;boc
WZB.tei.xml;WZB_150vb_15_2;tŏden;toeden;lemma-mehrdeutig;lemma_6118 lemma_6133;in den **tŏden** der svnder vnd zu hemer sie in blech vnd hefte sie an den alter do von das in in geopfert ist weirouch vnserm herren vnd geheiligt sint so das sie sie an schowen zu einem czeichen vnd zu einem gedechtnusse;sint geheiligt in den **tŏden** der svnder vnd zu;REVIEW;konfidenz-mittel;;;R9;"Vorschlag lemma_6118 NOM nach R9 (geheiligt in den tŏden der svnder); dagegen: lemma_6133 tœten NOM, wenn 'in den tŏden' als substantivierter Infinitiv (das Toeten) gelesen wird statt als Tod; der Vers allein entscheidet es nicht.";mittel;tôt
WZB.tei.xml;WZB_152va_16_3;sŭzen;suezen;lemma-mehrdeutig;lemma_5864 lemma_5865;Aber die erste gepurt des ochsens vnd des schafes soltu nicht heissen lŏsen wenne geheiligt sint sie vnserm herren Ir blut geusse nvr ouf den alter Und die veistikeit enczunde in einem **sŭzen** ruche vnserm herren;veistikeit enczunde in einem **sŭzen** ruche vnserm herren Das;ANNOTATE;;lexicon.xml#lemma_5864;ADJ;R1;Adjektiv mit Bezugsnomen in der Phrase oder als Praedikat: in einem sŭzen ruche, süeʒe statt süezen;hoch;süeʒe
WZB.tei.xml;WZB_158va_14_5;fŭrt;fuert;lemma-mehrdeutig;lemma_7283 lemma_7324;vnd do es morgen wart do **fŭrt** er in zu Und her blickte an das eusriste teil des volkis etcetera;es morgen wart do **fŭrt** er in zu Und;ANNOTATE;;lexicon.xml#lemma_7283;VRB;R4;Vollverb: do fŭrt er in zu, vüeren statt vurt;hoch;vüeren
WZB.tei.xml;WZB_179ra_13_2;grŏse;groese;pos-mehrdeutig;lemma_2534;Herre got du hast an gehaben deinem knechte zv czeigen deine **grŏse** vnd deine gar starcke hant Wenne kein ander got ist weder in dem himel noch in der erden der do muge getvn deine werck vnd sich gegleichen deiner sterke;knechte zv czeigen deine **grŏse** vnd deine gar starcke;ANNOTATE;;lexicon.xml#lemma_2534;NOM;R2;Substantivierung: besetzt die Nominalstelle selbst: zv czeigen deine grŏse vnd deine gar starcke hant;hoch;grôz
WZB.tei.xml;WZB_179ra_31_0;ŏsten;oesten;pos-mehrdeutig;lemma_4449;Steig ouf die hŏe des pergis vnd deine ougen fure vmme gegen westen vnd gegen norden vnd gegen zuden vnd gegen **ŏsten** sich wenne nicht czihen wirstu vber disen;gegen zuden vnd gegen **ŏsten** sich wenne nicht czihen;ANNOTATE;;lexicon.xml#lemma_4449;NOM;R9;Substantiv: gegen zuden vnd gegen ŏsten, nach Praeposition;hoch;ôsten
WZB.tei.xml;WZB_181va_37_0;rŭ;rue;lemma-mehrdeutig;lemma_4937 lemma_5034;Der sibende ist der tag der veier das ist **rŭ** deines herren gotes N NOMIUS Nichtesnicht werkis tu an im du vnd deine svne vnd deine tochter vnd deine knechte vnd deine meid vnd dein ochse vnd dein esil vnd alle dein vich vnd der pilgereim der do ist czwischen deinen pforten Und dein knecht rŭ vnd dein mait also wol als du;der veier das ist **rŭ** deines herren gotes N;ANNOTATE;;lexicon.xml#lemma_5034;NOM;R9;Substantiv: das ist rŭ deines herren gotes, ruowe statt riuwe;hoch;ruowe
WZB.tei.xml;WZB_181vb_9_3;rŭ;rue;lemma-mehrdeutig;lemma_4937 lemma_5034;Der sibende ist der tag der veier das ist rŭ deines herren gotes N NOMIUS Nichtesnicht werkis tu an im du vnd deine svne vnd deine tochter vnd deine knechte vnd deine meid vnd dein ochse vnd dein esil vnd alle dein vich vnd der pilgereim der do ist czwischen deinen pforten Und dein knecht **rŭ** vnd dein mait also wol als du;pforten Und dein knecht **rŭ** vnd dein mait also;REVIEW;ziel-lemma-passt-nicht/Z4;;;Z4;"'Und dein knecht rŭ vnd dein mait' (requiescat) ist das Verb ruowen. Gemessen sind nur riuwe (lemma_4937) und ruowe NOM (lemma_5034); das Verblemma lemma_5035 ruowen NOM VRB gibt es, es ist aber kein Kandidat. Ein anderes Lemma zu setzen als das gemessene entscheidet KZW.";;
WZB.tei.xml;WZB_182vb_27_6;hŭte;huete;lemma-mehrdeutig;lemma_2863 lemma_2939 lemma_2942 lemma_2962 lemma_2963;so **hŭte** d dich vleissiclich das du icht vorgessest deines herren gotis der dich ous gefurt hat ous der von dem house des dienstes Deinen herren got soltu vorchten vnd im alleine dienen Und bei seinem namen soltu sweren;vnd wirst gesetet so **hŭte** d dich vleissiclich das;ANNOTATE;;lexicon.xml#lemma_2942;VRB;R4;Vollverb: so hŭte dich vleissiclich, hüeten;hoch;hüeten
WZB.tei.xml;WZB_183ra_36_2;pŏse;poese;pos-mehrdeutig;lemma_788;V Und tat czeichen vnd grose wunder vnd **pŏse** zu NOMIUS gegen vnd allem seinem house in vnser angesicht;vnd grose wunder vnd **pŏse** zu NOMIUS gegen vnd;REVIEW;aus-389;;;;#389 Konfidenz mittel (ADJ vs. NOM);;
WZB.tei.xml;WZB_202rb_8_2;grŏsers;groesers;pos-mehrdeutig;lemma_2534;Nicht soltu haben in dem sacke mancherlei gewichte ein **grŏsers** vnd ein minners;sacke mancherlei gewichte ein **grŏsers** vnd ein minners Noch;REVIEW;aus-389;;;;#389 Konfidenz mittel (NOM vs. ADJ);;
WZB.tei.xml;WZB_211va_28_3;nŏten;noeten;lemma-mehrdeutig;lemma_4400 lemma_4416;von der opfertiren sie assen die veistikeit vnd trvnken irn opfer wein Ouf steen si vnd helfen euch vnd beschirmen euch in ewern **nŏten**;beschirmen euch in ewern **nŏten** Sehet das ich bin;ANNOTATE;;lexicon.xml#lemma_4400;NOM;R9;Substantiv: beschirmen euch in ewern nŏten, nôt statt noeten;hoch;nôt
WZB.tei.xml;WZB_213ra_5_0;hŏrde;hoerde;pos-mehrdeutig;lemma_2885;Die volk werden sie rufen zu dem perge vnd aldo werden sie opfern opfer DEUTRO tir der gerechticheit die den vbergus des meres als milch werden sougen vnd die vorporgin **hŏrde** des sandes;sougen vnd die vorporgin **hŏrde** des sandes Und zu;REVIEW;aus-389;;;;#389 Z2: hort (lemma_2908), nicht hœren;;
WZB.tei.xml;WZB_217ra_17_0;vŏrchten;voerchten;lemma-mehrdeutig;lemma_7201 lemma_7298;An dem selben tage groste vnser herre vor allem so das si in **vŏrchten** als sie vorchten IOSUE do her dennoch lebte;so das si in **vŏrchten** als sie vorchten IOSUE;ANNOTATE;;lexicon.xml#lemma_7298;VRB;R4;Vollverb: so das si in vŏrchten als sie vorchten, vürhten statt vorhte;hoch;vürhten
WZB.tei.xml;WZB_26vb_34_5;tŏch;toech;pos-mehrdeutig;lemma_7861;sunder gee vnd czeuch in das lant in die stat zu in das hous deiner muter vater Und nym dir ein housvrow von den **tŏch** XXVIII GENE tern deines ŏhems;ein housvrow von den **tŏch** XXVIII GENE tern deines;REVIEW;aus-389;;;;#389 Z3: tŏch|ter, durch Blattmarker zerrissen (#390);;
WZB.tei.xml;WZB_28rb_34_12;gewŏnlichen;gewoenlichen;pos-mehrdeutig;lemma_2355;vnd gab der ein mait die hies mit namen Und do bei der geslafen het als **gewŏnlichen** ist Und do es morgen wart do sach er das es was GENE;der geslafen het als **gewŏnlichen** ist Und do es;REVIEW;aus-389;;;;#389 Konfidenz mittel (ADV vs. ADJ);;
WZB.tei.xml;WZB_53ra_28_0;trŏste;troeste;lemma-mehrdeutig;lemma_6221 lemma_6223;Nicht vorchtet euch ich wil euch neren vnd ewer kindlein vnd **trŏste** sie vnd sprach in lindlichen vnd gutlichen zu;vnd ewer kindlein vnd **trŏste** sie vnd sprach in;ANNOTATE;;lexicon.xml#lemma_6223;VRB;R4;Vollverb: vnd trŏste sie vnd sprach, troesten statt trôst;hoch;troesten
WZB.tei.xml;WZB_54vb_23_3;tŏch;toech;pos-mehrdeutig;lemma_7861;Nu hatt der priester von siben **tŏch** EXO ter die quamen wasser schĕpfen vnd fulten die gerinne vnd begerten die schaf zu trenken ires vaters;der priester von siben **tŏch** EXO ter die quamen;REVIEW;aus-389;;;;#389 Z3: tŏch|ter, durch Blattmarker zerrissen (#390);;
WZB.tei.xml;WZB_55va_10_6;Lŏse;loese;lemma-mehrdeutig;lemma_3818 lemma_3837;Und vnser sprach N Nicht gee her czu **Lŏse** deine schuh von deinen fuzen wenne die stat an der du stest ist die heilige erde;Nicht gee her czu **Lŏse** deine schuh von deinen;ANNOTATE;;lexicon.xml#lemma_3837;VRB;R4;Vollverb: Lŏse deine schuh, Imperativ, lœsen statt lôs;hoch;lœsen
WZB.tei.xml;WZB_78rb_6_4;stŏre;stoere;lemma-mehrdeutig;lemma_5786 lemma_78709;Nicht bete an ir gŏte noch bowe ir nicht Nicht bow̆o ir werk svnder **stŏre** sie vnd zu brich ire seulen;bow̆o ir werk svnder **stŏre** sie vnd zu brich;ANNOTATE;;lexicon.xml#lemma_5786;VRB;R4;Vollverb: svnder stŏre sie vnd zu brich, Imperativ, stœren statt Name;hoch;stœren
WZB.tei.xml;WZB_91vb_19_2;lŏse;loese;lemma-mehrdeutig;lemma_3818 lemma_3837;Die erste gepurt des esils lose mit einem schafe Ist aber das du nicht lones dorumme gibst so sol man es tŏten Die erst geburt deiner svne **lŏse** noch erschein in meiner angesicht nicht ler;erst geburt deiner svne **lŏse** noch erschein in meiner;ANNOTATE;;lexicon.xml#lemma_3837;VRB;R4;Vollverb: erst geburt deiner svne lŏse, lœsen statt lôs;hoch;lœsen
WZB.tei.xml;WZB_98vb_8_5;vŏr;voer;pos-mehrdeutig;lemma_7194;Ouch richte her ouf das groze geczelt in dem vmringe dicz geczeldis vnd des alters czihende **vŏr** in dem ein gange einen vorhang Aber do alle dink volkomen wurden;vnd des alters czihende **vŏr** in dem ein gange;REVIEW;aus-389;;;;#389 Konfidenz mittel (ADV vs. PRP);;
