fall	glossar_id	glossar_titel	wortklasse_glossar	schreibvarianten_glossar	kandidat_art	lemma_id	lemma	pos	pos_alle	belege_im_korpus	belege_unten	hinweis
homograph	93	âme	Nomen	âme|amen	exakt	lemma_15723	âme	NOM	NOM	1	1	
homograph	93	âme	Nomen	âme|amen	exakt	lemma_15724	Ame	NAM	NAM	1	1	
homograph	93	âme	Nomen	âme|amen	exakt	lemma_29871	ame	PRO	PRO PRP	1	1	
kein-treffer	103	briech	Adjektiv/Adverb	briech	variante	lemma_32468	brî	ADJ	ADJ NOM	10	3	
kein-treffer	103	briech	Adjektiv/Adverb	briech	praefix	lemma_41601	Brie	NAM	NAM	1	1	
kein-treffer	103	briech	Adjektiv/Adverb	briech	edit1	lemma_18495	riech	ADJ	ADJ	1	1	
kein-treffer	103	briech	Adjektiv/Adverb	briech	edit1	lemma_34026	bræch	NOM	NOM	1	1	
kein-treffer	130	ungelabet	Adjektiv/Adverb	ungelabet|ungelabten	variante	lemma_16993	enlaben	ADV	ADV NEG VRB	2	2	
kein-treffer	130	ungelabet	Adjektiv/Adverb	ungelabet|ungelabten	edit1	lemma_6531	ungelobet	ADJ	ADJ NEG	7	3	
kein-treffer	135	genieʒen	Verb	geniuzet|niessent|niessen|niezen|niuzet	variante	lemma_2129	nieʒen	VRB	VRB	1590	3	
kein-treffer	135	genieʒen	Verb	geniuzet|niessent|niessen|niezen|niuzet	praefix	lemma_2128	geniez	NOM	NOM	29	3	
kein-treffer	135	genieʒen	Verb	geniuzet|niessent|niessen|niezen|niuzet	edit1	lemma_47674	geniezer	NOM	NOM	1	1	
kein-treffer	536	atzen	Verb	atzt|etzen	variante	lemma_22732	Atze	NAM	NAM	4	3	
kein-treffer	536	atzen	Verb	atzt|etzen	edit1	lemma_12213	Athen	NAM	NAM	72	3	
kein-treffer	536	atzen	Verb	atzt|etzen	edit1	lemma_36833	etzen	NOM	NOM VRB	9	3	
kein-treffer	536	atzen	Verb	atzt|etzen	edit1	lemma_47877	fatzen	VRB	VRB	2	2	
kein-treffer	536	atzen	Verb	atzt|etzen	edit1	lemma_54169	aetzen	VRB	VRB	0	0	
homograph	621	brâten	Verb	briet|gebraten|gebraten|gebraten|gebrâten|gebratens	exakt	lemma_60169	braten	VRB	VRB	1	1	
homograph	621	brâten	Verb	briet|gebraten|gebraten|gebraten|gebrâten|gebratens	exakt	lemma_829	brâten	VRB	VRB	239	3	
kein-treffer	694	enbîʒen (neg)	Verb	enbîzen|enbizzen	ohne-zusatz	lemma_1383	enbîʒen	ADV	ADV NEG NOM VRB	265	3	
kein-treffer	721	unernert	Adjektiv/Adverb	unernert|unernert|unernert	variante	lemma_14751	enernern	NEG	NEG VRB	18	3	
kein-treffer	721	unernert	Adjektiv/Adverb	unernert|unernert|unernert	praefix	lemma_74671	unernerter	ADJ	ADJ NEG NOM	1	1	
kein-treffer	721	unernert	Adjektiv/Adverb	unernert|unernert|unernert	edit1	lemma_8867	unerwert	ADJ	ADJ NEG	31	3	
kein-treffer	747	ungenôʒen	Adjektiv/Adverb	ungenozzen	variante	lemma_16007	ungenôze	ADJ	ADJ NEG NOM	13	3	
kein-treffer	747	ungenôʒen	Adjektiv/Adverb	ungenozzen	edit1	lemma_77928	engenôzen	NEG	NEG VRB	1	1	
kein-treffer	777	unverzert	Adjektiv/Adverb	unverzert|unverzert|unverzerten|vnverzert	variante	lemma_14398	enverzern	ADV	ADV NEG VRB	8	3	
kein-treffer	777	unverzert	Adjektiv/Adverb	unverzert|unverzert|unverzerten|vnverzert	praefix	lemma_74891	unverzerten	ADJ	ADJ NEG	1	1	
kein-treffer	777	unverzert	Adjektiv/Adverb	unverzert|unverzert|unverzerten|vnverzert	edit1	lemma_13951	unversêrt	ADJ	ADJ ADV NEG	32	3	
kein-treffer	777	unverzert	Adjektiv/Adverb	unverzert|unverzert|unverzerten|vnverzert	edit1	lemma_6650	unverhert	ADJ	ADJ NEG	8	3	
kein-treffer	1475	obleie	Nomen	oblei	praefix	lemma_23230	oblei	NOM	NOM	45	3	
homograph	1525	sat	Adjektiv/Adverb	sat|sat|sat|sat|sat	exakt	lemma_5041	sât	NOM	NOM	70	3	
homograph	1525	sat	Adjektiv/Adverb	sat|sat|sat|sat|sat	exakt	lemma_5122	sat	ADJ	ADJ ADV GRA	101	3	
kein-treffer	1759	slunthart	Nomen	slunthart	variante	lemma_25919	Slinthart	NAM	NAM	3	3	
kein-treffer	1442	schale	Nomen	schal|schale|schale	variante	lemma_5158	schal	NOM	NOM	1121	3	1 weitere Kandidaten nicht aufgefuehrt
kein-treffer	1442	schale	Nomen	schal|schale|schale	praefix	lemma_21888	Schaler	NAM	NAM	1	1	1 weitere Kandidaten nicht aufgefuehrt
kein-treffer	1442	schale	Nomen	schal|schale|schale	praefix	lemma_50644	schalelôs	ADJ	ADJ NEG	1	1	1 weitere Kandidaten nicht aufgefuehrt
kein-treffer	1442	schale	Nomen	schal|schale|schale	edit1	lemma_5148	schade	ADJ	ADJ ADV GRA NOM	601	3	1 weitere Kandidaten nicht aufgefuehrt
kein-treffer	1442	schale	Nomen	schal|schale|schale	edit1	lemma_5159	schalc	NOM	NOM VRB	248	3	1 weitere Kandidaten nicht aufgefuehrt
kein-treffer	1442	schale	Nomen	schal|schale|schale	edit1	lemma_5188	schate	NOM	NOM	134	3	1 weitere Kandidaten nicht aufgefuehrt
kein-treffer	1442	schale	Nomen	schal|schale|schale	edit1	lemma_32486	schabe	NOM	NOM	10	3	1 weitere Kandidaten nicht aufgefuehrt
kein-treffer	1442	schale	Nomen	schal|schale|schale	edit1	lemma_5164	schalte	NOM	NOM	7	3	1 weitere Kandidaten nicht aufgefuehrt
homograph	1913	ber	Nomen	ber|ber|ber|ber|ber|bere|per	exakt	lemma_518	ber	NOM	NOM	108	3	
homograph	1913	ber	Nomen	ber|ber|ber|ber|ber|bere|per	exakt	lemma_69011	bër	NOM	NOM	1	1	
homograph	1913	ber	Nomen	ber|ber|ber|ber|ber|bere|per	exakt	lemma_77573	ber	NOM	NOM	1	1	
kein-treffer	2009	zam (nom)	Nomen	zam|zam|zam|zam	ohne-zusatz	lemma_7758	zam	ADJ	ADJ ADV GRA NOM	61	3	
kein-treffer	1703	hërrenëʒʒen	Nomen	herren ezzen						0	0	
kein-treffer	1900	henne	Nomen	henne|henne|henne|henne|henne	variante	lemma_2961	huon	NOM	NOM	500	3	
kein-treffer	1900	henne	Nomen	henne|henne|henne|henne|henne	edit1	lemma_1117	denne	CNJ	CNJ	5536	3	
kein-treffer	1900	henne	Nomen	henne|henne|henne|henne|henne	edit1	lemma_2844	hinne	ADV	ADV	321	3	
kein-treffer	1900	henne	Nomen	henne|henne|henne|henne|henne	edit1	lemma_12195	tenne	NOM	NOM	11	3	
kein-treffer	2017	zam (adj)	Adjektiv/Adverb		ohne-zusatz	lemma_7758	zam	ADJ	ADJ ADV GRA NOM	61	3	
kein-treffer	2116	blancmanger	Nomen							0	0	
kein-treffer	2158	lêrchenvuoʒ	Nomen	lerchen fuoz						0	0	
kein-treffer	2248	pardrîsekîn	Nomen	pardrîsekîn	variante	lemma_4565	pardrîs	NOM	NOM	6	3	
kein-treffer	2264	rëphenne	Nomen	rephenne	variante	lemma_21938	rëphuon	NOM	NOM	34	3	
homograph	2324	diech	Nomen	diechlin|diehe	exakt	lemma_14782	diech	NOM	NOM	32	3	
homograph	2324	diech	Nomen	diechlin|diehe	exakt	lemma_8041	diech	ART	ART PRO	11	3	
kein-treffer	2332	phaffensnitz	Nomen	pfaffensnitze	edit1	lemma_60328	phaffensniz	NOM	NOM	1	1	
kein-treffer	2502	aschekuoche	Nomen	eschekuochen|ascherkuoche	edit1	lemma_48749	ascherkuoche	NOM	NOM	1	1	
kein-treffer	2587	brâmberstrûch	Nomen							0	0	
kein-treffer	2625	reckholterber	Nomen		praefix	lemma_26759	reckholter	NOM	NOM	3	3	
kein-treffer	2625	reckholterber	Nomen		edit1	lemma_26769	reckolterber	NOM	NOM	2	2	
kein-treffer	2635	wînber	Nomen		variante	lemma_24316	wînbere	NOM	NOM	106	3	
kein-treffer	2635	wînber	Nomen		edit1	lemma_7640	winter	ADV	ADV NOM	926	3	
kein-treffer	2635	wînber	Nomen		edit1	lemma_1333	einber	NOM	NOM	78	3	
kein-treffer	2635	wînber	Nomen		edit1	lemma_73151	winker	NOM	NOM	5	3	
kein-treffer	2665	grakölikin	Nomen	grakoelikin	variante	lemma_62068	krakeling	NOM	NOM	1	1	
