glossar_id	glossar_titel	lemma_id	lemma	nr	sigle	xml_id	kontext
93	âme	lemma_15723	âme	1	GRG	GRG_2600_4	dâ was mit voller [[âme]] diu werlt mit fröuden
93	âme	lemma_15724	Ame	1	BRF	BRF_55000_4	wolfrât swaz astolt unde [[ame]] hât daz sol mit
93	âme	lemma_29871	ame	1	ADP	ADP_9300100_11	si fieri potest transeat [[ame]] calix iste spititus quidem
103	briech	lemma_32468	brî	1	HUG	HUG_290490_3	tút krenken ir schlahent [[brey]] fúr gebratens dar und
103	briech	lemma_32468	brî	2	JEW	JEW_2753000000_5	sint niur zuo dem [[brîn]] kluoc die stîrer die
103	briech	lemma_32468	brî	3	KBL3	KBL3_9282031_1	aiern gibs hin haber [[prein]] und haber mel ze
103	briech	lemma_41601	Brie	1	CRO	CRO_295700_1	vnd ze britanie ze [[brie]] vnd vf tschampanie ze
103	briech	lemma_18495	riech	1	GRG	GRG_30330_5	si ist lüppic unde [[riech]] boeser gsellen wirt man
103	briech	lemma_34026	bræch	1	OVG	OVG_2147800_5	ir munz und ir [[gebræge]] ich hôrte daz er
130	ungelabet	lemma_16993	enlaben	1	AXS	AXS_4943000_0	bitter als ein galle [[ungelabet]] blibe wir alle dô
130	ungelabet	lemma_16993	enlaben	2	RF	RF_78400_3	hiez kein tier er [[vngelabt]] liez hern isengrine daz
130	ungelabet	lemma_6531	ungelobet	1	ER	ER_160200_0	muoz von mir belîben [[ungelobet]] nâch ir rehte wans
130	ungelabet	lemma_6531	ungelobet	2	FLG1	FLG1_7296480870_12	ir si ist gerne [[ungelobet]] in aller lúten gegenwertekeit
130	ungelabet	lemma_6531	ungelobet	3	FR1	FR1_5106010_8	wib dannoch sint vrouwen [[ungelobet]] da bi verobet der
135	genieʒen	lemma_2129	nieʒen	1	ABG	ABG_433020_10	ist lîden wan ez [[niuzet]] nieman mê êwiger süezicheit
135	genieʒen	lemma_2129	nieʒen	2	AC1	AC1_10160_11	gelobte die du beweinest [[genießen]] das ir nicht geschehe
135	genieʒen	lemma_2129	nieʒen	3	AC2	AC2_14050_3	gelobte die du beweinest [[genissen]] das ir nicht gescheche
135	genieʒen	lemma_2128	geniez	1	DML	DML_1990300_5	kerten in zu ir [[geniezze]] alle unser kraft und
135	genieʒen	lemma_2128	geniez	2	GGG	GGG_66100300_4	wir cherten ze ir [[geniezze]] alle unser chraft und
135	genieʒen	lemma_2128	geniez	3	GWTK	GWTK_401122340400_4	der erren priss uff [[geniess]] mit schwertten ofte hett
135	genieʒen	lemma_47674	geniezer	1	HTR	HTR_46790_5	ist vil lieber ein [[geniezelîn]] denne got des sprichet
536	atzen	lemma_22732	Atze	1	WVV	WVV_1155010800_4	alder einen wunderlîchen gêrhart [[atzen]] semir got und æze
536	atzen	lemma_22732	Atze	2	WVV	WVV_1155011200_2	guggaldei geschaffen den selben [[atzen]] gebent mir her sô
536	atzen	lemma_22732	Atze	3	WVV	WVV_1155011300_12	her hein sît du [[atzen]] hâst gegert owê daz
536	atzen	lemma_12213	Athen	1	AC1	AC1_18140_12	zu achademia und zu [[athenis]] mit hohen künstereichen meistern
536	atzen	lemma_12213	Athen	2	AC2	AC2_27030_2	zu achademia und zu [[athenis]] mit hohen kunstenreichen meistern
536	atzen	lemma_12213	Athen	3	AC3	AC3_19130_9	zu achademia vnd zu [[athenis]] mit hohen kunstenreichen meistern
536	atzen	lemma_36833	etzen	1	ADP	ADP_805000_1	tvochen in hvngerote siv [[azte]] in in dvrste siv
536	atzen	lemma_36833	etzen	2	KVO	KVO_1003900_5	leyt mich druber und [[acz]] mir gnuog der hunt
536	atzen	lemma_36833	etzen	3	MR2	MR2_31042210074100_1	da in vant das [[etzete]] ich us das is
536	atzen	lemma_47877	fatzen	1	NAR	NAR_8600500_6	schwig / vnd loß [[fattzen]] sich dann mancher sich
536	atzen	lemma_47877	fatzen	2	NAR	NAR_9803400_7	sie ler / vnd [[fatz]] doch ghoeren sie jnn
621	brâten	lemma_60169	braten	1	NBB	NBB_18493_3	lant ie bezzer kleider [[braten]] daz was hagenen leit
621	brâten	lemma_829	brâten	1	ABS	ABS_20010_4	niem ain leber und [[braut]] die und schnid darnach
621	brâten	lemma_829	brâten	2	AXR	AXR_1643200_3	berieten und unser kint [[brieten]] und mit ein ander
621	brâten	lemma_829	brâten	3	AXU	AXU_2417_5	sie gense und veiste [[brâten]] zern dâ mit sie
694	enbîʒen (neg)	lemma_1383	enbîʒen	1	AC2	AC2_24010_7	tages ir der frucht [[empeissent]] des todes wert ir
694	enbîʒen (neg)	lemma_1383	enbîʒen	2	AC3	AC3_17130_1	tages ir der frucht [[enbeisset]] des todes werdet ir
694	enbîʒen (neg)	lemma_1383	enbîʒen	3	ADP	ADP_7012800_4	herren zuo im und [[enbissen]] dik bi im so
721	unernert	lemma_14751	enernern	1	AK	AK_50316_3	enwert wand er waer [[unernert]] gewesen vor dem kristen
721	unernert	lemma_14751	enernern	2	CRO	CRO_2274800_3	gewert jch were gewesen [[vnhernert]] wann ich was wapens
721	unernert	lemma_14751	enernern	3	FLD	FLD_352070_4	der ist von im [[unernert]] für sin stürmen für
721	unernert	lemma_74671	unernerter	1	JT	JT_31204000_11	ob er belibet der [[unernerte]] ich mein der rat
721	unernert	lemma_8867	unerwert	1	AK	AK_48817_3	list heten sô gar [[unerwert]] der stat mûr verschert
721	unernert	lemma_8867	unerwert	2	AXH	AXH_552_0	rôt wîs und blâ [[unerwertes]] schînes dâ hundert leie
721	unernert	lemma_8867	unerwert	3	CR	CR_294_4	daz ist aber dem [[unerwert]] der staeteclîchen minnet vil
747	ungenôʒen	lemma_16007	ungenôze	1	CRO	CRO_5600_2	ligent schone ander sein [[vngenoz]] bei beidiu chupfer vnd
747	ungenôʒen	lemma_16007	ungenôze	2	DFR	DFR_3102310_3	meren ir genade heizet [[ungenoz]] da von sist hohe
747	ungenôʒen	lemma_16007	ungenôze	3	FLG1	FLG1_5169170090_12	alleine ich si din [[ungenos]] eya zuch mich herre
747	ungenôʒen	lemma_77928	engenôzen	1	ROT	ROT_19000_1	lobit indaz liet sie [[nigenoztin]] sich alle dar zo
777	unverzert	lemma_14398	enverzern	1	MSG	MSG_13909010_3	erwekchet sunst bestet es [[unverzert]] messen von beginne ganzer
777	unverzert	lemma_14398	enverzern	2	OVG	OVG_3253400_3	leben diu sint noch [[unverzert]] swaz mir die wîle
777	unverzert	lemma_14398	enverzern	3	REN	REN_106560_4	daz ir leben waer [[unverzert]] awe mir alyse awe
777	unverzert	lemma_74891	unverzerten	1	WH	WH_16012_1	ir bescheidenliche dort den [[unverzerten]] jamers hort der uf
777	unverzert	lemma_13951	unversêrt	1	AC1	AC1_11120_5	ir ganz reine und [[unversert]] oft mit merung widerkeret
777	unverzert	lemma_13951	unversêrt	2	AC2	AC2_15040_2	ir ganz rein und [[unversert]] volbracht oft mit mening
777	unverzert	lemma_13951	unversêrt	3	AC3	AC3_11210_9	ir ganz reine vnd [[vnuerseret]] oft mit merunge widerreichet
777	unverzert	lemma_6650	unverhert	1	AXR	AXR_563800_4	daz ez waer iemer [[unverhert]] wan daz gebirge und
777	unverzert	lemma_6650	unverhert	2	AXS	AXS_3776000_0	rîche imer mêr fridelîche [[unverhert]] und unverbrant kuningis name
777	unverzert	lemma_6650	unverhert	3	AXU	AXU_4650_3	hân man sol mirz [[unverheret]] lân der liute sol
1475	obleie	lemma_23230	oblei	1	ANN	ANN_36050_1	sûhter munistere manige sîn [[oblei]] her mit imi druog
1475	obleie	lemma_23230	oblei	2	HTR	HTR_171410_2	bluot verzert uneben pfaffen [[oblei]] und klôster ampt habent
1475	obleie	lemma_23230	oblei	3	HZU	HZU_331316042404_14	vorgenanten pfenning ze ierer [[oblay]] die man in alle
1525	sat	lemma_5041	sât	1	AXU	AXU_8376_6	im herbste wirfet die [[sât]] wie sich unser sanc
1525	sat	lemma_5041	sât	2	AXW	AXW_385500_4	die erd zu der [[saütt]] dürffe wir nit drat
1525	sat	lemma_5041	sât	3	BAR	BAR_9556_4	draete boume gras und [[saete]] sô daz verstât in
1525	sat	lemma_5122	sat	1	AK	AK_52737_2	sîn her roubens wurden [[sat]] dô fuorn si von
1525	sat	lemma_5122	sat	2	AMI	AMI_236_5	liez in nie werden [[sat]] ditz tet der phaffe
1525	sat	lemma_5122	sat	3	AT	AT_1223_11	ich mache in strîtes [[sat]] von der heide grüene
1759	slunthart	lemma_25919	Slinthart	1	DJEM	DJEM_200215_6	sit ein slic ein [[slunthart]] unde ein ougenschalc mit
1759	slunthart	lemma_25919	Slinthart	2	HTR	HTR_16860_2	rossemort und felschenwint âbrust [[slinthart]] und sîniu kint diepolt
1759	slunthart	lemma_25919	Slinthart	3	HTR	HTR_90740_0	trügenhart smeichart swerolt glîchsenhart [[slinthart]] krazhart jüdenbart lêrenbiutel und
1442	schale	lemma_5158	schal	1	ABS	ABS_80010_6	kreps und nyem die [[schallan]] also ganz davon nyem
1442	schale	lemma_5158	schal	2	ADP	ADP_303900_13	ane div rinde div [[schale]] der cherne div bitteri
1442	schale	lemma_5158	schal	3	AK	AK_52506_3	alle der soldan mit [[schalle]] die selben stat ouch
1442	schale	lemma_21888	Schaler	1	PRT	PRT_183_0	meine daz ist der [[schaler]] mîn her pêter der
1442	schale	lemma_50644	schalelôs	1	RVBR	RVBR_10811_2	sache hæle alsam ein [[schalelôsez]] ei dâ von swâ
1442	schale	lemma_5148	schade	1	AC1	AC1_13260_1	mich ungeheurer verlust michels [[schadens]] unsegeliches trübsals und jemerliches
1442	schale	lemma_5148	schade	2	AC2	AC2_18140_4	mich ungeheuers verlusts michels [[schadens]] unseligs trubsals unde iemerliches
1442	schale	lemma_5148	schade	3	AC3	AC3_13330_3	mich vngeheurer verluste michels [[schadens]] vnsegeliches trubsals vnd jemerliches
1442	schale	lemma_5159	schalc	1	ADP	ADP_206100_4	der vns vone gevangenen [[schalchin]] in sineme riche gemachot
1442	schale	lemma_5159	schalc	2	AK	AK_50489_1	von dannen ziehen die [[schelke]] ungetriwen blâsen unde briwen
1442	schale	lemma_5159	schalc	3	ANN	ANN_4020_1	virspûn den man zi [[scalke]] wolter un havin sô
1442	schale	lemma_5188	schate	1	AC1	AC1_32170_6	der schein noch der [[schate]] nicht beleiben merk brüfe
1442	schale	lemma_5188	schate	2	AC2	AC2_52030_3	der schein noch der [[schatten]] nicht bleiben merke brüfe
1442	schale	lemma_5188	schate	3	AC3	AC3_36030_9	der schein noch der [[schate]] nicht beleiben merke prufe
1442	schale	lemma_32486	schabe	1	AC2	AC2_5030_9	wart zu mir gesprochen [[schab]] ab bei trubem getrank
1442	schale	lemma_32486	schabe	2	AC3	AC3_5080_4	wirt zu mir gesprochen [[schab]] ab bei trubem getranke
1442	schale	lemma_32486	schabe	3	JT	JT_62223000_5	daz holtz kein fiwer [[schab]] noch ander marwe oben
1442	schale	lemma_5164	schalte	1	NBB	NBB_3771_4	sivrit do balde eine [[scalten]] gewan von stade begvnde
1442	schale	lemma_5164	schalte	2	NLB	NLB_3791_4	sîvrit dô balde eine [[scalten]] gewan von stade begunde
1442	schale	lemma_5164	schalte	3	VIR	VIR_27501_1	ein rehter boesewiht ich [[schalte]] ein horn von stimmen
1913	ber	lemma_518	ber	1	ANN	ANN_13010_5	ander dier was ein [[beri]] wilde her havide drîvalde
1913	ber	lemma_518	ber	2	AXU	AXU_21080_3	was daz ander ein [[ber]] als ichz las daz
1913	ber	lemma_518	ber	3	BOP	BOP_5991114_3	ein daz er eyn [[bern]] alleine getorste fellen vnd
1913	ber	lemma_69011	bër	1	KME	KME_108070_0	macht man von den [[pernn]] die man vber mer
1913	ber	lemma_77573	ber	1	RCC	RCC_4865000_6	die van der alder [[beerin]] do geinck it sich
2009	zam (nom)	lemma_7758	zam	1	AGS	AGS_104100110_4	sol er denne werden [[zam]] so getriu und so
2009	zam (nom)	lemma_7758	zam	2	BRW	BRW_120020_7	allez undertan wilt unde [[tzam]] unz an ein tzil
2009	zam (nom)	lemma_7758	zam	3	BUS	BUS_18100270_4	mache mir din gnade [[zam]] und mache mich dir
1900	henne	lemma_2961	huon	1	ABS	ABS_11020_6	tuben oder ain junges [[huon]] ze klainen stucken row
1900	henne	lemma_2961	huon	2	AC1	AC1_9070_12	gefallen tot ist die [[henne]] die ausgezogen hat soliche
1900	henne	lemma_2961	huon	3	AC2	AC2_12060_5	gevallen tot ist die [[henne]] die do auszzog sollich
1900	henne	lemma_1117	denne	1	ABG	ABG_432050_13	wie vil mê sûmet [[denne]] gegen gote der ungeordente
1900	henne	lemma_1117	denne	2	ABS	ABS_11030_1	würflot und leg es [[denn]] in den scherben und
1900	henne	lemma_1117	denne	3	AC2	AC2_34180_3	nit mussig sein wurde [[denn]] deme sin gute gedenke
1900	henne	lemma_2844	hinne	1	AT	AT_82_3	hêr dietrîch wil dû [[hinne]] rîten sô brichstû sicherlîch
1900	henne	lemma_2844	hinne	2	AXS	AXS_4488000_2	mit scanden von uns [[hinne]] rûmen ouh gebeite ih
1900	henne	lemma_2844	hinne	3	AXU	AXU_2592_3	rîten ir sult mîn [[hinne]] bîten sît bî guotem
1900	henne	lemma_12195	tenne	1	HBR	HBR_31600_3	etewenne korn ûf dem [[tenne]] mit der drischele ûz
1900	henne	lemma_12195	tenne	2	HTR	HTR_122840_6	kluckende gênt über den [[tenne]] durch den tac als
1900	henne	lemma_12195	tenne	3	JT	JT_22151000_3	groze die burgoneis und [[tenne]] gein ander uf der
2017	zam (adj)	lemma_7758	zam	1	AGS	AGS_104100110_4	sol er denne werden [[zam]] so getriu und so
2017	zam (adj)	lemma_7758	zam	2	BRW	BRW_120020_7	allez undertan wilt unde [[tzam]] unz an ein tzil
2017	zam (adj)	lemma_7758	zam	3	BUS	BUS_18100270_4	mache mir din gnade [[zam]] und mache mich dir
2248	pardrîsekîn	lemma_4565	pardrîs	1	JT	JT_6311000_1	eteslichen da seltsene mit [[pardris]] und lampriden vil manigen
2248	pardrîsekîn	lemma_4565	pardrîs	2	KME	KME_71020_0	nature atque domestica galina [[perdice]] frigidior est caro eius
2248	pardrîsekîn	lemma_4565	pardrîs	3	PZ	PZ_13128_3	wîn und ouch zwei [[pardrîsekîn]] als si ein juncvrouwe
2264	rëphenne	lemma_21938	rëphuon	1	ABS	ABS_50040_7	darin nach du geben [[rebhüner]] vögel und zame hüner
2264	rëphenne	lemma_21938	rëphuon	2	DES2	DES2_191252150_0	ßo magstu machen hünre [[rephünre]] tuben vnd fasand als
2264	rëphenne	lemma_21938	rëphuon	3	DJEM	DJEM_10507_13	musar vet vür die [[rephunre]] muse ho edel man
2324	diech	lemma_14782	diech	1	AXU	AXU_6878_3	schôz daz ir daz [[diehel]] erblecte blôz in sô
2324	diech	lemma_14782	diech	2	ENE	ENE_72210_2	den wîgant daz zesewe [[diech]] slûch her im abe
2324	diech	lemma_14782	diech	3	FD	FD_54804_5	satzt ich ûf mîn [[diech]] daz mîn sîn sper
2324	diech	lemma_8041	diech	1	BRF	BRF_79640_2	versûmet hân diu zuht [[diech]] an iu hân getân
2324	diech	lemma_8041	diech	2	GVE	GVE_202002000_0	reine und wol geborn [[diech]] ze frouwen han erkorn
2324	diech	lemma_8041	diech	3	NEIR	NEIR_403040_0	ungevuege ich vil verswige [[diech]] den liuten nimmer halb
2332	phaffensnitz	lemma_60328	phaffensniz	1	KVO	KVO_301700_2	niht fliehe und die [[pfaffensnitze]] dabi so woelt ich
2502	aschekuoche	lemma_48749	ascherkuoche	1	FLG	FLG_2301080_6	mit grosser jamerkeit den [[eschekuochen]] miner bloedekeit und ich
2625	reckholterber	lemma_26759	reckholter	1	ABS	ABS_140010_1	nit gewonlich reckolterfogel niem [[reckolter]] fogel die suber beraitt
2625	reckholterber	lemma_26759	reckholter	2	KBL4	KBL4_731171020_0	oder an hüner sud [[rekolter]] fogel gar wol jn
2625	reckholterber	lemma_26759	reckholter	3	ABS	ABS_140050_6	pfannen und gib die [[reckolter]] fogel darin bernkopf ain
2625	reckholterber	lemma_26769	reckolterber	1	ABS	ABS_200020_7	mach ain füllin von [[reckolterber]] und speck und ayer
2625	reckholterber	lemma_26769	reckolterber	2	ABS	ABS_200030_10	und grien bieren und [[reckolterber]] und peterlin gehackt und
2635	wînber	lemma_24316	wînbere	1	ABS	ABS_12020_5	von figen und mit [[winbern]] ouch macht man sy
2635	wînber	lemma_24316	wînbere	2	AXR	AXR_1758700_3	manecvalt ephel nüzze und [[wînber]] und vische sô vil
2635	wînber	lemma_24316	wînbere	3	BRIX	BRIX_12301071_4	ein gut reindel von [[weinper]] so nim auff ein
2635	wînber	lemma_7640	winter	1	AC1	AC1_33010_10	der herbest und der [[winter]] die vier erquicker und
2635	wînber	lemma_7640	winter	2	AC2	AC2_53050_10	der herbst unde der [[winter]] die vier erquicker unde
2635	wînber	lemma_7640	winter	3	AC3	AC3_37140_10	der herbest vnd der [[winter]] die vier erquicker vnd
2635	wînber	lemma_1333	einber	1	AC1	AC1_24160_2	übelriechender harmkrug ein übelsmeckender [[eimer]] ein betrieglicher tockenschein ein
2635	wînber	lemma_1333	einber	2	AC2	AC2_36130_5	ubelrichender harnkruk ein ubelsmeckender [[eimer]] ein betrigender totenschein ein
2635	wînber	lemma_1333	einber	3	AC3	AC3_26040_2	vbelriechender harnkrug ein vbelsmeckender [[eimer]] ein betriegender tockenschein ein
2635	wînber	lemma_73151	winker	1	CEFB	CEFB_51000140100_0	achsel stürtzen werffen wecker [[wincker]] wurff auß dem sturtz
2635	wînber	lemma_73151	winker	2	CEFB	CEFB_162000452400_4	/ der geferhaw der [[wincker]] die xvij hauptstuck i
2635	wînber	lemma_73151	winker	3	CEFB	CEFB_201000501510_0	sein angesicht zur rechten [[wincker]] den wincker solt erstrecken
2665	grakölikin	lemma_62068	krakeling	1	KVO	KVO_512900_3	gesigen hefen daz heizzet [[grakoelikin]] daz izzet man bi
