glossar_id	glossar_titel	wortklasse_glossar	lemma_id	lemma	pos	pos_alle	belege_im_korpus
5	brî	Nomen	lemma_32468	brî	ADJ	ADJ NOM	10
125	briutelabe	Nomen	lemma_14792	briutelabe	NOM	NOM	1
152	kunrieren	Verb	lemma_3540	kunrieren	NOM	NOM VRB	12
160	laben	Verb	lemma_3569	laben	VRB	VRB	159
166	magenvröude	Nomen	lemma_46233	magenvröude	NOM	NOM	1
178	phrüende	Nomen	lemma_4659	phrüende	NOM	NOM	121
218	vermesten	Verb	lemma_33259	vermesten	VRB	VRB	1
225	wanne	Nomen	lemma_18414	wanne	NOM	NOM	6
252	wirt	Nomen	lemma_7652	wirt	NOM	NOM	2339
268	wirten	Verb	lemma_7653	wirten	VRB	VRB	3
280	wirtinne	Nomen	lemma_7654	wirtinne	NOM	NOM	190
295	wirtliute	Nomen	lemma_37750	wirtliute	NOM	NOM	7
312	wirtshûs	Nomen	lemma_38264	wirtshûs	NOM	NOM	2
322	zergelt	Nomen	lemma_14566	zergelt	NOM	NOM	1
331	zergeselle	Nomen	lemma_31304	zergeselle	NOM	NOM	1
348	galander	Nomen	lemma_1867	galander	NOM	NOM	51
358	latech	Nomen	lemma_3633	latech	NOM	NOM	7
366	purzel	Nomen	lemma_4766	purzel	NOM	NOM	1
382	vînæger	Nomen	lemma_7054	vînæger	NOM	NOM	2
387	eʒʒich	Nomen	lemma_1765	ezzich	NOM	NOM VRB	201
408	eʒʒichkruoc	Nomen	lemma_37914	ezzichkruoc	NOM	NOM	4
421	eʒʒichvaʒ	Nomen	lemma_48519	ezzichvaz	NOM	NOM	1
432	abebîʒen	Verb	lemma_27894	abebîʒen	PRP	PRP VRB	3
434	gîselitze	Nomen	lemma_51023	gîselitze	NOM	NOM	8
489	âbentëʒʒen	Nomen	lemma_9647	âbentezzen	NOM	NOM	16
496	abevrëʒʒen	Verb	lemma_37587	abevrezzen	ADV	ADV VRB	1
502	agraʒ	Nomen	lemma_84	agraz	NOM	NOM	10
518	apfelbiʒ	Nomen	lemma_26755	apfelbiʒ	NOM	NOM	2
539	etzen	Verb	lemma_36833	etzen	NOM	NOM VRB	9
560	atze	Nomen	lemma_22732	Atze	NAM	NAM	4
579	barn	Nomen	lemma_393	barn	NOM	NOM	20
596	biʒʒe	Nomen	lemma_16373	biʒʒe	NOM	NOM	13
606	brâte	Nomen	lemma_828	brâte	NOM	NOM	237
631	darben	Verb	lemma_1079	darben	VRB	VRB	55
632	erdarben	Verb	lemma_54288	erdarben	VRB	VRB	1
666	döuwen	Verb	lemma_25279	döuwen	VRB	VRB	17
676	döuwunge	Nomen	lemma_48827	döuwunge	NOM	NOM	3
682	durchkifen	Verb	lemma_35739	durchkifen	VRB	VRB	1
687	einsidelspîse	Nomen	lemma_53508	einsidelspîse	NOM	NOM	1
697	enbîʒen	Verb	lemma_1383	enbîʒen	ADV	ADV NEG NOM VRB	265
730	enëʒʒen	Verb	lemma_9646	enezzen	NEG	NEG VRB	36
761	enhungern	Verb	lemma_22877	enhungern	NEG	NEG VRB	2
766	ennern	Verb	lemma_13409	ennern	NEG	NEG VRB	24
791	erdürsten	Verb	lemma_1550	erdürsten	VRB	VRB	9
797	ernern	Verb	lemma_1626	ernern	VRB	VRB	531
806	ervrëʒʒen	Verb	lemma_30055	ervrezzen	VRB	VRB	2
822	ëʒʒen	Verb	lemma_1764	ëʒʒen	NOM	NOM VRB	3507
832	ëʒʒenzît	Nomen	lemma_8341	ezzenzît	NOM	NOM	16
845	ëʒʒer	Nomen	lemma_51431	ezzer	NOM	NOM	2
850	ëʒʒgeverte	Nomen	lemma_38094	ezzgeverte	NOM	NOM	1
857	tischgeverte	Nomen	lemma_30835	tischgeverte	NOM	NOM	1
861	ëʒʒhaft	Adjektiv/Adverb	lemma_51251	ezzhaft	ADJ	ADJ	1
867	grandmangerie	Nomen	lemma_41008	grandmangerîe	NOM	NOM	1
888	gemaʒʒe	Nomen	lemma_11434	gemazze	NOM	NOM	11
911	genern	Verb	lemma_2122	genern	NOM	NOM VRB	205
916	geslëcke	Nomen	lemma_37594	geslëcke	NOM	NOM	3
932	geslende	Nomen	lemma_2235	geslende	NOM	NOM	5
945	gula	Nomen	lemma_37459	gula	NOM	NOM	1
952	gurgel	Nomen	lemma_9838	gurgel	NOM	NOM	8
958	hunger	Nomen	lemma_2954	hunger	NOM	NOM	589
962	krapfe	Nomen	lemma_3445	krapfe	NOM	NOM	70
980	hungerc	Adjektiv/Adverb	lemma_2955	hungerc	ADJ	ADJ ADV	78
988	hungergît	Nomen	lemma_18972	hungergît	NOM	NOM	1
993	hungerjâr	Nomen	lemma_30298	hungerjâr	NOM	NOM	6
1002	hungerlëben	Nomen	lemma_12714	hungerleben	NOM	NOM	1
1011	hungerlachen	Nomen	lemma_49866	hungerlachen	NOM	NOM	1
1025	hungertuoch	Nomen	lemma_24694	hungertuoch	NOM	NOM	4
1033	hungerlëwe	Nomen	lemma_41826	hungerlewe	NOM	NOM	1
1038	hungermælic	Adjektiv/Adverb	lemma_12716	hungermælic	ADJ	ADJ	3
1044	hungern	Verb	lemma_12713	hungern	VRB	VRB	68
1050	hungernôt	Nomen	lemma_8462	hungernôt	NOM	NOM	8
1059	hungerrîche	Adjektiv/Adverb	lemma_46445	hungerrîche	ADJ	ADJ	1
1069	jûs	Nomen	lemma_28560	jûs	NOM	NOM	2
1084	jûsen	Verb	lemma_36629	jûsen	VRB	VRB	3
1088	kerrîne	Nomen	lemma_33112	kerrîne	NOM	NOM	6
1105	kiuwen	Verb	lemma_3326	kiuwen	NOM	NOM VRB	38
1113	kiuwe	Nomen	lemma_9894	kiuwe	NOM	NOM	12
1121	koste	Nomen	lemma_3414	koste	NOM	NOM	755
1136	labunge	Nomen	lemma_56828	labunge	NOM	NOM	9
1146	lëcken	Verb	lemma_3666	lecken	VRB	VRB	36
1153	Lêrennapf	Name	lemma_47803	Lêrennapf	NAM	NAM	1
1159	letzen	Verb	lemma_3725	letzen	VRB	VRB	331
1168	lîpnar	Nomen	lemma_3742	lîpnar	NOM	NOM	85
1180	lîpnarunge	Nomen	lemma_56848	lîpnarunge	NOM	NOM	7
1192	lîprât	Nomen	lemma_30919	lîprât	NOM	NOM	2
1210	mangerîe	Nomen	lemma_10735	mangerîe	NOM	NOM	2
1226	manger	Nomen	lemma_3970	manger	NOM	NOM	6
1242	maʒgenôʒe	Nomen	lemma_24722	mazgenôze	NOM	NOM	1
1254	mesten	Verb	lemma_9652	mesten	NOM	NOM VRB	32
1266	molchen	Nomen	lemma_15342	molchen	NOM	NOM	8
1270	muoshûs	Nomen	lemma_4263	muoshûs	NOM	NOM	13
1277	nagen	Verb	lemma_12655	nagen	NOM	NOM VRB	83
1290	nahtëʒʒen	Nomen	lemma_23715	nahtëʒʒen	NOM	NOM	17
1297	nar	Nomen	lemma_4312	nar	NOM	NOM	67
1313	narunge	Nomen	lemma_21289	narunge	NOM	NOM	66
1328	naschen	Verb	lemma_57919	naschen	VRB	VRB	5
1331	klîbasche	Nomen	lemma_39852	klîbasche	NOM	NOM	1
1426	nern	Verb	lemma_4335	nern	VRB	VRB	441
1434	nieʒen	Verb	lemma_2129	nieʒen	VRB	VRB	1590
1438	nüehtern	Adjektiv/Adverb	lemma_4433	nüehtern	ADJ	ADJ ADV	27
1439	kërne	Nomen	lemma_3288	kerne	NOM	NOM	55
1444	wîn	Nomen	lemma_7532	wîn	NOM	NOM	1715
1456	spîse	Nomen	lemma_5669	spîse	NOM	NOM	1878
1483	profant	Nomen	lemma_26631	profant	NOM	NOM	14
1493	quërder	Nomen	lemma_15344	quërder	NOM	NOM	16
1503	salse	Nomen	lemma_5077	salse	NOM	NOM	103
1571	saten	Verb	lemma_5132	saten	VRB	VRB	33
1596	setigen	Verb	lemma_57978	setigen	VRB	VRB	14
1604	slâftrinken	Nomen	lemma_11258	slâftrinken	NOM	NOM	15
1611	slëc	Nomen	lemma_39229	slëc	NOM	NOM	1
1628	slicken	Verb	lemma_30722	slicken	VRB	VRB	4
1635	Slickenwider	Name	lemma_12466	Slickenwider	NAM	NAM	2
1643	slinden	Verb	lemma_15479	slinden	VRB	VRB	49
1664	Lemberslint	Name	lemma_12465	Lemberslint	NAM	NAM	27
1676	Schlinddenspek	Name	lemma_30647	Schlinddenspek	NAM	NAM	4
1685	klamirre	Nomen	lemma_12317	klamirre	NOM	NOM	1
1694	visch	Nomen	lemma_7100	visch	NOM	NOM	685
1739	slintraben	Nomen	lemma_48057	slintraben	NOM	NOM	1
1744	Slintezgeu	Name	lemma_12539	Slintezgeu	NAM	NAM	6
1753	Slinthart	Name	lemma_25919	Slinthart	NAM	NAM	3
1808	verslûchen	Verb	lemma_30778	verslûchen	VRB	VRB	1
1813	slucken	Verb	lemma_22731	slucken	VRB	VRB	5
1821	slunt	Nomen	lemma_18725	slunt	NOM	NOM	59
1905	huon	Nomen	lemma_2961	huon	NOM	NOM	500
1919	lamprîde	Nomen	lemma_3592	lamprîde	NOM	NOM	15
1921	niunouge	Nomen	lemma_26941	niunouge	NOM	NOM	2
1932	jeroffel	Nomen	lemma_3122	jeroffel	NOM	NOM	1
1952	nagel	Nomen	lemma_4302	nagel	NOM	NOM	257
1973	kâriôfel	Nomen	lemma_60491	kâriôfel	NOM	NOM	1
1983	wilt	Nomen	lemma_7627	wilt	NOM	NOM	116
1984	wilde	Adjektiv/Adverb	lemma_7615	wilde	ADJ	ADJ ADV GRA NOM	1401
1996	wiltbrât	Nomen	lemma_7628	wiltbrât	NOM	NOM	152
2074	ei	Nomen	lemma_1324	ei	NOM	NOM	747
2084	brôt	Nomen	lemma_879	brôt	NOM	NOM	1339
2114	blâmensier	Nomen	lemma_18205	blâmensier	NOM	NOM	23
2163	lêrche	Nomen	lemma_3654	lêrche	NOM	NOM	63
2176	amsel	Nomen	lemma_24414	amsel	NOM	NOM	6
2192	phâwe	Nomen	lemma_4614	phâwe	NOM	NOM	64
2210	ant	Nomen	lemma_241	ant	NOM	NOM	29
2223	antvogel	Nomen	lemma_29185	antvogel	NOM	NOM	6
2241	pardrîs	Nomen	lemma_4565	pardrîs	NOM	NOM	6
2253	rëphuon	Nomen	lemma_21938	rëphuon	NOM	NOM	34
2284	gans	Nomen	lemma_1910	gans	ADJ	ADJ NOM	154
2318	hût	Nomen	lemma_2939	hût	NOM	NOM	416
2357	vlügel	Nomen	lemma_7140	vlügel	NOM	NOM	62
2415	kemenâte	Nomen	lemma_3281	kemenâte	NOM	NOM	584
2491	apfelmuos	Nomen	lemma_26754	apfelmuos	NOM	NOM	4
2511	bîgerihte	Nomen	lemma_26982	bîgerihte	NOM	NOM	3
2539	apfel	Nomen	lemma_261	apfel	NOM	NOM	450
2542	muos	Nomen	lemma_4261	muos	NOM	NOM	185
2579	brâmber	Nomen	lemma_22022	brâmber	NOM	NOM	5
2593	ërtber	Nomen	lemma_38608	ërtber	NOM	NOM	5
2602	heidelber	Nomen	lemma_47448	heidelber	NOM	NOM	1
2619	lôrber	Nomen	lemma_12708	lôrber	NOM	NOM	7
2630	wëcholterber	Nomen	lemma_47474	wëcholterber	NOM	NOM	2
2651	wîntrûbe	Nomen	lemma_26945	wîntrûbe	NOM	NOM	18
2654	trûbe	Nomen	lemma_15282	trûbe	NOM	NOM	56
2715	lëbersol	Nomen	lemma_62533	lëbersol	NOM	NOM	1
2731	lëberwurst	Nomen	lemma_62548	lëberwurst	NOM	NOM	1
